content,score,label
aplikasi ini bagus untuk lagu rohani Kristen terbaru,5,positif
kikir,3,netral
oke aku senang denger lagu lagunya tp iklannya jgn banyak banyak ya,5,positif
banyak iklaannnn,5,positif
"memilih lagu untuk diputar masih ada limit,jika sudah mencapai limit harus menunggu sampai besok/harus berlangganan",2,negatif
ok,5,positif
ya bagus kalau bisa gratis aja,4,positif
jelek,1,negatif
bisa buka aplikasi lain sambil dgr musik,5,positif
bagus,5,positif
bagus banget,5,positif
LAGU BASMALAH ENAK BANGET 🫪,5,positif
baguss banget minnn,5,positif
"saran saya tolong jangan perbanyak iklan,dan tolong jangan membayar jika ingin mendengarkan lagu lagi....",3,netral
"sebagai pengguna gratisan agak kecewa karena cuman bisa dengerin 3 lagu pilihan sisa nya random, minimal 5 jangan 3 banget",1,negatif
bagus bagus ajasih tapi iklan nya sampai 3 kali putar males banget😤,3,netral
bugusss sekaliiiii,5,positif
bagus lagunya banyak lagunya,5,positif
Bagus sekali...apalagi lagu lagunya itu,5,positif
"lgunya enak,, asik,, 👍👍👍👍👍⭐👍⭐👍⭐",5,positif
keren,5,positif
harus nya kalo setel video nanti urut ke history nya perbaiki ya😁,3,netral
aplikasi nya bagus,5,positif
bagus bujur masa gk ada yg mau download dari dulu sih bah aku tau aplikasi in ty udh aku download m,5,positif
iklannya norak,4,positif
sangat seru,5,positif
anjay asek cokk gokill,5,positif
bagus,5,positif
aplikasi ini sangat bagus tapi ada sedikit saran dari saya coba kurangkan iklan agar tidak banyak org yg menggu hanya untuk mendengarkan lagu,5,positif
bisa jadi keren lagu bagus,4,positif
keren buanhet,5,positif
"kenapa download vidio harus pitur premium, dulu gk gini",1,negatif
mantep mantep lagu nya,5,positif
mantap sekali aplikasi nya 👍👍👍,5,positif
"aplikasi ini sudah cukup baik ,tapi iklannya yang berlebihan.",4,positif
suka banget karena bisa dengerin musik sepuasnya,5,positif
Lagunya lengkap Asuk Bisa tetapi hidup Walaupun kita bisa aplikasi lain,4,positif
Enak,5,positif
bagus banget,5,positif
hebat,5,positif
"kenapa harus ada iklan, mending iklan nya dihapus saja",3,netral
"baguss mines kebanyakan ikln, tpi ttp topp",5,positif
pokok nya top banget bisa dengerin online sama offline,5,positif
cocok bisa buat kerja bisa buat nyanyi nyanyi ih pokoknya seru,5,positif
nice,5,positif
ok app nya,5,positif
bagus,5,positif
Bagus dan banyak lagu yg terkenal,5,positif
"sangat bagus, dan aku tertarik untuk memakai ini setiap mau tidur",5,positif
bagus lagu semua lengkap,5,positif
bisa nyalain lagu apa saja,5,positif
BAGUS BET COK WAJIB DIKASI 5 BINTANG 🌟.,5,positif
🤩🤩,5,positif
bagus bet buat main game,5,positif
bagus aja sih,5,positif
app musik yang bagus saya suka musiknya beragam,5,positif
apalah pas main game musik nya suka mati sendiri males dengernya iya memang enak dengerin nya apalagi pas sambil main game lah pas aku mau masuk game tiba tiba mati knp sih?,1,negatif
bagus banget bisa dengerin musik kapan aj..,5,positif
pilihan yg sangat lengkap gampang untuk mencari sebuah lagu🎶,5,positif
musiknya bagus 👍,5,positif
"lagunya sesuai dengan keinginan ku , semuanya ada😍",5,positif
enak banget tapi cuma bisa di putar beberapa lagu,5,positif
burik sekarangg mah banyakk iklan nya,1,negatif
"musik tiba' mati sendiri, kocakk. maless bangett, sebel tauu gakk! udah aku kembali, keluar akun, hapus apk tetep ajaa kya gitu, juga iklan nya banyak! kalo iklan masih oke, ya ini musik mati sendiri ngeselinn.",1,negatif
kenapa sekarang iklannya nyampe 3 woi😭😭 sampe hafal dialog iklannya aku...,3,netral
bagus untuk saya sad /main game,5,positif
kikir bet Jing😹,1,negatif
"aplikasi gila,masa sekali iklan 4 biji,kadang 5 biji",1,negatif
iklannya ilangin bakalan dikasih bintang 5😁👍,4,positif
bagus banget aplikasi nya...seru sih meskipun banyak iklan,5,positif
"apk nya sangat bagus sehingga saya bisa memberikan bintang 5,iklan nya jarang+lagu lengkap",5,positif
menurut saya aplikasi ini bagus tapi pas enak²nya ngedengerin musik tiba tiba ada ikatan yang muncul dan juga enggak bisa di lawati padahal masih enak²nya dengerin musik Mala muncul ikutan mana lagi banyak kadang² 1-3 iklan yang muncul tolong iklanya bisa dihilangin enggak atau sedikit gitu 1 ikutan aja udh cukup plis biar nyaman jadinya ngedengerin musik🙏,3,netral
apk kikir anjg iklanya 5 kali stiap 1 lagu,1,negatif
𝗯𝗮𝗴𝘂𝘀 𝗺𝗮𝗻𝘁𝗮𝗽 𝗲𝗻𝗮𝗸 𝗹𝗮𝗵 𝗹𝗮𝗴𝘂 𝗻𝘆𝗮 𝗱𝗶 𝘀𝗽𝗼𝘁𝗶𝗳𝘆,3,netral
bagus,4,positif
bagus bisa dengar lagu buatan idola,5,positif
oke banget,5,positif
"bagus, ok, bikin ange",5,positif
bagus,5,positif
Good app forever,5,positif
banyak iklan jadi males,1,negatif
bagus bgt,5,positif
aplikasi ini gacor,5,positif
ini cukup bagus tapi ada iklan nya,4,positif
aplikasi nya keren semua lagu dan genre ada,5,positif
sangat bagus 🙏🙏🙏🙏🙏,5,positif
iklan banyak sama kalau mau ganti lagu harus bayar perasaan fulu gak gini plis tolong perbaiki,1,negatif
sudah bagus sihh? tapi tolong iklanya kuranggi atau hilanggin aja deh ..... jadinya kalo mau ndenggerin jadi GK enak,5,positif
ini aplikasii sangat bagus tapi hanya 1 kekurangan nya yaitu setiap saya mendengarkan lagu tolong iklan nya di hilangkan saja sangat mengganggu atau di ringan kan dikit iklannya jangan terlalu banyak jadi saya hanya berikan 4 bintang ⭐ semoga Ulsan saya bermanfaat sekian trimakasih ♥︎♥︎ᜊᥫ᭡❥❦❧,4,positif
ko sekarang jadi banyak iklan yah ? kalau gini trs mending di YouTube sih percuma di sini juga 😑😑,1,negatif
"enak, ngga harus standby hp nya...tdk spt youtube hp harus standby",5,positif
bagus,5,positif
suka banget aku pake buat nyuci piring 😅,5,positif
suka bgt pake aplikasi ini,5,positif
enak di dengar,5,positif
bagus.,5,positif
kikir,1,negatif
kalau gak ada wifi gak bisa tapi temen gw bisa,4,positif
bagus lagunya itu aja makasih,5,positif
mantap,5,positif
good,5,positif
tolong iklan ny agak di kurang kan udah itu aja selebih ny bagus,5,positif
asik,5,positif
ya bagus,5,positif
"pokonya bagus, semua lagu ada di sini, sukakkkkkkkkkkkkkkkk",5,positif
bagus banget jadi aku bisa dengerin lagu!!,5,positif
good,5,positif
klo ngasih iklan dipikir mas😹,5,positif
kikir bgt qaqaaa itu jugaaa iklannya dikurangin dung! ini saya mau dengerin musik bukan dengerin iklan yg sungguh tiada manfaat😇😇,1,negatif
teman di setiap waktu....,5,positif
bagus,5,positif
keren,5,positif
iklan nya lumayan lama dan juga harus bayar nih buat tanpa iklan lagi asik banget tiba-tiba ada iklan bayak dan ada cuma satu lagu kalo kita cari,3,netral
bagus,5,positif
aplikasinya bagus suaranya lancar cocok untuk mendengarkan musik yang kita inginkan,4,positif
Udhh bagusss bangettt tapiii kurang²in iklan nyaa plissss,5,positif
bagus,5,positif
bagus banget,5,positif
"bagus, tapi jangan ada fitur pembatasan karna nyuruh premium yaa. bete aku. sisanya bagus bagus aja sih hehe",4,positif
bagus bgt,5,positif
ᅠ bagus,5,positif
"Banyak banget koleksi lagu di Spotify, tinggal pilih. Sambil beberes rumah seruu sambil dengerin lagu di Spotify",5,positif
kikir bgt anjir 4 iklan,1,negatif
"Transisi Perpindahan Lagu Ngaco, Contoh seperti saya menyetel lagu barat, lagu selanjutnya malah lagu jepang. transisinya nggak cocok. Ayolah Koreksi Lagi. kalau gini mood bisa kacau jadi nggak mau dengerin lagu lagi",1,negatif
Spotify sangat seru membuat aku selalu tenang,5,positif
aku suka Apk ini,5,positif
sangat bagus hampir semua lagu dan dj ada di spotify pokoknya joss dehh,5,positif
"Aplikasi musik nya sangat bagus, di siapkan juga lirik, dan masih banyak lagi🤩",5,positif
boikot Spotify,1,negatif
"kikir, iklannya banyak !! pindah ke aplikasi lain aja",1,negatif
"maksa bener gangguin usernya sendiri, pake iklan bikinan sendiri pula, biar usernya merasa terganggu terus akhirnya berlangganan ya. no no no yaaaa kikirrrr",1,negatif
"gak tahan sama iklannya,iklannya terlalu mengganggu,1 lagu iklannya bisa 2/3 kali yang datang,pokok menggangu.",1,negatif
"tolong akun spotify saya yg login pake akun google tiba2 logout, coba login lagi katanya ""AKUN TIDAK TERDAFTAR/ADA MASALAH"", tapi pas coba buat akun baru pake ""AKUN SUDAH TERDAFTAR"". sudah ke pusat bantuan tapi muter2 penyelesaiannya!",5,positif
lebih bagus keren tidak ada iklan,3,netral
kurangin iklan percuma muter pake data klo harus di paksain premium,1,negatif
kebanyakan iklan,1,negatif
aku suka dengerin musik dan Spotify ini cocok tapi maaf nih ya tapi kok sekarang iklan nya bisa sampai 3+? padahal dulu iklan nya cuma 2 tapi kok jadi banyak dan biar ga banyak iklan juga harus berlangganan tapi itu terlalu memaksa kata aku. maaf banget nih ya tapi kurangi iklan nya ya Spotify ☺️✌️,4,positif
bagus sekali untuk para jomblo,5,positif
okbgt,5,positif
"aplikasi pelit, iklannya terlalu banyak mana jelek jelek lagi iklannya. apa apa haru premium gak jelas",1,negatif
mantap,5,positif
bagus lagu kesukaan monolog,5,positif
bnyak iklan dan boikot,1,negatif
Spotify udah gak kayak dulu lagi sekarang setiap 1 atau 2 lagu langsung iklan makin pelit dah pokok nya,3,netral
"rekomendasi playlist jangan berdasarkan artis musiknya dong, tapi berdasarkan tema/mood playlist yang saya buat. yaakali saya buat playlist METAL, terus tiba-tiba nyelip lagu mellow dan/atau dangdut. percuma bikin playlist, kalo spotify nyelipin lagu yang ga sesuai tema playlist, ngerusak mood ae. aplikasi ""tombol play warna merah"" bisa bikin rekomendasi lagu yang sesuai tema, kenapa spotify tidak?",2,negatif
pelit dan banyak iklan,1,negatif
"suka bgttt,dan iklannya juga sedikit,jadi lebih sering dengerin musik di apk ini pokoknya fav bgttttttttt♥️",5,positif
seru,5,positif
lagunya keren²,4,positif
mantap,4,positif
"not bad tapi kayanya perlu fitur pendeteksi mood, masa gua lagi nangis di setelin tenxi? maksudnya kaya yg bener aja, ga match lah 💆🏻",4,positif
bagus,5,positif
"matap, penghibur d waktu luang",5,positif
pokoknya berguna banget deh,5,positif
nice,5,positif
sekali puter lagu iklan nya 4 huh payah ah,1,negatif
"maksa banget harus premium lah ini lah itu lah... aneh mau ganti"" lagu aja harus banget dibatasi 1 hari 8 setan",1,negatif
makin kikir aja gw liat liat🗿,1,negatif
enak kalo lagi belajar,5,positif
bagus,5,positif
"suka banget,top 1 lah",5,positif
"iklan nya banyak, klo udh lama kita gk bisa milih lgu yang pengen diputar kembali",1,negatif
jelek,1,negatif
sangaaaaaaaaaaat bagus,5,positif
oke lah,5,positif
iklannya banyakkk,1,negatif
mendengarkan musik dengan santai,5,positif
"sukaaaa bangettt amaaa apll iniii😙💕 tapi pas aku coba diroblox malahh matii,atauu hp aku nya ya yg ga ngedukung? YAAA GITUU LAAAAA,I LOPE UUU DEVELOPER 🤍🤍🤍🤍🤍💫",5,positif
nice,5,positif
ok,5,positif
Great,3,netral
harus bayar cuman untuk mendengarkan musik,1,negatif
menemani dalam aktivitas,5,positif
ok,5,positif
good joob,5,positif
bagus banget 🤣🤣🤣🤣,5,positif
knpa sekarang jelek banget apk nya lagunya ga jelas lagi bikin pusing,1,negatif
sangat membantu untuk mendengarkan musik,5,positif
beuhhh gumoh iklan gue kalo pake spotify setiap beberapa menit ada lagi mana 4 sekaligus buset. Trs nihh ya itu klo semisal kita dah muter beberapa lagu yang kita pilih sendiri itu kalo mau milih lagi udah ga bisa😞,2,negatif
Bagus sekali,4,positif
mantap jiwa pokoknya.. musik lengkap,5,positif
bagus lagu yang mau di cari ada dan bisa didengerin di layar utama sambil main game dan ngesad yg pasti KDB(Keren Dan Bagus),5,positif
kita bisa denger lagu sepuas kita dan bisa lirik nya juga tanpa harus membayar,5,positif
"kenapa ya kok ad tulisan ""jelajahi premium?",4,positif
semoga bgs terus yah ni aplikasi,1,negatif
bagus sumpah bisa dengerin lagu tiap hari,5,positif
bagus bgt,5,positif
banyak iklan,1,negatif
keren,5,positif
seru. asik,5,positif
sangat cocok bagi saya,5,positif
apk bagus walaupun banyak yang gak sesuai tapi tetap semangat spotify dan kalo bisa kembangkan lagi supaya banyak yang suka itu aja saran aku 🙏🙏,5,positif
terlalu banyak iklan.,3,netral
gaa tau mau tulis apa,5,positif
"plis buat developer kurangin iklan ny lah, dlu ak suka bgt sm apl spotify krna ga trlalu bnyk iklan wlau ga premium, tpi skrng setiap udh keputar 2 atau 3 lagu lngsung bnyk iklan, klo iklan nya 1 si gpp ya msih wjar lah ini bnyk oiiiii ga worth it bgt jujurr",4,positif
👍👍👍,5,positif
Bagus sekali,5,positif
bagus dan lengkap,5,positif
"Kurang ajar bgt spotify sekarang, kikir bgt. Dulu iklan ga sebanyak sekarang. Sekarang iklan 4 kali dan sekitar 15-20 detik. Mana kadang tiap kelar 1 lagu iklan lagi, 4 pula iklannya, hadehhh",1,negatif
coba ngk berbayar bagus ni,5,positif
Lagunya enak enak di dengar saat main polybus hehheh tapi telingaku menerima semua lagu anda yang sangat bagus dan enak sekali di dengar saat tidur santai gitu makasih atas layanan anda,5,positif
lagu nya seru seru,5,positif
seru,5,positif
"bagussss bangett siii!! ga boong,stiap belajar,main,beresin kamar,akh selaluu denger lagu di sini, POKONYAA SO I LOVE",5,positif
"aplikasi yang sangat membantu untuk diriku yang sangat suka mendengar musik, semua jenis musik lengkap tidak ada yang kurang, sangat bestlah aplikasi nya",5,positif
suka banget,5,positif
"Sukaa banget omaygattttt, lopyuuu Spotify mwah",5,positif
cocok buat yg suka lagu dan koleksi lagu,5,positif
membantu banget sihh,4,positif
semua lagu add,5,positif
tau kaga lo pada sekarang kalo memilih lagu atau cari lagu dan mencet lagu tersebut ada batasannya dan kalo sudah habis kudu bayar bjierrr gilaakkk serakah banget jadi orang kecewa berat gua ama lo spotify udah gua bangga banggain malah serakah,1,negatif
"anjirr kebiasaan pake Spotify premium sekarang belum ada rezeki buat beli premium jadi kesel denger iklannya malah banyak banget lagi iklan nya, kalo bisa kurangin ya iklannya masa baru dapat puter dua lagu iklannya udah 6 iklan 😭😭",4,positif
aplikasi ya bagus jadi aku bisa dengar banyak lagu,5,positif
"Skip, aplikasi dukung isriwil",1,negatif
sedih bgt udh cinta bgt sama apk ini malah di boycott ╥﹏╥,2,negatif
bagus di dengar dan banyak pilihannya,5,positif
"udhla boikot,iklan nya bnyak,jleq uww",1,negatif
"saya pake spotify udah lama tapi makin ke sini makin gajelas 1. iklan terlalu banyak bisa sampe 5. 2. pemilihan lagu ada max-nya, dan itu dikit banget quotanya. 3. putar acaknya aneh diluar genre, lagi dgr lagu dangdut tbtb ke lagu anak2 dan bener2 gabisa diganti. 4. harga premium terlalu mahal dan terlalu banyak variasi premiumnya. mohon dipertimbangkan lagi 🙄",1,negatif
mantul,5,positif
vitur premium ribetnya bikin ampun,1,negatif
"sengaja kasih bintang lima biar komenku ke up, karna masa sekarang iklan nya ada 6? pas habis iklan 4 muncul lagi 2. skrg ni apk makin kikir dah, iya tau butuh duit, tapi kn udh banyak jg yg download, tolong ya kurangin iklan nya atau bisa aja org lari ke app yg lain",5,positif
bagus sih tapi kenapa pas mau nyetel lagu yang aku mau pas di pencet mlh lagu lain bukan yang aku mau,5,positif
"kikir bet kikir, kaya ntflix aje kalo semua mua disuruh premium, ribet",1,negatif
bagus,5,positif
mantaaapkerren dan menghiburkan diriqu,5,positif
bagus banget lagu nya,4,positif
seru bingit💗💗 aku sukaa💗,5,positif
bagus,1,negatif
kerenn nihh!!!,5,positif
lagunya enak,5,positif
good,5,positif
iklan nya lebih lama dari lagunya. sangat tidak adil jika ingin tambahan uang dari premium,2,negatif
kurang harus premium,3,netral
"ngelucu, gw putar lagu playlist. Sengaja dibiarin taunya mutar lagu lain yang ada di playlist nantinya.. lah rupanya malah mutar lagu lain yang gaada di playlist. Trus guna playlist apa?? perbaiki woi ga jelas lu. Udah iklan rame mutar lagu entah kemana mana",1,negatif
good. too much add. iklan kadang 3.lagu bagus. lengkap sama lirik.,5,positif
"ini bagus bgt,aku suka nga ada ngeleg-ngeleg, tapi ada iklan sama harus online,tapi gpp aku suka ILOVE YOU SPOTIFY✨💖💖,banyak lagi yg Kusuka✨💖💖",5,positif
satu kata saja sangat bagussssssss,5,positif
BOIKOT SPOTIFY!!,1,negatif
makin kesini makin ga jelass. pindah ke sebelah aja lah kalo gini tros ma,5,positif
apk kikir,5,positif
saya suka musik nya semua lagu bagus,5,positif
bagus,5,positif
𝙡𝙖𝙜𝙪 𝙣𝙮𝙖 𝙜𝙖 𝙨𝙚𝙨𝙪𝙖𝙞,1,negatif
"1 lagu 4 iklan😹, lawak kikir",1,negatif
bapak kamu,5,positif
gw kasih b2 iklan terlalu berlebihan,2,negatif
enak didengar,5,positif
meskipun gratis dan adaaa iklan musik tetap jalan terus,5,positif
"gua ksih 2 bintang soalnya premium ny mahal bgt njink sesuaikan dengan kantong pelajar aelah, aplgi iklan ny tdi cma 1 nmbh 2 eh nmbh lgi jadi 3 jdi g ad luang buat denger lgu yg gw sukai",2,negatif
makin lama makin banyak ni iklan nya hdeh,1,negatif
"bosen denger tiga domba,4 domba.",1,negatif
Pokoknya mantap bisa galau bisa senang pokoknya ⭐⭐⭐⭐⭐,5,positif
"sebenernya apk ini lengkap ko, bagus juga. tapi minusnya, KIKIR BANGET. masa buat pelanggan yang ga berbayar haru NONTON IKLAN MULU terus ada BATAS PEMUTARANNYA, iklannya di sedikitkan plis. terus juga jangan ada BATAS PEMUTARAN.",3,netral
singkat aja 2 musik 5 iklan,1,negatif
banguss banget kok..😁,5,positif
"sekarang jadi malas karena ada batas memutar musik,developer kikir😹😹",3,netral
bagus buat dengerin musik banyak juga lagu nya,5,positif
i like Spotify,5,positif
nyaman bgt buat di pke tidur SMA orng jomlo ke ak🗿,5,positif
good,5,positif
ok jos,5,positif
lumayan,5,positif
bagus untuk mendengar lagu,5,positif
bagus,5,positif
SERU BISA DENGER MUSIK KESUKAAN,5,positif
"Cukup bintang 5,aja",5,positif
"aplikasi kikir , makin pelit,annoying banget sumpah , ini mah maksa buat jadi premiumkan ???, makin gk bisa milih musik sendiri , iklan banyak dan panjang , teknik marketingnya ngeselin",1,negatif
"jujur yah,hari hari aku tuh jadi lebih berwarnaa",5,positif
sangat bermanfaat tik tok mon123di,5,positif
baguss approve,5,positif
lagu ini sangat tenang buat tidur,1,negatif
bagus banget lagu nya,4,positif
"ini bagus banget menurut aku🤯💗 ini bisa ngambil lagu walaupun liriknya ditengah😬 tapi enak banget lagu nya🙈 ada lagu itulah inilah terakhirnya/tengah atau depannya enakk😃💗 misalnya lagu:,Serena prom queen tapi itu yang prom queen artinya ... jangan dicari nanti insecure😔 Serena ... juga kayak lagu sehabis putus kaya izinkan ku membenci pada sang peganti... 😔 ini lagu untuk galau ya neng😃 kalo kalian lagi senang nanti kalian coba nangis sampai pagi loh ☹️",5,positif
banyak iklan bosss,1,negatif
banyak iklan,5,positif
bagus,5,positif
dari lagu lagu nya aku sangat sukaa,5,positif
gampang mode sad di ep ep,5,positif
keren,5,positif
bagus,5,positif
sabagat bagus,5,positif
bagus,5,positif
bagus bgt,5,positif
enak banget untuk denger apal agi enakin untuk galau,5,positif
sangat bagus,5,positif
sangat menyenangkan mendengar kan musik di Spotify tidak ada iklan,5,positif
100 persen deh buat Spotify aku suka banget,5,positif
selalu menemani setiap hidup ku,5,positif
sekarang harus berbayar,2,negatif
mantap,5,positif
kikir bingit,1,negatif
aplikasi nya bagus bisa menyetel lagu saat bermain game,5,positif
sukaaa bngtttt,4,positif
bagus,5,positif
bagus,5,positif
"apk asu makin lama makin banyak iklan milih lagu harus premium, dari pada premium mending gua uninstal buat kalian mending pindah ke apk sebelah",1,negatif
banyak x iklan jeng.. ribet brisik.. ganggu bngt denger musik d potong iklan..,2,negatif
"apalahh apa apa bayar premium, ingat y. byk org yg g mampu byr premium🙏",1,negatif
sejak download Spotify kerjaku sambil dengerin musik jadi berasa berwarna,5,positif
"i like this, because all my music in here",4,positif
bagus,5,positif
sangat membantu,5,positif
"aplikasi kikir, masa dengerin satu musik aja iklannya 3, guoblok. mana maksa lagi, kadang juga pas lagi mau dengerin musik ada tuh yg namanya ""cigi buyin cimi tigi puyuh inpit libi"" cuih. ni aplikasi ngeselin sumpah 😤",1,negatif
sangat bagus,5,positif
bagus bgt,4,positif
"kebanyakan iklan,nyuruh VIP Mulu terganggu!",1,negatif
"manteplah, kalau bisa jangan iklan terus",5,positif
aku suka aplikasi inii,4,positif
sangat enak untuk mendengar kan musik,5,positif
"pertama tama saya memang tidak premium tapi dulu iklannya gk sbnyak ini, tpi setelah di update tiap denger 1 lagu pasti langsung iklan lagi, knp iklan ny jdi sabnyak ini? apalagi setiap selesai dengerin 1 lagu pasti bakal ada iklan 3-4, tolong lah kurangin iklannya.",2,negatif
bagus,5,positif
bagus,5,positif
enak banget lagu nya,5,positif
lumayan lah 😋,1,negatif
🅑🅐🅖🅤🅢,5,positif
nyaman untuk musik'an,5,positif
gooodd,5,positif
apk kikir,1,negatif
bagus gak lemot,5,positif
sangat banyak lagu bagus sekali,5,positif
"Spotify ini sangat lah bagus dan lumayan berguna ketika aku ga bisa tidur solusinya Spotify, aku sarankan instal Spotify",5,positif
seru aja sih enak kalo tidur,5,positif
spotify sekarang kalau udah 4 atau 5 lagu gabisa outer lagi buat yang gratis yang gratis an kaya dikit dikit iklan terus jadi males download lagi Spotify nya,1,negatif
bagus,5,positif
aplikasi yang sangat baik,4,positif
aplikasi ini terlalu sering iklan ada 4 lagi,1,negatif
"aplikasi nya udah oke, suara dari lagunya juga udah jelas, penyanyi penyanyi di aplikasi ini juga udah lengkap, tapi satu yang jadi masalah, iklannya. tolong dong iklannya di kurang kurangi. kita yang mau santai denger musik itu jadi keganggu gegara iklannya. boleh taruh iklan, asalkan jangan berlebihan, jangan terlalu banyak, kalau cuman 1, 2 iklan kami semua bisa maklum. tapi ini banyak banget.",3,netral
"sebenernya ga ada masalah tapi makin kesini saya kurang suka sama lirik yang di berikan, kadang enggak sama atau ga tidak pas di musik nya, jadi tolong di perhatikan lagi dan di benerin😊",3,netral
gkk tau lahh pokonya bgss lahh,4,positif
aplikasi ini sangat bagusss,5,positif
"bagus, kreatif",5,positif
sy sangat senang mendengar musik dari Spotify,5,positif
"iklan nya dikurangin napa, dulu cuma 1,sekarang malah ada 4 maksa banget buat orang² beli premium, ga semua orang mampu kalii, mahal lagi premiumnya, kasian orang² gratisan tau gak? banyak yang uninstall apk ori, terus make nya yang mod premium, minimal kurangin aja dehhh iklan nya.",1,negatif
kebanyakan iklan,1,negatif
karna mantap nih buat ada lagu hantu,5,positif
"jelek banget sekarang ni apk, banyak iklan nya, iya aja kalo iklan nya cuma sekali dua kali lah ini mah empat kali, tolong segera di perbaiki lah",1,negatif
👍👍👍,5,positif
kebanyakan iklan,1,negatif
keren,5,positif
udah premi nya mahal lagunya kurang lengkap lagi 🙃🙃,3,netral
mantap mentong,5,positif
spotify nya sedap lagu hal-hal yang sangat berbeda untuk bagi yang pemula sangat diperhatikan untuk Dia yang selama ini melupakannya dan ingin ingin ingin dia bercerita kepada saya maupun dia tidak akan satupun mencintai orang yang sama sepertiku lirik lagu untuk telah habis sudah waktu ini tak lagi tersisa pada dunia karena tlah kuhabiskan cintaku hanya untukmu dan itulah seterusnya alur cerita yang bisa kusampaikan wall taufik wal hidayah wassalamualaikum warahmatullahi wabarakatuh saudaraku.,5,positif
aku sangat suka,5,positif
"iklannya kurangin dong babi, cape setiap denger malah iklan",1,negatif
mahalll ga menyesuaikan pelajar,1,negatif
Iklan sampe 4 biji co,1,negatif
sangat bagus gak gabut supaya senang,5,positif
"iklan nya ngeganggu pls apa apa harus bayar udah tau bocil gabisa,gada duit lagi",4,positif
baguss sukaa,5,positif
saya selalu merasa bahagia saat mendengar lagu-lagu yang ada di Spotify,5,positif
bagus sih tapi banyak yang premium,4,positif
APK KIKIR,1,negatif
aplikasi nya bagus,5,positif
"kikir nya mulai keliatan bgt ni, iklan nambah terus segitunya pengen bgt para pengguna berlangganan, udah mh lagu dibatesin iklan kaga ada hentinya lagi",2,negatif
sangat baik 👍👍👍👍👍,5,positif
aplikasi ini bangus sampai banyak yg Makai ini🙏,5,positif
"bagus si, tpi di aku dikit dikit iklan",5,positif
sangat bagus tapi kenapa harus bayar 🥰🗿🌷,5,positif
sporty di update mulu.. malas dowload nya,2,negatif
keren pokonya,5,positif
KEBANYAKAN IKLAN + LAGUNYA GA BISA DIULANG MUNDUR.,1,negatif
fitur yang bagus,5,positif
tambah gak enak kabeh,1,negatif
maksa banget buat jadi premium udah mah iklannya banyak+ lama,3,netral
aku suka banget sama Spotify,5,positif
bgs buat mendengarkan musik,5,positif
pengalaman gue makin ke sini sumpah makin jelek ga enak aja apa apa ada iklan terus lama banget ada 3 iklan kan gue masih pelajar gue belum bisa belum itu premium tapi tolonglah ini apk udah melebihi yutub aja terus lagunya ngacak kemna mna ga enak,1,negatif
goood,5,positif
minusnya cuma di iklan,1,negatif
oke deh,5,positif
mantap sekali,5,positif
"gila setelah update apps jadi harus maksa orang buat langganan, bintang 2",2,negatif
bagus banget tapi ada yang lagu nya jorok jorok tolong di perbaiki deh,5,positif
bagus sekali semangat terus bang,5,positif
mantep,5,positif
sangat senang dan bahagia bermanfaat bagi yg hoby musik',5,positif
"Jadi bisa denger berbagai kata-kata yang dirangkai seseorang dengan sepenuh hati, dan akhirnya tersampaikan di telingaku, dengerin lagu emg best",5,positif
katanya gaada iklan nya eh ternyata ada,3,netral
"sebenernya bagus aja, lirik nya juga ada, dan gara gara Spotify aku jadi pandai belajar menyanyi, tapi iklannya terlalu banyak jadi keganggu kalo lagi enak dengerin lagu",4,positif
lagu nya enak enak bgt,5,positif
aplikasi kikir ga ush download lu milih musik aja harus bayar kocak kikir nya ga ngotak apalagi iklan 4 aduhh mending ga ush download pakai vidmate aja,1,negatif
TOLOL IKLAN SMPE 3 KIKIR KIKIR,1,negatif
bagus,5,positif
pas di update jadi ga seru👎,1,negatif
bagus cuman ada iklan yang muncul saat main lagu,5,positif
mantap,5,positif
"aplikasi nya bagus, cuma ada satu kekurangan banyak iklan nya. dengerin 2 lagu habis itu iklan nya 4 kadang sampe 6, sama ada bug atau apa ini aku ga paham (ga bisa dengerin lagu) katanya ada yang salah coba muat ulang untuk memperbaiki udh aku tap"" tombol muat ulang masih ga terjadi apa"" tolong benerin dan pencet lagu ga terjadi apa"" juga",5,positif
sangat bagus dann banyak lagu yng aku suka 🥰,5,positif
terlalu banyak iklan,1,negatif
dulu bisa dengerin lagu sambil main game kenapa sekarang GK bisa ya maaf cuma bisa kasih tiga karena GK bisa dengerin lagu sambil main game jadi kurang seru cuma dengerin doang,3,netral
"The ads are annoying, too noisy. Very annoying time, especially when you want to sleep while listening to songs. Suddenly the sound of the ads sounded quite loud.",4,positif
bagus bgt,5,positif
bagussss,5,positif
kenapa ya Spotify kalo banyak lagu di playlist suka patah patah kalo di scroll,1,negatif
bagus bgnt dah pokoknya,5,positif
baguss bangrddd,5,positif
bagus work it do download,5,positif
"keren banget, sukaak",5,positif
"iklannya bnyak, sok asik pula",1,negatif
bagus kokk👍👍👍✨✨✨🫶🫶💐,5,positif
"mohon maaf kurangi iklan nya saya sudah muak dengan 4 iklan saya sudah hampir melupakan aplikasi ini, saya menggunakan go tube mohon perbaiki agar tidak banyak iklan terimakasih",1,negatif
suka banget ama aplikasi ya bes banget aku kasih bintang 5,5,positif
ada iklannya jadi gak enak,3,netral
"app gajelas, akun gua ke logout mulu, pas login lagi pake email malah tidak ditemukan akun terkait. ni apk sampah bgt pengelola akunnya, sorry rate 1",1,negatif
bagus karna banyak lagu baru juga,5,positif
"muak banget ama iklan nya, padahal baru dengar 2 lagu iklan nya 4,saran aja kalau misal emang ada konsep iklan gitu, 2 lagu 1 iklan, jangan kebanyakan, saya yang mau nikmatin lagu jadi susah😭",4,positif
"Dasar Aplikasi Kikir, Lebih Baik Di Hapus saja Aplikasi ini dari play store, Sangat Tidak cocok Di gunakan, Banyak iklan, Banyak Bug, Dikit dikit di suruh Buat Beli Premium, Tolong ya Kurangi kikir, Jangan Kayak Garena",1,negatif
aplikasi nya bagus untuk mendengarkan lagu yng klian mau,5,positif
"apk kebanyakan iklan, kalo iklannya 1/2 mah masi mending lah ini 4",1,negatif
"awal awal cuma ada iklan doang,ga lama dari itu gabisa pili lagu,harus premium,mnurut saya tidak apa apa jika ada iklan,tapi mohon di perbaiki, supaya orang orang bisa memilih lagu favorit masing-masing",2,negatif
"makin lama semua harus premium, milih lagu terbatas",1,negatif
seru buat dengerin musik,5,positif
bagus,5,positif
"APLIKASI KIKIR BANYAK BGT IKLANNYA, MASA 1 LAGU 3 IKLAN YANG BENER AJA LAH, DASAR KIKIR.",1,negatif
bagus bangett berguna banget,5,positif
"APLIKASI KIKIR, SKRNG DIKIT DIKIT IKLAN. MASA 1 LAGU IKLAN NYA 3 GILA INI MAH DENGERIN IKLAN BUKAN LAGU.",1,negatif
keren banget dengerin musik di spotify,5,positif
iklannya kurangin dong buset,1,negatif
ok sip,5,positif
bagus,4,positif
jelek banget si apk hijau ini,1,negatif
bagus banyak lagi nya cuma banyak iklan,5,positif
"SUKA SUKA SUKAA, BISA DENGERIN LAGU FAVORITT.. yang kurang itu cuma iklan nya ajah yang merusak suasana",4,positif
very good,5,positif
aplikasi nya gimana yah setiap nyetel lagu harus premium dulu mana harga premium nya kemahalan lagi tolong lahh jangan kek gitu beda sama aplikasi sebelah gak sebawel gitu,3,netral
Mantap,5,positif
amazing,5,positif
keren bgt bisa denger lagu dan gk usah ragu sma liriknya krena udh ada lirik yg tersediaa,5,positif
bagus sih tapi ini gabisa memutar lagu jadi gua rating segini aja,1,negatif
dikit-dikit iklan😹,2,negatif
NICEE,5,positif
baguss sekalii,5,positif
baik,5,positif
ok,5,positif
damn..,5,positif
"aplikasinya bagus tapi masa cuman mau download harus premium,selebihnya udah oke tolong di baca terimakasih!",4,positif
aplikasi apa ini cari lagu itu malah muter yang lain harus premium dulu baru bisa bener tuh pencarian lagu nya aplikasi bikin emosi,1,negatif
𝘶𝘦𝘯𝘢𝘬 𝘱𝘰𝘭,5,positif
bagus,5,positif
"kenapa sih sama spotify sekarang apa apa harus premium mau dwonload lagu harus premium,lagu juga di batasin kalau mau gak di batasin harus premium plis developer jangan serakah karena gk semua orang bisa beli yg premium",1,negatif
"sukakkk bangettt, apalagiiii dengerinn waktuuu mauuu tidurrr",5,positif
Harus banget bayar?,1,negatif
miskin ya lo spotify?,2,negatif
sangat bagus,5,positif
"orang"" mau dengerin musik bukan iklan. kikir bngt lu sfotify!!",2,negatif
mantap,5,positif
bagus banyak lagu top,5,positif
nice,5,positif
bagus banget banyak pilihan nya,5,positif
enak buat kicau mania nih,5,positif
bagus enak buat denger lagu,5,positif
bagus,5,positif
lumayan bagus,3,netral
"bagus,tapi iklan nya makin banyak,dan harga premium terlalu mahal buat para pelajar,dan juga pemutaran lagu nya terbatas buat yang blum premium",3,netral
"ni apk kikir jir, lama lama iklannya 10",1,negatif
apik,5,positif
ok asik semua miuziky,5,positif
"menurut saya ini bagusss tapi saya tidak memakai sportif yg premium jadi tidak bisa mendengar sesuka hati dann kebnyakan iklann. itu saja si mungkin, TERIMA KASIH TELAH MENGHIBUR PARA PENDENGAR LAINNYA..",4,positif
"iklan tolong di kurangi, solanya lagi asik dengarin musik eh malah ada iklan mana iklannya ga lebih dari 1,dan iklannya juga menganggu",3,netral
"oke, sekarang udah gabisa pilih lagu lagi kalo gk premium. Mantap memang apk kikir ini",4,positif
sangat tidak direkomendasikan di download karena iklannya bisa bikin gendang telinga pecah! karena gua pas denger lagu dan ada iklan dan suara iklannya kayak volume full padahal volume hp gua cuma 1,1,negatif
nice,5,positif
4 ads in a row??,1,negatif
bagus banget,5,positif
sangat membantu buat hiburan .,5,positif
bagus,5,positif
ya bagus aja deh,5,positif
kita bisa dengerin musik di Spotify dan disitu kita bisa bisa dengerin musik yang kita inginkan,5,positif
👎,1,negatif
enak,5,positif
😀,5,positif
asik kin aja lekk kuu,5,positif
"yaampun pelit banget, setiap iklan, bisa ampe 5 iklan, kikirnya kebangetan, tolong iklannya kurangin dong, lagian kita juga ga akan mau berlangganan",1,negatif
perfect,1,negatif
ga suka,1,negatif
enak buat dengerin lagu sambil beres beres,4,positif
bagus bgt,4,positif
saya suka ini walaupun pakai data,5,positif
sangat bagus,4,positif
bagus ini beneran bagus tapi ada premium nya😔,5,positif
"apk nya gila uang bngt sama pelitt bru milih lagu yg kta mau 5 kali aja udh lasung di srh berlangganan, plus iklan nya bnyk bngt. kt gue sih jng kikir gtu mentang' udh bnyk yng make ni apk jdi sombong,pelit, ama kikir gtu. gila deh ni apk gila duit bett",2,negatif
ini lagu knapa dah kegantin yang lain pdahal aku pencet musik nya lo,1,negatif
seruu🥳🥳,5,positif
"aku kasih bintang lima karena bagus, dan menurutku agak kurangin iklan nya yaaa??👍✨",5,positif
enak di dengar,4,positif
"aku bisa latihan nyanyi setiap hari aku paling suka,lagu inggris itu yg paling aku suka i love you deh",5,positif
seruu,5,positif
makin lama makin jelek 😓,1,negatif
ikLan nya josss sekali...,1,negatif
bagus banget,5,positif
enak banget sih lagunya lengkap,5,positif
bagus,5,positif
sangat bagus untuk main ff atau Roblox,5,positif
sangat bagus,5,positif
"This app is very good, to relax and listen to music with favorite songs",5,positif
Suka sekali sama spotify byk pilihan lagu semuanya ada ❤️,5,positif
bagus lagunya,5,positif
bagus saya suka denga spotify,5,positif
ini banyak lagu yang bagus ya bisa didengar lagi ngenakin,5,positif
keren dan menghibur,5,positif
simple..update lagu nya..,5,positif
ok,5,positif
sangat bagus,5,positif
banyak iklannya,1,negatif
sangat menemani saat dijalan,5,positif
"sumpah sekarang jangan pernah download ini aplikasih dulu masih bagus sekarang buat putar satu lagu ajah yg kita cari harus premium semakin hari aplikasih ini semakin arogan merasa hanya ini saya aplikasih pemutar lagu, dasar aplikasih sampah tukang pajak",5,positif
bagus spotify..tingkatkan terus..cari lagu apa saja..semua ada...👍,5,positif
ada lagu gua saat sahabatan bareng teman gua,5,positif
muantap,5,positif
kebanyakan iklan,1,negatif
bagus,5,positif
"sangat bagus dan bisa mendengar lagu² fav kita seperti saya menyukai montagem,dan phonk😁 tapi ada 1 masalah saat memutar lagi saya tifak bisa memutar ulang lagu itu berulang kali apakah memang harus prem? atau ada masalah / bug? oke hanya itu saja rating dari saya semiga bisa diperbaiki klo emg karna sudah update dan tidak bisa di putar berulang kali gpp deh aku ttp suka sma SPOTIFY😄",5,positif
ok,5,positif
nonton 1 lagu iklan nya sampe 4 jadi males.,1,negatif
spotify bisa jadi teman dalam kegiatan apapun.,5,positif
"makin ke sini harganya makin mahal jadi mls buat premium , yg murah cuma yg buat pelajar tapi kn udh bukn pelajar lgi mls dh",1,negatif
best music appp,5,positif
iklan full album,1,negatif
sangat bagus dan kreatif.,5,positif
seruuu,5,positif
mantap,5,positif
aplikasi ini sangat jelek,1,negatif
"cuma karena ga berlangganan iklannya makin banyak aja, bisa 3x malah sering lebih wiih",1,negatif
KIKIR,5,positif
jelek,1,negatif
gak bisa di buka weh,3,netral
This is good bro,5,positif
update mulu anjg,2,negatif
kebanyakan iklan,1,negatif
kenapa gak bisa denger lagu secara gratis lagi ? kenapa harus premium dulu baru bisa putar musik yang di sukai . hadehhh,3,netral
"bintang 3 dulu ya.soalnya fitur chtnya masih kureng bngt pls.hmzz tlng yh yg mulia upgrade lagi fitur chtnya. ya minimal ada fitur reply nya biar ga bingung,kalo bisa sih send pict sama vn juga ya wkwkwk (mau buat cht an sama pacar eh mantan eh teman)",3,netral
spotify sangat Bagus pokonya mantap dah terimakasih Spotify,5,positif
Bagus banget aku ketiduran sampe dengarin lagu nya tapi bisa gk kalo udah habis jaringan jtu aktif kan terus aku juga donwold lagi di situ,5,positif
"wah saya di Spotify gampang banget cari musik,kalo ga tau judulnya tulis aja lagu nya",5,positif
"WOI KENAPA SEKARANG IKLANNYA BANYAK BANGET GA KAYA DULU YANG CUMA 1 KALI, SEKARANG MALAH BERKALI KALI",1,negatif
bagus banget,5,positif
spotify kikir ....,1,negatif
mantap,5,positif
makin lama makin ngawur iklanya,1,negatif
"mantep banget dah, semoga gratis ga perlu premium",5,positif
iklannya sampah banget,1,negatif
ok,5,positif
aplikasi taek lagek nyetel lagu pisan iklan ne 5,1,negatif
bagus,5,positif
"aplikasi rusak, mau bayar prem di ios ga bisa beli di android stuck, trus error rusak rusak",1,negatif
udah bagus tapi banyak iklan nya tolong di kurangi iklan nya agar lebih baik lagi kedepannya,5,positif
asik,5,positif
aplikasi kikir,1,negatif
"waktu asik asik nya dengarin lagu ada suara iklannya, tolong di perbaiki yah",5,positif
mantap,5,positif
enak banget lagi nyaaa kalo bisa sad semuaa yaa kaaaaa lagunya untuk saya,5,positif
secara keseluruhan aplikasi nya sudah bagus ya,5,positif
mengapa spotify ini tidak ada suara sama sekali saya sudah beberapa kali mencari tutorial nya bagaimana cara nya bisa ada suaranya,1,negatif
good,5,positif
kebanyakan iklan,3,netral
terbaik,5,positif
aplikasi ini bagus untuk belajar dan bermain game,3,netral
oke lah,5,positif
baru denger 1-2lagu eh malah langsung iklan,1,negatif
Bagus.,5,positif
"good, but there are a lot of ads",3,netral
"Saya Sangat menyukai Aplikasi Spotify ini karena menyajikan lagu yang sangat keren dan menarik, selain lagu kita juga bisa mendengar kan sholawat, dll👍🏻👍🏻",5,positif
dikit² harus premium najis bngt,2,negatif
aneh ga bisa di buka akun salah sandi terus udh di updet jadi rudet gini,1,negatif
banyak iklan apk kapitalis,1,negatif
"Iklan nya kek Kon tol, Banyak betul Sial.. App busuk.. gw pake AIMP Offline aje, back to offline..",2,negatif
banyak iklan,1,negatif
bagus,5,positif
sangat bagus,5,positif
jangan banyak iklan,5,positif
sumpah lagi nya enak didenger,5,positif
ok banget musiknya,5,positif
banyak iklan,1,negatif
Aplikasinya kenapa waktu saya tekan satu lagu yang saya mau tapi kenapa yang muncul lagu lain?,3,netral
baguss sukaa😖,5,positif
jelekk,1,negatif
ok aplikasi nya mantap sangat menghibur,5,positif
"Iklan ganggu bgt hbs muter 1 lagu doang trs iklan, udh durasinya lama ga bisa di skip lagi.",1,negatif
realllll,5,positif
setiap mau denger lagu aku pasti di spotify karna aku liat temen' aku semua kalo dengar lagu pake spotify,5,positif
👍👍👍👍👍,5,positif
sering eror mencet apa yg jadi apa males,1,negatif
Mayan lah,5,positif
"kikir bet gilaa, lama-lama lebih kikir ini dari pada capcut woy",2,negatif
gak sekalian aja iklannya 1000000000,1,negatif
moga moga Spotify nambahin gitu di setiap lagunya ada mode game piano kalo ada bisa 4jam aku main tu,5,positif
"banyak iklan, setiap 2 lagu slalu iklan, mending 1 iklan aja",4,positif
"makanya pada beli yg premium, biar ngga banyak iklan,dengerin gratis berharap lancar wokwokwok😂",5,positif
kenapa aplikasi nya tidak bisa di buka ?,1,negatif
enak,5,positif
"cinta bgt sm Spotify pkoknya, ga bnyak iklan enak jga lagu en music nya llovve uu Spotify",5,positif
GANGGU NONTON,1,negatif
bagus merutku,5,positif
mantap sih y,5,positif
mantap lah buat dengerin music tapi kadang lagunya gada liriknya,4,positif
aplikasi terbaik cokk emang paling asik ngapain aj sambil denger lagu,5,positif
bagus banett cih apyikaci inik maacih yhak😘🫰🏻wopyuuu🫰🏻🫰🏻🫰🏻🫂🫶🏻,5,positif
yg aku carik kan ada 10 yakan terus aku kan ada terus pas 1 lagu idaselesai yg lagu ke dua enggak ada yg aku cari engak masuk,3,netral
"Gak tahu bug, atau ketentuan app-nya. Seek bar gak bisa digeser, mau itu lewat app-nya langsung, dari widget ataupun dari Dynamic Island.",3,netral
aplikasi nya sangat bagus dan sangat cocok untuk orang yang ingin belajar menyanyi dan orang yang suka mendengarkan musik,5,positif
bagus👍 banget,5,positif
Murahkan premium,5,positif
sering mati sendiri music nya pas di pake main game,4,positif
bagus sekali,5,positif
"bagus, semua lagu ada",5,positif
ok banyak pilihan lagu,5,positif
makan ni Bintang 1,1,negatif
"saya menggunakan paket premium family untuk 6 anggota, namun setahun yang lalh tiba"" saya gak bisa mengundang 2 anggota dengan 2 slot kosong. Saya chat ke cs katanya akun saya di nonaktifkan untuk mengundang anggota. Harga naik dari 86.900 ke 104.900, saya gapapa ,tapi saya menyayangkan harga udah naik kaya gitu tapi saya gak bisa megggunakan apa yang harusnya saya dapatkan, saya bayar gitu harusnya untuk 6 orang, malah cuma 4 orang, yang dimana paket itu tertulis untuk 6 member akun spotify.",2,negatif
oke,5,positif
karena bagus,5,positif
aplikasi musik paling pakak sedunia masa aku dah buat playlist bagus2 eh tiba2 nongol lagu lain gak dikenal kan kek ajg dah gitu gak bisa pulak di setting biar gausah mutar lagi diluar playlist,1,negatif
ok,5,positif
spotify musik yang the best no 1 🫰,5,positif
mantap,5,positif
iklannya ke banyakan,1,negatif
iklan terlalu bnyk.,1,negatif
good,5,positif
banyak iklan,3,netral
bagus apk nya tapi kebanyakan iklan jadi kurang kurangin iklan nya,4,positif
aku suka sekali mendengar lagu,5,positif
aplikasinya bagus 😎😎😎,5,positif
"yg mod jangan di fix mulu dong, saya capek download spotify mod tpi di fix mulu",3,netral
"pokoknya seru,bisa dengerin lagu atau Galau syng ny KLO udh MLM terus hidup pin lgu iklan cerita hantu oy",5,positif
Premium sangat worth it untuk dibeli tapi kalo mau gratis banyak apk buatan atau modifikasi mirip seperti Spotify versi gratis🤩,5,positif
baguss banggettt,5,positif
BAGUS BANGET,5,positif
iklannya sangat panjang,1,negatif
Lu kikir bgt jing gw lagi stress ada ad 1 dari 5 apa ga nambah stress gwe Mana pas adek ku nangis ga bisa ganti lagu lagi karena udah di limit ganti lagu adek gw nangis terus jadinya apa gw ga gila kalo gini😭,2,negatif
mantap,5,positif
suka bngt dengwmerin musik,5,positif
saya suka karna banyak sekali lagu yang saya suka,5,positif
"udah bagus sih, tapi lirik nya tidak bisa di tampilkan gak ada tulisannya",3,netral
sangat bagus dan enak di dengar,5,positif
ini sanggat enak untuk tidur belajar dll saya suka degan aplikasi ini,5,positif
sangat bagus sekali aku menyukai nya,5,positif
gapunya duit makanya ga premium,4,positif
sangat bagus,5,positif
aku suka tanpa ke jeda dengan iklan,5,positif
burukk,1,negatif
"bagus bgt buat dengerin lagu buat santai, sad wkwk",5,positif
mantap dengerin musik sesuai musik kesukaan...👍,5,positif
"apk kikir, dipaksa beli premium gegara iklannya makin bnyk",1,negatif
sekarang iklannya jdi banyakk bgtt!!!!!!baru aja muter 2 lagu udah iklan mana iklannya 4 lagiii nggak bgt deh sekaranggg👎👎👎 dannnnn waktu buka aplikasi lain lagunya jadi berhenti padahal diaplikasi itu gaada lagu nyaaaaa!!?,1,negatif
lumayan sih dan ya ada lagu favorit ku juga,5,positif
"woi spotify, kenapa lagu Nadhif Basalamah - Kota ini tak sama tanpamu gak bisa diplay. Udah dicek sinyal aman, udah restart hp sama aja!!!",1,negatif
mantap,5,positif
"masa kelahiran 1995 ga bisa daftr, eror apa gmn sih.",1,negatif
ada teman bersenandung,5,positif
bagus,5,positif
"awalan mantap tanpa iklan sekarang makin ngeri iklan nya ,,tambah sekarang kuota banyak ga bisa dengerin musik tiap di play malah gada suaranya ,,makin gajelas apk makin sini bukan nya bikin nyaman pengguna malah bikin males buka atau pake apk ini lagi,,lebih enak langsung di YouTube",1,negatif
besebok iklan,3,netral
"tolong tambahi lagu yg gda seperti ultraman ginga no uta,orb no inori atau apa gitu soalny sebagian lagu gk ad di spotify jdiny terpaksa dengerin di yt",5,positif
ok,5,positif
"aplikasikan bagus sih tapi banyak iklan dan terus jangan paksa pengguna lain untuk beralih ke Spotify premium melulu kalau begitu banyak orang yang bosan kalau selalu ada paksaan untuk beralih ke Spotify premium,tambah sekarang saya ingin ganti lagu selalu aja ada paksaan untuk beralih ke Spotify premium",2,negatif
good,5,positif
enak bet dengar lagu,5,positif
sangatt puass,5,positif
sangat membuat perangkat lag! tolong efisiensi penggunaan ram dan cpu!!,3,netral
"udh mah iklan nya banyak cuma buat 1 lagu, sering mati sendiri lagi",1,negatif
0k sip,5,positif
"baguss dan enak bgt lagu"" nyaa",5,positif
mantap,5,positif
luar biasa,5,positif
bagus banget suara nya lebih jelas,5,positif
sangat bangua,5,positif
bass.nya beda,5,positif
sat bagus🤩🤩🤩,5,positif
mantappp,5,positif
bagus aplikasinya saya suka,5,positif
lumayan,3,netral
suka,5,positif
"ehehh aplikasi aneh, lebih baik pakai mp3 music player",1,negatif
kalah sama youtube iklannya banyakan spotify makin progresif in bad way (iklannya😑),2,negatif
gudd,5,positif
"good, perfect banget sumpah apk nya",5,positif
josss,5,positif
terlalu banyak iklan,1,negatif
sangat cocok untuk aku yang suka dengerin musik,5,positif
"seneng dengerin Spotify, buat nemenin aktifitas, pilihan lagunya beragam, bisa disesuaikan dgn mood.",5,positif
iklan coba kase 1 sja jangan terus iklan,4,positif
suka banget sama yang namanya Spotify..,5,positif
banyak sekali lagu lainnya,5,positif
"SARAN TAMBAH EQUALIZER yang bisa di custom sendiri dan setingan bawaan biar yang denger di hp tanpa speaker tambahan bisa atur ke tingkatan bas dan gema sesuai selera. soalnya aku pake EQUALIZER pihak ketiga jadi harus download aplikasi lain bikin kebanyakan aplikasi berjalan, kalo udah ada di Spotify kan lebih simpel tinggal buka Spotify udah ada EQUALIZER tanpa buka aplikasi EQUALIZER pihak ketiga.",5,positif
bagus sekali,5,positif
"asik aja udah biar kerja makin semangat kalo denger musik di spotify, thanks🙏",5,positif
IKLAN 1 PER 4 KUONTOOOL,1,negatif
kikir bgt sekarang nih aplikasi,3,netral
lagunya mantap,5,positif
"aplikasi nya bagus banget, cuma kebanyakan iklan",4,positif
sangat oke cuma kadang harus langganan atau bayar gith,4,positif
bintangnya gua kurangin karena spotify ga nge bolehin kita buat make mod tapi fitur yang dikasi buat akun gratis sangat kurang,4,positif
aplikasi nya bagus cuma kebanyakan iklan aja,4,positif
bagia - nya kalok belum peremiyum banyak iklan,5,positif
Spotify:Musicdanpo... 123@ Beriratongaplikasi ini,5,positif
enak dengar musik,5,positif
"gelo, lagu satu iklan 5 anjir la kt gw",1,negatif
menghibur,5,positif
Kalo iklan tolong jangan lama lama!!! gue lagi galau Lo malah iklan spoti,5,positif
Amazing,5,positif
dikit dikt bayar 🗿🙏🏻,1,negatif
"Sangat kapitalis, iklan bejibun",1,negatif
baik,5,positif
di mohon agar ga kikir gapap mw giman giman jiga asal ini masa di paksa langganan ihh mlas,4,positif
"spotify musik , asyk banget untuk smua kalangan ngedengerin musik lagu lagu terfaforiti. coba dan link cepat saji, pokoknya asyiek deh.",5,positif
ok,4,positif
sangat membantu..,5,positif
ya ok,5,positif
KARNA INI BENAR' WORT IT,5,positif
hok cuhhh,1,negatif
Iya good bro,5,positif
apk ini di butuh kandan cocok,5,positif
lagu enak di denger suara nya merdu,5,positif
"iklan tuh yang ngotak lah udah mah sekali iklan 3 ,terus sering lagi muncul nya tuh iklan",1,negatif
bagus,5,positif
"aplikasinya bagus bgt, setiap mau tidur aku masang lagu² di spotify, lengkap bgt banyak lagu² enak dehh nyaman bgt sama spotify",5,positif
good 👍,5,positif
ini emng bagus tpi ko kalo ku mau dengerin musik baru juga 5detik langsung tiba-tiba mati sendiri padahal kuata jaringan lancar dan akhirnya aku gak mood ini tolong dong kenapa ya bikin orang emosi aja tiba-tiba berhenti sendiri musik nya pas mau tidur kembali lagi eh mati lagi ini udh kaya ini lebih dari 5x lo tolong dong di benerin soalnya cuma ini saja yang aku suka tolonglah banget kalo aku keluarkan apk ini jangan tiba-tiba mati musik nya tpi gk pp ttm ku kasih bintang 5 lo,5,positif
bagus,5,positif
mantap,5,positif
mantappp,5,positif
"banyak iklan, pilihan lagu gajelas.",1,negatif
aplikasi nya bagus bisa bikin tenang cuma kalo mau lebih bebas harus premium tapo bagus lah ya tetep 5/5 karna mereka juga butuh uang,5,positif
"pelit banget anjir, apa² iklan apa² iklan, bikin orang tambah badmood aja.",1,negatif
aku suka banget sama Spotify,5,positif
enak di dengar pakai spotify,5,positif
saya sangat menyukai nya,5,positif
bagus bangetssssss,5,positif
bagus,5,positif
gila keren bangat cok gw kasih bintang 5,5,positif
gajelas aneh kide nya gk dikirim kirim,1,negatif
LOVE U,5,positif
asik bisa dengerin lagu sambil nge gimana pkoknya Spotify seru,5,positif
sangat bagus,5,positif
lagu nya bagus bagus,5,positif
bagus enak di dengar asik good tapi banyak iklan,5,positif
"ak jadi kurang enak pake spoty, dia selalu ada iklah pasti 5 kalau engga 3. kaya... ak baru denger beberapa lagu loh? bahkan iklannya hampir ngalahin musicnya😹, yang bikin engga enak iklannya sumpah. gua jadi ga suka + benci kalau ada iklan. mana iklannya engga ngotak lamanya 😹😹",2,negatif
bagus,5,positif
Nyaman dipakai nya,5,positif
spotify semangat tiap hari klo dgr lagu disini...,5,positif
sekalinya iklan langsung 4😭,1,negatif
"sekarang jadi kikir ya, rata² apk klo banyak yg make jadi kikir bet, sekarang iklan jadi 5, buat muter lagu yg sama berkali² aja ga bisa, harus premium, bisa si di ulang lgi lagu nya, tpi cuma 3x atau brp gtu lupa, trs ga bisa lgi, harus premium",4,positif
keren aplikasinya,5,positif
"Apk kikir,dikit dikit iklan,ganti lagu aja harus premium,trus gak bisa nambahin lagu ke daftar antri , pelit banget sih lu spotify",1,negatif
kualitas suara dari lagu sangat bagus,5,positif
jembod knp di hp gua gabisa jendela mengambang nya,5,positif
bagus sih cuma ada minusnya karena banyak iklannya 😹,5,positif
"gabisa play lagu, harus premium",1,negatif
good music,5,positif
cukup menghibur dikala lagi galau dan lagi pusing,5,positif
bagus sih,5,positif
enak musiknya,5,positif
bagus,5,positif
premium sangat menjijikan🥲,3,netral
aplikasi nya bagus walaupun sering ada iklan,5,positif
sekrng makin bnyk iklnnya....plis gnggu bngt itu iklnnya setiap udh 1 lagu terus ada iklnnya...plis ituu GANGGU BANGETT!,2,negatif
asikk,5,positif
not bad but not good but not bad,5,positif
luarbiasa menyenangkan menemani kesepian saya. dengan lagu-lagu hits kesukaan saya. terimakasih Spotify 🥰,5,positif
lagunya bagus bagus,5,positif
diboikot+banyak iklan,1,negatif
lagunya enak bgt aku sampe hafal nadhom alala,5,positif
Bagus banget apalagi gratiss sya sangat sukaaa,5,positif
bagus aja gitu buat mood akoh,5,positif
banyakan iklan daripada putar lagunya 👎🏻😭,1,negatif
bguss,5,positif
apk udah bagus cuma saran saya kalo semisal paketan untuk yang student itu bisa buat anak minimal smp-smk.,4,positif
SAMPAH banget kebanyakan IKLAN,1,negatif
sangat seru mendengarkan lagu di aplikasi ini,5,positif
mantap banget,5,positif
👍👍👍,5,positif
bagus banget sumpah,5,positif
kenapa sekarang saya tidak bisa pencet lagu lain tolong di koreksi,1,negatif
bgus,5,positif
baguss,5,positif
Bagus tapi ada beberapa lagu yang tidak ada,5,positif
jelek bgt an,1,negatif
bagus tapi iklan nya agak dikurangi,4,positif
banyak bgt iklannya,1,negatif
kurangi iklan nya,5,positif
josss,5,positif
"overall sih bagus ya menurutku, cuma kikir bet anjir masa ada 4 iklan",2,negatif
banyak iklan,1,negatif
good,5,positif
bagus,5,positif
apaan ini apk kok dikit-dikit bayar🙄,1,negatif
kok saya ga bisa masuk padahal kemarin kemarinnya bisa jadi saya reting bintang 1,1,negatif
bagusss lagunya,5,positif
lagunya asik2,4,positif
jelek,2,negatif
saya suka dengan apk ini tetapi tolong jangan terlalu banyak membuat iklan nya saya sering mendapatkan iklan yang sering saya dapatkan,5,positif
sangat bagus untuk galau,5,positif
kenapa gak bisa login padahal jaringan aku Uda bagus tapi kenapa gak bisa dengar lagu nyaa,3,netral
mantap,5,positif
mantap banget 😍😍😍 aku soalnya jadi gampang nyari lagu nggak harus satu buat nyetel lagu dan satu lagi untuk main 👍👍👍👍👍,5,positif
"berat banget aplikasi, force close terus di Poco x6",1,negatif
"apk ga jelas, jelas jelas gw on wifi bagus masih di anggap ofline mohon dipeebaiki bug nya",3,netral
bagus,5,positif
apk nya bagus bisa denger lagu sambil telponan sama ayang,5,positif
"gatau kenapa tiba-tiba nggak bisa nyetel musik di akun utama, tapi di akun yang lain bisa aja. udah coba apus data segala macem tetep aja nggak bisa. Spotify tolong benerin bug ini, tiba-tiba ada teks ""ada yang salah"" pas pencet coba lagi malah nggak bisa.",2,negatif
"terlalu banyak iklan.. tiap putar lagu maksimal baru dua lagu langsung iklan. mending kalo iklannya pendek, ini udah iklannya panjang banyak lagi.. tolong ya spotify dikurangi iklannya, atau bisa juga harga premium nya dikurangi karna banyak juga pelajar yang make apknya.",2,negatif
aplikasi baik dan membantu,5,positif
"Mayan lah,udah lama pake aplikasi ini ga ada kendala paling iklan pas mau putar lagu selanjutnya doang gapapa",5,positif
The sound quality is very good and the premium price is also cheap,5,positif
"Gila kapitalis bgt, mentang mentang rame pengguna jdi ada 4 iklannya 😂",1,negatif
"jujurrr sukaa banget aplikasi ini kayak ngebantu banget pass lagi banyak tugas lagi stress, lagi sedihh pokoknya top bangettt",5,positif
"apk kikir, iklannya lebih lama di banding kaguvyang gw puter",2,negatif
bagus,5,positif
top bgt,5,positif
sangat bagus dengan kagu nostalgia 🥹😭 nya,5,positif
bagus,5,positif
"spotify ini bagus lagu lagu yang trend ada di sin, kalau gak tau nama lagunya tinggal di ketik lirik lagunya lalu muncul deh lagu yang kita inginkan 😆😆😆",5,positif
lagu asik mantap 😘❤‍🔥❤‍🔥👌,5,positif
bagus,5,positif
"Iklan nya kurang bnyak,tmbah 10 lagi",1,negatif
bagus,5,positif
Melody sptify mengerti setiap saat perasaan ku,5,positif
perfect bett,5,positif
"sukaaa aplikasinya🎀⭐🩷 musiknya seru seruuu, cocok buat semua jenis manusia mau udah tua sampe balita juga cocok, orang yang suka musik wajib download sii, tapii jujur iklannya banyak sii, tapii ada yang premium jugaa loohhh, buruan download ‼️🫨",5,positif
main di playlist malah beda lagu,1,negatif
aplikasi ini sangat bagus,5,positif
bagus kok,4,positif
manteppp musiknyaaaa...seruu bgtt tiap hariii dengerin musiknyaaa #lanadelrey #billieeillish #fourtwenty,5,positif
aku suka aplikasi ini,5,positif
jos mantap aplikasi ini,5,positif
"sekarang nggak bisa bebas denger lagu?, kenapa harus ada batasan perhari?",2,negatif
"aplikasinya bagus,lagunya lengkap,iklannya jg jarang² pokoknya ini aplikasinya rekomen banget",5,positif
mantap,5,positif
mantap,5,positif
mantapppp,5,positif
bagus,4,positif
boikot!!!!!,1,negatif
Baguss BINGITSSS SUKAKK DEHH,5,positif
baru ke dalam hidup,1,negatif
Makin lama makin kikir 🦍💨,3,netral
ok lah ya bisa main musik dijalan,4,positif
jijik saya dengar dengar iklan itu semua . jangan ada lagi iklan nya satu pun .,1,negatif
baik aplikasi ini berguna dan menghibur diri sendiri di waktu luang nya,5,positif
bagus,5,positif
"gajelas udah beli akun prem, baru 4hari di pake akun premnya hilang",5,positif
too many features that cant be accessed if not premium,1,negatif
bisa main ff pake lagu,5,positif
ok,5,positif
my favorite music app. user friendly,5,positif
"sebener nya bagus² aja, cuma nih ya IKLAN NYA KEBANYAKAN kaya 1 lagu 4 iklan, jadi saran aku kurangin iklannya pleasee🙏",3,netral
el premium,2,negatif
good,5,positif
bagus,5,positif
mantapp,5,positif
bagus,5,positif
sangat terhibur,5,positif
cukup lah,5,positif
"makin kikir njir masa harus premuim biar bisa mutar laguu, di batasin lagi kalo nggak premuim",1,negatif
banyak iklan,4,positif
Makin kesi makin serakah ni.. iklan aja sampai 4..,2,negatif
bagus,5,positif
baguus,5,positif
aplikasi kikir,1,negatif
mantap,5,positif
Apk nya sangat bagus,5,positif
"apknya bagus,enak buat dengerin lagunya,bahkan waktu offline GK punya data atau saat wifi ngelag itu ttp bisa di putar,makin sukak dech sama apknya,bagusss bgttttttt pokoknya apknya",5,positif
lagu asli,5,positif
bagus,5,positif
walaupun masih terselip iklan tp sampai saat ini masih yg terbaik,5,positif
suka nhe lag,3,netral
"APK PELIT!!!😑 Udah iklannya makin banyak, malah limit milih lagu sendiri pulak",1,negatif
kebanyakan iklan,1,negatif
Good apk,5,positif
bagus sesuai pilihan,5,positif
mendengarkan musik gratis loh ya💔🥀,3,netral
aplikasi kikir,1,negatif
"kadang kalo ganti lagu suaranya tiba2 jadi besar sendiri, bikin ga nyaman. gini kok mau pelanggan berbayar org aplikasi nya aja freak",1,negatif
sangat bagus,5,positif
bagus,5,positif
🥰🥰🥰🥰🥰,5,positif
top,5,positif
jelek banyak iklan nya.,1,negatif
mantablah..,5,positif
good,5,positif
"mantapp is the best, this is aplicasion very recommended",5,positif
aplikasi kikir,1,negatif
maksa bnget buat beli premium jir iklan ampe 4 biji,1,negatif
APK INI LUAR BIASA SANGAT MEMBANTU TERIMAKASIH,5,positif
lagu nya bagus cocok buat tiduran lagu nya kalo di dengar enak,5,positif
banyak pilihan lagunya the best..,5,positif
suka bgt sama aplikasinya! tapi setiap mau dengerin lagu pasti iklan nya banyak.. terus iklan nya maksa buat kita spotify premium.,5,positif
terbaik,5,positif
iklan lu banyak banget kocak,1,negatif
aku suka,5,positif
banyak iklan trus susah buat log in,1,negatif
kurangi iklan,5,positif
"gak bisa berkata"" ini temen apk gue kalo lagi aktiftass lop lopp dehh spotify",5,positif
bagusss banget njirrrrrrrrrrrr,5,positif
Sangat mantul,5,positif
1 lagu 3 iklan setiap 2 lagu keluar iklan jadi ini mau dengar lagu atau iklan?,3,netral
bagus minusnya iklan doang,5,positif
tidak sesuai play this. bikin GK mood katanya nyimpan sesuai play this tiba² ada lagu yg bikin GK mood,2,negatif
tambah trus iklannya nyampe 10 kalo bisa,1,negatif
gak bisa di dengerin ofline,5,positif
"bolehlah , tapi bagusan Resso.",4,positif
"please balikin kaya kemarin dong, seenggaknya iklannya ga numpuk dan ga secepet itu juga kali😭",2,negatif
sangat sampah dikit-dikit iklan,1,negatif
mantap,5,positif
"apa GK gila ni apk, masa baru muter 1 lagu dah dapet iklan 4",3,netral
keren ko sappo,5,positif
byk iklan anj,1,negatif
bagus buat voice😹🥀💔,5,positif
"halah aplikasi babi, terus aj tuh limit, iklan bejibun",1,negatif
banyak iklan dan wajib premium 😔😔,2,negatif
bagus cuman banyak iklan,5,positif
denger musik kek denger iklan,1,negatif
mantap,5,positif
"paling saya suka menikmatinya, terima kasih Spotify.",5,positif
"beli premium biar ga perlu dengerin iklan malah di refund 2X. kenape sih di ref, sebulan juga belum ada.",1,negatif
Gak rekomen ya sekarang Spotify. Bisa nonton video nyeleneh. hati buat bunda2 anaknya di jaga. bukan aplikasi 12+ lagi ini menurut gw,1,negatif
"gak guna,aku mendengarkan lagu di ulang-ulang terus sampai banyak harus bayar aplikasi apa ini, aplikasi ini tidak cocok di buat",1,negatif
"tolong lah spotify, kurangi iklan. saya baru dengar 2 lagu langsung diberi 5 iklan sekaligus, itu membuat saya cukup kesal. developer spotify, tolong kurangi iklannya, itu cukup mengganggu, apalagi sekarang ketambahan 5 iklan, jadi makin mengganggu 🙏🏻🙏🏻",4,positif
kebanyakan iklan ga asik!,1,negatif
"yaa tuhan ku Allah,biar milih lagi juga di suruh premium,kikir bet",2,negatif
baguss,5,positif
kebanyakan iklan aplikasi gblk,1,negatif
pelit bgt dengerin lagunya dibatasin sisahnya acak,2,negatif
terlalu banyak iklan,1,negatif
aplikasi Spotify sangat menghibur saya. Saya sangat senang dengan aplikasi Spotify...,5,positif
mantapp,5,positif
bingung,5,positif
lagu lagunya lengkap,5,positif
bagus banyak lagu yg terbaru,4,positif
"makin kacau aja nih, padahal dulu enjoy aja pake spotify, sekarang setiap satu lagu, harus ada iklan nya dulu 3 biji, semua nya di paksa premium, udh ga rekomen bgt pake spotify..",1,negatif
"makin makin, iklan setiap 2 lagu, dikira bisa nyaman, harganya juga naik lagi, uda bukan spotify yang dulu mentang mentang trending, jadi bikin ngga nyaman",1,negatif
good,5,positif
snagat bagus,5,positif
mantab,4,positif
boleh bagus baik,5,positif
asik,5,positif
mempermudah mengakses musik,5,positif
apa apaan ini apk tambah menjadi jadi masa pilih musik gabisa lama lama muak ama apk ini masa harus premium dulu buat milih lagu doang,1,negatif
Bagus,4,positif
"ko gak bisa pakai akun google dan nomor hp sih, biasanya bisa",4,positif
"monetesi berlebihan, kikir",1,negatif
bagus banget,5,positif
sportif enak lagunya bagus,5,positif
lagu nya tuh premium dan enak di denger nya,5,positif
"Gak ada angin gak ada Hujan,Disuruh daftar ulang tapi eror mulu... Yaudah sekalian Uninstal. masih banyak Aplikasi gratis",1,negatif
dengerin iklan doang bjirr,1,negatif
lagu nya enak semua 👍,5,positif
lumayan sering dengerin spotify asik karena ada lagu yg aku suka,4,positif
"gua kasi bintang 5 biar lu semua bisa liat komen gua, Spotify makin kesini makin makin iklannya terlalu banyak, harga premium terlalu mahal (sesuaikan untuk pelajar) di tambah penyetelan lagu di batas untuk pengguna yg Spotify nya belum premium.",5,positif
agak ga suka ga bisa dengerin musik pas ga pake data😔🥱,3,netral
mantul,5,positif
aplikasinya bagus bikin bersih-bersih rumah jadi lebih semangat dan seru,5,positif
enak lagu nya lope lope ❤️ dan lengkap juga,5,positif
"sangat bagus semua lagu ada semua. aku biasanya pakai buat tidur, belajar, santai, kerja. minusnya, harus menggunakan Internet.🙃",5,positif
aku bisa mendengar lagu yang keinginan ku!!,5,positif
memuaskan,5,positif
byk iklan,1,negatif
"semua lagu yg kusuka ada disini,jd ga perlu susah payah cari,sayangnya ga bisa offline,jd kukasi bintang 4 deh,kalo boleh di up ya devoloper",4,positif
sangat seru mendengar lagu-lagu yang indah serta pengalaman seru lainnya,5,positif
bagus,5,positif
lumayan lah,3,netral
iklan banyak,2,negatif
lengkap iya tapi kurangin iklan dan premium soalnya berlebihan dah itu aja,5,positif
BOIKOTT,1,negatif
kek biji anjay ni apk,2,negatif
buagusssssss full menikmati musik tanpa iklan,5,positif
gelooo iklanya 5 biji baru 1 laguuu tambah kikir,1,negatif
sudah bagus tapi kadang ga bisa di ganti lagi lagunya harus premium dulu🙏,4,positif
suka suka aja sih,5,positif
bisa membuat aku jadi betah untuk tidur disaat aku sedang sakit aku kasih bintang limaa yaaaa,5,positif
"ga ngotak masa iklan lebih banyak dripada lagu yg diputar, putar 2 lagu iklan 4 itu iklan bisa 2 menitan gilaa, kikir bgt, maksa buat penggunanya make premium udh harga premiumnya ga kira², ga worth it buat pelajar",1,negatif
"Spotify sekarang mata duitan gak kayak dulu, jelek udah gak kayak dulu lagi, mending di aplikasi SoundCloud udah bagus gratis lagi",1,negatif
keren banget cuman yang gak keren ada premiummya,5,positif
ini apk dah bagus tapi yg bikin gw shock adalah pas ini apk sampe 2gb lebih padahal download cuma 45 mb makanya saya kasih bintang 4,4,positif
"Alangkah baik nya,, kalau ada Romanisasi di lirik nya. 😁",4,positif
"iklannya banyak bngt jir makin kikir dah, awal awal cuma 2, ini jadi 4 or 5 giluyy trs ganti ganti lagunya terbatas bngttt ga seru huuu!!!!",2,negatif
mantap,5,positif
Sangat bagus tapi iklannya dihilangkan saja biar nyaman dengarkan nya,1,negatif
kicau mania,5,positif
"sangattt baguss ,dan lagu nya seruu ,aku kalo nyuci piring/ bersihin rumah tuh dengar lagu ,lagu nya bagus"" semuaa👍",5,positif
"padahal ni apk bagus bgttttt, tapi makin lama makin banyak iklannya. sekarang aja udah 5 iklannya 🙂",3,netral
bagus,5,positif
"aplikasi yang buruk harus bayar kalau mau putar lagu bebas padahal dulu gak kayak gini kenapa saya beri bintang lima? karna supaya cepat di kirim karna kalu kasi bintang lima akan di baca cepat tapi kalo bintang satu ga bakal di baca karna mereka pasti bilang ""pasti di bilang jelek"" sekina TERIMA KASIH aplikasi jelek",5,positif
bagussss,5,positif
I am exited,5,positif
cocok nih buat yg mau beberes rumah tinggal setel di Spotify,5,positif
sangat bagus di Spotify,5,positif
alah jelek,4,positif
kolo galau bisa denger lagu,4,positif
guaj suka,5,positif
best lahh,5,positif
bagus,5,positif
"Sangat bagus, cocok untuk anak yang masih kecil, Kalo bisa bintang 10000 saya kasih😌",5,positif
jelek,1,negatif
aku mau main ff tapi lagu nya berhenti,2,negatif
aplikasi ini bagus,5,positif
agak tidak sesuai,5,positif
"kebanyakan iklan ah, masa tiap puter lagu dan ganti lagu lainnya langsung iklan, ya kalo iklannya cuma satu, lah ini sampe 4 apa ga pusing kebanyakan denger iklan",1,negatif
🤩,5,positif
asikkk,5,positif
iklan tolong dihapus menggangu sekali,1,negatif
asik,5,positif
Aplikasi ini bagus sekali! selain lagunya lengkap aplikasinya gak ada iklan 🤩,5,positif
iklan trs,1,negatif
sangat sukaaaaa,5,positif
good music,5,positif
lagu nya seru buat nulis dengerin lagu seruuu,5,positif
gokil,5,positif
bagus or jelek,5,positif
nice,5,positif
maksimal gk usah ada iklan nya🥰,3,netral
naisa. aku suka dengerin lagu yang aba bi Spotify ya karena lagu nay enak aja gitu didengar nya,5,positif
gila iklannya sampe 5 kali.,1,negatif
bagus,5,positif
disarankan untuk uninstall dan berhenti berlangganan,1,negatif
WOWWWWWWWWW,5,positif
masya allah ada lagu semuanyo semoga kedepannyo makin bagus dn ada lagu trend dn tambah in background warna pink atau hello kitty dll.,5,positif
loveee,5,positif
menurut ku aplikasi ini bikin semangat main game tapi minusnya durasi music terlalu pendek biasanya cuma 3-5 menit doang adain yg 10-30 menit dong maaf jika ada salah kata ..salam,4,positif
"Aplikasi bagus buat dengerin lagu"" gratis lagi, terimakasih",5,positif
ada bug bisa dengar musik tanpa kuota,5,positif
bagus,5,positif
aplikasi terbaik 100%,5,positif
saya suka mendengarkan lagu yang saya sangat suka,5,positif
aku dulu pernah pakai aplikasi ini . sampai sekarang aku masih belum pernah pakai aplikasi ini. aplikasinya bagus arti grand,5,positif
"uninstall aja lah, dengeri playlist sendir malah di acak ke lagu lain apk geblek",1,negatif
suka bug,3,netral
"sudah nggak enak lagi Spotify, sumpah nggak enak lagi😀. uninstall nggak ya?",1,negatif
good,5,positif
1 domba.. 2 domba.. 3 domba.. 4 iklan,1,negatif
good,5,positif
banyakk bangett woi iklannya 3/4👎🏻,2,negatif
"bagus bagus aja siii,lengkap lagi lagi ny",5,positif
Akun spotifyku tiba2 logout sendiri nggak bisa masuk lagi ini gimana?,2,negatif
bagus,5,positif
baguss banget,5,positif
bagus tidak mengandung iklan yg sangat menggangu,5,positif
bisa cari lagu sendiri dan direkomendasikan,5,positif
𝚋𝚊𝚐𝚞𝚜𝚜 𝚕𝚊𝚐𝚞𝚞 𝚗𝚢𝚊 𝚋𝚊𝚐𝚞𝚜 𝚋𝚊𝚐𝚞𝚜𝚜,5,positif
banyak lagu idolaku ada di sini,5,positif
oke,5,positif
"Jujurly suka banget Ama ini aplikasi, hp aplikasi ini jadi temenku pas ngerjain tugas atau pun main game atau juga main pollybuzz🤭 POKOKNYA SUKA BANGET AMA INI APLIKASI 😋🩷",5,positif
sangat membantu & enak online maupun online,5,positif
praktis,5,positif
"tolong saya langganan premium tgl 5 April pas kemarin di cek Spotify, udah abis duluan premium nya di tgl 20 padahal belum tanggal nya kenapa ya premium nya tiba tiba habis, tolong ini pihak Spotify maruk banget, kasih penjelasan tolong aneh banget sumpah",1,negatif
mantap pol deh,5,positif
aku suka nyanyi dan sampe aku hapal😭,5,positif
Ea aja sih,3,netral
👍👍👍,5,positif
sangat bagus 😁,5,positif
andalan memang,5,positif
mantap spotifinya👍,5,positif
mantap,5,positif
"i like, teman kerja",5,positif
anjay. setiap 2 lagu langsung iklan. tapi gpp lah. namanya juga gratisan. 😂,4,positif
apaan bgt baru satu lagu dah iklan. iklannya 4 lagi. ngeselin banget. huak cuh,1,negatif
oke juga hehehe,4,positif
bagus,5,positif
sangat membantu,5,positif
enak bgt ga ada iklan dan bisa nyetel lagu sambil hpnya mati lup lup,5,positif
bagus banget tapi sayang nya selalu ada iklan,5,positif
aplikasi kikir iklannya tentang premium mulu😹 maksa banget nyuruh premium kebelet kaya lu?,1,negatif
sangat bgus,5,positif
ok bnget,5,positif
mantul,5,positif
aplikasi tidak berguna d suruh buat akun segala,1,negatif
mantaap,5,positif
Aplikasi Mantap...!!!,5,positif
bagus tpi sering erorr,5,positif
bagusss sukaaa,4,positif
kebanyaan iklan buat tidak nyaman,1,negatif
baik,5,positif
kikir,1,negatif
akun saya tidak bisa login ke spotify!!,1,negatif
kikir tingkat dewa😹😹😹,1,negatif
mntap,5,positif
baik,5,positif
Gila iklannya udah kek Nonton tv aja uninstall sh,1,negatif
"lu mau naik haji apa gimana,masa gua dapet iklan 4",3,netral
seru,5,positif
kalo bisa di kasi bintang 0 atau - udah ak kask,1,negatif
ribet amat mau pilih lagu aja harus berlangganan 👍,1,negatif
"iklanny 3 cuy, play beberapa musik ga nyampe 5 lgsg iklan but overall bagus sihh, lagunya lumayan lengkap cmn ya gitu.",3,netral
Tempat untuk menikmati musik favorite di sini di spotify,5,positif
kebanyakan iklan,1,negatif
"ini apk bagus sih tapi iklan nyh ama lagu dulu gak di batas pilih lagu tapi sekarang di batas cuma bisa pilih 3 lagu bisa gak di ubah lagi kaya dulu, gak di batas milih lagu nyh, dan iklan sekarang malah lebih banyak dari pada dulu plis ubah yok, ini jempol bisa loh ubah bintang nyh jadi ke bintang satu",5,positif
"bagus sih aplikasinya, tapi bosen juga lama² dengerin iklan ada 4x dan capek juga denger iklan, satu domba 2 domba 3 domba. capek yoiiii😭😭",4,positif
𝙜𝙜,2,negatif
sangat bagus,5,positif
kalau premium ni app bagus bgt,5,positif
ok lah buat musikan,5,positif
sukaa bangett,5,positif
kok ketika saya mau masuk spotify jaringannya lag ya padahal wifi lancar,3,netral
best song,5,positif
enak aja sih soal nya banyak lagu dan dll,5,positif
ini mau dengerin lagu apa dengerin iklan💁👀👂,1,negatif
"KIKIR BET ANJJJJ, MANA SEKALI IKLAN KADANG 5, INI MAU DENGERIN LAGU ATAU IKLAN?? KURANG KURANGIN DAH IKLAN NYA",1,negatif
bagusss,5,positif
enak bett dengerin lagu disini euyy,5,positif
kikir banget ni apk masak iklan 5 sendiri,1,negatif
banyak iklan bintang satu,1,negatif
enak buat dengerin lagu,5,positif
"aplikasii nyaa bagus bangett, semua lagu terdaftar di sportify apalagi kalo sudah berlangganan banyak banget benefitnya. guys kaliann harus coba berlangganan seseru ituuu apalagi bisa interaksi sama artis favorit. kalau pun tidak berlangganan sportify menyajikan lagu lagu yang bisa kita dengar 🙌🏻🔥",5,positif
bagus jernih,5,positif
ini tinggal ketik liriknya langsung ketemu judul nya,5,positif
👍🏿,5,positif
sangat puasa dengan pelayanan Spotify nya sukses terus,5,positif
bagus dan sesuai dengan saya,5,positif
cari lagu? yg nge sad dikit untuk single era mah : auto win main game🤓,5,positif
"iklan terlalu sering muncul, semoga apk cepat di hapus dari play store",1,negatif
bisa dengerin lagu kesukaan tapi lagu nya kebanyakan jadinya saya gak bisa ku lewati juga iklan tolong ya,5,positif
"cinta mati sama spotify, cuma ada beberapa lagu gak masuk. but its okey, aku suka",5,positif
💞,5,positif
enakan Bagus suaranya bagus juga aku nilainya cuma 5 doang,5,positif
enak bisa menemani pas galau,5,positif
ini aplikasi sangaangt bagus buat galau main gem seru tapi tolong perbaiki ada iklan pas lagi denger lagu,5,positif
enak praktis dan tidak ada iklan sedikit pun,5,positif
makin banyak iklan cogggggggg,2,negatif
"seneng bngettt dgn spotify...sangat membantu saya saat menidurkan si kecil..., kebayang g sih...klo g ad spotify...mesti nyanyi terus sampe si kecil tidur....😇😢😭😭",5,positif
mantap,5,positif
sangat suka,5,positif
sangat suka,5,positif
ini aplikasinya bisa buat sambil main game gak sih kok setiap main game putus. jadi kan harus ke aplikasi nya lagi buat nyalain,1,negatif
"bang spotify tambahin fitur Repeat dong supaya lagu/musik nya bisa di ulang lagi otomatis jadi nggak manual supaya praktis,kalo di tambahin apalagi fiturnya gratis,jamin spotify makin bagus,tambahin ya untuk update Spotify selanjutnya!!!.",5,positif
bagus lagu lagu ya,5,positif
Nice decision to pick this app,5,positif
bagus,5,positif
bagus skl,5,positif
mantep,5,positif
aplikasi ini udah bangus sekali,5,positif
sangat cocok dengan aplikasi ini 👍👍👍👍,5,positif
masuk daftar boikot ini,1,negatif
spotify emang paling mantap,5,positif
karena tidak bisa diatur banyak yang harus bayar dengan premium saya kurang suka ini,1,negatif
"iklannya kebanyakan, dikit-dikit iklan, baru 1 lagu di dengar iklan lagi mana banyak banget, tolong diperbaiki",3,netral
"99,9% dengar iklan 0,1% dengar lagu",1,negatif
apk inii sangat bagusss,5,positif
bagus dan gk ribet tpi KIKIRR iklannya 1 aja pls,3,netral
"aplikasi nya bgus, lagunya juga sangat lengkap dan banyak",5,positif
bagus pake bngtttt,5,positif
bagus aku suka,4,positif
jelek harus bayar kalo mau putar lagu,1,negatif
lagu nya enk enak semua aku suka ad lagu cinta lagu sedih lagi ceria dll pokoknya enak banget deh apa lagi nyari lagu buat karaoke di sini😋,5,positif
l lagu-lagunya sangat bagus dan sangat bagus saja jadi iklannya kasih jangan banyak karena kita tidak bisa memutar lagu seperti ini seperti itu karena terlalu banyak iklan,5,positif
ok,5,positif
mantap,5,positif
"knp ya Spotify aku tu lirik nya ga muncul ga sinkron, aku gatau penyebabnya, katanya hrs di update udh kok, klo ngga coba instal ulang, udh jg tpi sm aja, udh lama bgt bgtu, jdinya mau liat lirik tu susah bgt, pdhl ada tpi ga muncul pas di klik, knp coba? apa lagi yg salah?apakah hrs premium dlu baru bisa liat pake lirik? mkstnya tu susah lo mau liat lagu tpi liriknya malah ngebug, tolong dong arahin ini",1,negatif
cool,5,positif
banyak pilihan lagu dan gratis dengerin lagu di Spotify seru banget,5,positif
bagus dan mejik,5,positif
teman sehari-hari sekarang sudah ada liriknya 😄,5,positif
"aplikasi gj, iklan dikit dikit nambah anj rispect napa ke pemakainya",1,negatif
tolong dong kalau mau denger lagu yang kita suka masa harus ke Spotify yang premium kan kalau yang gak punya duit buat beli jadi gak bisa di denger tolong di perbaiki ya kalau untuk yang lain sih oke oke aja,3,netral
mahal bgt ee,1,negatif
lagu lagunya enak banget untuk di dengar tapi sayangnya gabisa offline,5,positif
saya pernah memakai app ini dan berguna,5,positif
bagus buat santai,5,positif
aplikasi nya bagus,5,positif
suka dengerin nya,5,positif
mantap,5,positif
enak,4,positif
"stabil pokoknya, mantap",5,positif
enak buat gem,5,positif
keren,5,positif
mantap,5,positif
Setidaknya kalau buat iklan yang bagus.,1,negatif
GACOR BANGET,5,positif
-kebanyakan iklan,4,positif
Meningkatkan semangat,5,positif
"baguss, sukakkkkk",5,positif
iklan nya banyak banget sampe 5,5,positif
"tiba tiba akun yang lama ga bisa digunakan, padahal sudah premium...",3,netral
"kebanyakan iklan.. 2 iklan gpp sihh tapi makin sini makin nambah, nanti tiap ganti tahun nambah terus ni iklannya gk sekalian muterin iklan aja terus jangan musik",1,negatif
iklan nya bnyk amat,4,positif
mantap,5,positif
walaupun jdi enak main game smbil dengerin lagu tapi jadi ga enak grgr disuruh bayar klo udh sring dengerin lgu,2,negatif
"Spotify Aplikasi Musik Yang Bagus, Lagu"" juga lengkap",5,positif
seruuu,5,positif
sangat bagus sekali,5,positif
lagu nya sesuai yg di kehendaki bagus bagus gratis pula,5,positif
"gk bagus ah, baru buka denger lagu 4 atau 3 aja udah kena batas prem, ditambah lagi iklan, plis... dong, kalo iklan mah. menurut ku dikurangin aja. terus, untuk batas prem nya. jangan kek orang pengen maksa bgt orang untuk beli prem ya, tolong, lagi seneng seneng nya denger lagu eh kena batas prem. kalo gitu mah, saya kasih bintang 1 aja",1,negatif
top,5,positif
bagus ada lagu kicau kicau somamiya,1,negatif
bikin mod jadi balik lagi,5,positif
Bagus sih tapi banyak likalan nya,5,positif
musiknya asik,5,positif
mantap,5,positif
good,5,positif
good apps,5,positif
asikk bangettt...,4,positif
seru denger tapi ada iklan ya,4,positif
sangat bagus,5,positif
saya suka dengar musik,5,positif
sukak,4,positif
untuk premium tolong harga dibuat lebih standar untuk pelajar,1,negatif
𝐛𝐚𝐠𝐮𝐬𝐬𝐬 𝐛𝐚𝐧𝐠𝐞𝐭𝐭𝐭𝐭,5,positif
bagus bangetttttt,3,netral
"ternyata semakin sering kita muter musik di sini semakin sedikit batas kita bisa bebas puter musik, yg td nya sehari bisa bebas Gonta ganti musik beberapa kali sampe akhirnya udh ga bisa play musik yg kita klik harus premium dlu, trs skrng baru ganti beberapa kali tiba² lngsng udh ga bisa bebas play, iklan banyak, ga bisa bebas play pula, udh sekian trimakasih, ak uninstall 🙏",1,negatif
"setiap ingin mendengarkan lagu, pasti ada tawaran premium",1,negatif
sangat nyaman,5,positif
aku suka banget soalnya di aku banyak lagu galau 🙁,5,positif
"APLIKASII NYAA BUAGUSS BANGETT, COCOKK BUATT YGG LAHI BERESS BERESS RUMAA, NGERJAINN TUGASS, ATAUU LAGII GABUTT, minesnya si cuman kebanyakan iklan TAPII BUAGUSS POLL KALIANN HARUSS COBAAA BGTT SIIIII",5,positif
lagu ya semua ada pokok yah seru banget 👌👍,5,positif
"Ini kenapa lagi sih Spotify, udahlah kikir, kadang kadang shuffle nya juga ga bekerja, udh gw coba semua cara biar smartshuffle jalan malah ga bisa bisa",1,negatif
jiji banget skarang liat spotify iklan g cukup 1,2,negatif
Terima kasih Spotify,5,positif
coba,3,netral
musik sangat bagus kualitas mantap,5,positif
bagus kumpulan lagu dan musik nonstop menemani saat kerja lembur.. like,5,positif
bagus,5,positif
mantap,5,positif
kebanyakan iklan,1,negatif
musik nya banyak dan enak didengar,5,positif
"App musik yang kupake sejak SMA, udah lebih 7 tahun pemakaian. mantap",5,positif
mengenang masa lalu .nyaman sekali dengar lagu,5,positif
"jelek bgt byk iklan, kikir, bentar2 iklan, iya tau harus premium. cuman buat dengar lagu bayar no dulu",1,negatif
cukup bagus,4,positif
Spotify is amazing for music lovers. The playlists are excellent and the recommendations are spot on. The sound quality is great.,5,positif
bagus,5,positif
aku suka lagu-lagu nya ada lagu yg aku suka,5,positif
bisa dengar lagu rude,5,positif
bagus,5,positif
mantap aja,4,positif
madepp,5,positif
bisa denger lagunya,5,positif
permisi kak ini iklannya emang iklan apa musik ya lama amat,4,positif
recommended,5,positif
bagus banget ini,5,positif
"maksa banget harus premium ya bos, muter lagu yg diinginkan kan pun dibatasi, dikit kali pulak tu perharinya",1,negatif
bagus kalau pas main game,5,positif
"always happy pake ini , aplikasi mudah digunakan dan enak",5,positif
"tidak masalah ada iklan, tapi membuat iklan dengan suara klakson sangat menggangu konsentrasi saat mengemudi. ini sebaiknya dikaji ulang.",1,negatif
aplikasi ini bagus 👍,5,positif
30 % dengerin lagu 70 % dengerin iklan,1,negatif
"pengalaman bermusik yg mengasyikan, bisa untuk menemani segala aktivitas. terimakasih Spotify.",5,positif
"mari kita pindah ke yutup go, disini ada di notic krus,oh tenang aja pake soptif premium, ada 1domba ada kejebak macet,udah punya lagu aku belum, kemana aja pake sportify premium, kayak lagi denger konser, kebanyakkan iklannn",1,negatif
full musik... full happy,5,positif
"Spotify klo jadi orang itu kikir bgt, kebanyakan iklan! mana lama dan gak bisa di skip lagi.. hadeh",4,positif
bagus bgt musik nya apa lagi beli premium bisa dengar musik Tampa internet,5,positif
👍🏼👍🏼👍🏼👍🏼,5,positif
bagus yang dulu sumpah. jujur ni ya gue balik ke sini lagi karena play lis masih bisa kesimpen walaupun data aplikasi di hapus. sekarang malah mau nyari lagu terus mau di play malah ke lagu lain. premium mulu.. iklan 3 masih gue trima tapi gak juga pindah lagu harus pakai premium dong. kalau dari awal harus premium semu kenapa gak pas download apk di buat berbayar aja sekalian..,3,netral
karena saya sering make buat dengerin musik,5,positif
iklan berlebihan,2,negatif
bintang 5 kalo ak dapat gratis premium,4,positif
sangat bagusss,5,positif
bu bgt yh?,1,negatif
satu domba dua domba tigA DoMba kurangi iklan nya Spotify bro,2,negatif
"KURANGIN IKLANN KEBELET HAJI y? IKLANN MELULU HERAN GUAA,dkt' byr dkt' byrHEHH GA SEMUA ORG PGN SPOTIFY PREMIUM YA PUQI, INTINYA KURANGIN IKLANNYA",1,negatif
wew,5,positif
bagus,5,positif
keren,5,positif
nice good all music,5,positif
bagus,5,positif
lagu nya enak dan bisa putar sepuas nya💖🗿,5,positif
bagus bgt aplikasi ini tp iklan nya lama bgt,4,positif
"musiknya lengkap cuman sayang kalau mau download harus berbayar, padahal itu yang penting. andai gratis atau minimal bisa download asal nonton iklan juga harusnya gapapa sih tapi ini hanya harus berbayar aja jadi sangat disayangkan",1,negatif
"enak, semua lagu ada",5,positif
bagus cuman masalah di iklan nya saja,4,positif
bagus aku bisa dengar semua lagu dari ini,5,positif
Abi,5,positif
aplikasi kikir dulu iklan 1 sekarang 5 terus harus beli premium biar bisa bebas nyetel lagu berapapun aplikasi kikir! (memberi dislaik)👎,1,negatif
mantap,5,positif
semua lagu yang kita minta selalu ada dan sangat cocok untuk kita,5,positif
bagus.,5,positif
mantap,5,positif
bagus,5,positif
kebanyakan iklan,1,negatif
bagus tapi iklan tolong di kurangun ya,4,positif
makin kikir aja🥰,5,positif
ini GK jelas masak musik udah di download GK bisa di puter kan aneh,2,negatif
Bagus bisa dengar lagu' kesukaan,5,positif
baguss poll lagu lagu nya,5,positif
Mantap Coy wajib donlodw,5,positif
"bagus,seru,pilihan lagunya banyak,paket premiumnya murah lah🤤..cocok di gua..pokoknya bagus, gk ada ngelag..😘👍",5,positif
"terlalu banyak iklan, kurangnya kenyamanan dalam mendengar musik akibat iklan",2,negatif
sangat rekomendet buat kalian yang suka bernyanyi,5,positif
iklan nya sekarang 4 coy mungkin 2-3 lagi nambah 5,1,negatif
wah bagus sekali,5,positif
bagus lengkap apa yg aku mau cari...cuma aku mau masukin lagu2 karya aku di Spotify tidak tau caranya,5,positif
goood,5,positif
❤️❤️❤️,5,positif
aplikanya bagus banget,5,positif
terlalu kikir (banyak iklan),1,negatif
bagus,5,positif
saya sangat kecewa sama aplikasi ini baru putar lagu 6 aja udah gak bisa lagi di putar dan harus premium,1,negatif
mantab tapi beriklan,4,positif
"Iklan sih gpp y. Lah ini yg bikin anjai tuh denger lagu dibatas??!! BUSET, tolong lah untuk denger lagu jgn d batas",1,negatif
keren dan bagus,5,positif
bagussss bangettttttt,5,positif
kerennn,5,positif
"mohon maaf jika saya kasih bintang 3, saya tidak akan beli premium jika iklannya lebih dari 4 kali🙏",3,netral
"iklannya udah mah 4 udh gt pas di widget suka ngelag gbs di pencet, sering banget masuk aplikasi nya malah gbs muter lagunya gr' offline pdhal wifinya nyala gmn si",1,negatif
bagus,5,positif
"apk nya bagus dan aku suka, tapi yang aku gak percaya ternyata ini pro isriwil😞",1,negatif
iklannya ngalahin yutube ..,1,negatif
"banyak banget iklan nya, lu kebelet umroh apaa gimana dah?",5,positif
mabok iklan,1,negatif
jujur semua udh bagus. mungkin minus di bagian iklan sama bagian premium itu menurut ku itu lumayan mhl apa lagi banyak pelajar belum punya penghasilan sendiri,4,positif
bagus lagu semuanya ad,5,positif
"mantapp,,,i like it. belium premium aja udah setajir ini,,, kebanyakan org ngeluh Spotify kikir pelit APALAH KLEAN CUMA NGGAK SABAR GONTA GANTI LAGU DOANG MAKANYA COOLDOWN LAGU NYA...sejauh ini gw enk enk aja sih",5,positif
aplikasi ini bagus untuk prank temen yang sedang main game yang fokus🗿,5,positif
OK,5,positif
gratis nya gak full,4,positif
bgussss,5,positif
👍👍👍,5,positif
tidak tau suka aja,5,positif
bagus,5,positif
hembat,5,positif
semua lagu ada,5,positif
gak bisa berganti dengerin lagu nya😋👍🏻😫😩,5,positif
iklan lu bjgn!!! anj,1,negatif
bagus,5,positif
menyenangkan sekali,5,positif
spotify lagunya pada enak di denger 🤗,5,positif
baik apik,5,positif
buat jadi becsond Bagus banget emang Spotify terbaik gw sering cari lagu buat becsond YouTube,5,positif
keren,5,positif
"aplikasi ini sangat bagus untuk menyetel lagu"" yg sedang trend asik dll.",5,positif
Teman utk perjalanan jauh...,5,positif
"Spotify nailed music discovery. Daily Mixes, Discover Weekly, and Release Radar feel like they read my mind. Audio quality is excellent and Spotify Connect works on every device I own. Podcasts + audiobooks in one app reduce clutter. Lyrics, Blend playlists with friends, and Jam sessions make listening social. Wrapped every year is a cultural event. Premium is worth every cent for no ads and offline mode. Best music app period.",5,positif
banyak bet iklan,5,positif
gak sekalian iklannya 10,1,negatif
lagu paporit ada semua padahal ada yang ga ada di aplikasi sebelah,5,positif
mantap,5,positif
"setiap neken lagu yang mau di denger gabisa di suruh premium selama 3 bulan ,di aku yang maunya ga premium jadi susah buat denger lagu,mending dengerin tanpa premium tapi ada iklan di banding harus premium",3,netral
"bagus dan enak buat didengerin. semua aplikasi pasti ada batasnya pas dengerinnya cuman bentaran tapi tolong hapus batasnya untuk beli premiumnya yaa biar saya gak perlu bayar, makasih 😊",4,positif
lagu bagus,5,positif
top,5,positif
"udah lumayan bagusss, tapiii banyak iklanya haha",4,positif
apknya jelek,1,negatif
banyak kali iklan nya Spotify kebelet haji lu?,1,negatif
mudah mencari lagu yang disuka,5,positif
aku kasih rate 4 karena iklannya makin lama makin banyak + durasi nya banyak juga,4,positif
bagus,5,positif
enak banget buat ngerjain/bermain,5,positif
izin mengatakannya saya merasa aneh dengan Spotify milikku saat aku mencoba memutar lagu payphone yang muncul berbeda apa ada yang salah?,4,positif
aplikasi serasa teman hidup,5,positif
"ulasan sebelum nya b3 udah ku ganti b5, mantap deh pokok nya Spotify",5,positif
aku suka dengan lagu lagu,5,positif
"iklannya kurang banyak,harusnya jgn 3 atau 5, 10 iklan lebih bagus",1,negatif
👌👍🙏,5,positif
Bagus 😍😍😍,5,positif
Woi kikir,1,negatif
"bagus,, tapi suka ngelag",5,positif
Sangat baik,5,positif
"keren deh pokoknya wajib donwload, cuma aku saranin jangan ada iklan' deh",5,positif
love it❤️,5,positif
Asik,2,negatif
bagus bgt kecanduan sama lagu a thousand years 🤪 lucu,5,positif
Ramah harga buat Mahasiswa,5,positif
"bagus, tapi kikir pisan, semua nya iklan, iklan, iklan Dan iklan",2,negatif
jooooosss gandoooozzz,5,positif
"bagus sih,cuma banyak iklan aja",4,positif
sangat puas,5,positif
samgat bagus lagu full bisa main game sambil denger lagu dah jadi gw kasih rating5 dah gitu aja ya loll,5,positif
"aplikasi nya sih bagus, varian lagu nya juga banyak, tapi kok iklan nya klo ga prem sekarang banyak bngt ya, saya sudah menggunakan aplikasi spotify dari lama, awal² iklan nya cm 2, lalu nambah ke 3 sekarang 4, dengerin lagu jdi males bgt soalnya kebanyakan iklan nya",4,positif
mantaps minn,5,positif
seru kayak surga lagu i like this,5,positif
jelek. kebanyakan iklan. tiap bentar iklan. mana iklannya langsung 5. dan iklannya juga CRINGE.,1,negatif
"wow, iklannya itu loh ngiklan bgt🥰🥰",2,negatif
bagus lengkap lagu nya tapi makin banyak iklannya,3,netral
jujur banyakyang harus bayar dan dikit dikit bayar kayak dengerin lagu bayar. pas lagi milih lagu malah iklan dan iklan nya bukan 1 tapi 2 dan iklannya itu lumayan lama dan aku ga suka aja ditambah disuruh bayar mulu.,1,negatif
lagunya enak banget,5,positif
ok,5,positif
"aplikasi pelit, harga premium nya mahal di kantong pelajar + makin banyak aja yang di premiumin padahal udah make dari jaman² bisa cpetin lagu sampe sekarang cuman bisa milih 2/3 lagu aja, sisanya harus prem biar bisa milih lagu🤭",1,negatif
bgus,5,positif
Seru bngt apalagi bisa di dengerin sambil hp mati soalnya di youtube gak bisa suka banget sumpah makasih spoify,5,positif
bagus-bagus aja sih Tapi kalau ada iklan tapi iklannya 10 atau 3 itu baru nggak bagus soalnya harus nunggu gitu... lagian nama gitu ditunggunya kan :/ juga kadang spotify itu kadang error NAJIR kayak nggak bisa diganti-ganti lagunya lho ya 😭 jadi lumayan agak ribet kalau pake spotify :),5,positif
"Assalamualaikum warahmatullahi wabarakatuh bro, kenapa ya sportify ku tak mau terbuka",1,negatif
baguss banget bisa tenang kalo mau stel musik,5,positif
enak karna bisa sambil man game,5,positif
KIKIR BANGET WOI,1,negatif
kenapa ya sekarang suka logout sendiri dari pengaturan peluncur android outo.mohon di perbaiki min.,5,positif
enak tidak ada iklan,5,positif
apk nggk guna heran kenapa ini apk tercipta,1,negatif
puas sih tapi ya kalo ga premium terbatas tapi bagus lah saya suka apk ini,5,positif
bagus banget,5,positif
aplikasi lagu Spotify ini sangat bagus untuk mendengar lagu lagu dan di aplikasi ini banyak lagu lagu yang sangat bagus dan berkualitas yang sedang bosan atau yang sedang santai ingin dengar lagu bisa disini aja dan tidak berbayar dan gratis cocok yang suka dengar lagu lagu yang seru yang sedih dan banyak lagi lagu nya jadi yang suka dengar lagu download aplikasi Spotify aja gratis tanpa bayar dan tidak ada banyak iklan yang terlalu berlebilebihan jadi cocok mendengar lagu sambil nyantai danseru,5,positif
"aplikasi kapitalis,1 ads 30 detik x 3 sekali tayang=1 menit 30 detik Suara/ Hi resnyapun terbatas walaupunudh level platinum ttp dikompres milih lagu yang mau diputar pun dibatasi perharinya klo lagi non premium,bagusan Apple music klo mau perbandingan premiumnya.",1,negatif
bagus banget,5,positif
sayang banget Spotify ini seru bingit,5,positif
aku suka banget,5,positif
bagus lagu lagu nya juga keren ketika ingin mencari lagu pun tapi gak tau judulnya bisa pakek lirik luar biasa,5,positif
enak dengerin lagu,5,positif
bagus,5,positif
aplikasi nya bagus saran iklan nya di jadiin sedikit,5,positif
bgus aj,5,positif
"kebelet haji,cuma ngurutin lagu aja pake premium segala",2,negatif
oke,5,positif
aplikasi kikir,1,negatif
bagus,5,positif
good dah itu aja,5,positif
bagus banget gua akhirnya bisa dengar lagu tanpa susah downloads sama nunggu,5,positif
"enak bgt dengar lgu disini walaupun ada iklannya, dengar lgu di spotify jdi nambahin mood banget",5,positif
"kebanyakan iklan kalo ngga premium, harga premium naik mulu, kebanyakan jenis premium",3,netral
"bagus banget aplikasi nya, dan lagu nya seru² ada dangdut, k pop, DJ, yang ngetren semua ada deh bagus banget, membantu aku kalau lagi bosen. terima kasih Spotify",5,positif
"bagus, semua lagu ada",5,positif
please lah iklan nya cukup 1 aja gak usah 3,1,negatif
lebih praktis,5,positif
bagus dan pokoknya bagus suaranya jernih,3,netral
bagus bagus lagunya,5,positif
kerennnn,5,positif
apk Nya bagus banget,5,positif
"ska bgt dnger musik di sini, tpi knpa dikit dikit hrs premium njir",3,netral
aplikasi yang bagus bisa santay sambil dengar musik,5,positif
musik-musik yang sangat bagus loh ayo cepetan download,5,positif
bagus suaranya,5,positif
enak banget di pake buat dengerin musik🙃,5,positif
aplikasih nya kren,5,positif
sangat bagus buat belajar juga asik,5,positif
Nice,5,positif
bagus bgt ni apk💖💖💖,5,positif
"Mimin tambahin lagi lagi baru, yaitu lagu helikopter turun ke padang",5,positif
bestt🤩🤩,5,positif
"bagus dengerin musik bisa sambil chat, atau liat yang lainnya",5,positif
sangat asik mendengarkan lagu di spotify,5,positif
bagus lh masih,5,positif
aplikasi keren dari duluu,5,positif
"sebenernya ni apl mantep banget, tapi makin kesini makin banyak iklan (sebenernya ga masalah sih) dan juga selalu ke shuffle (ga bisa pilih lagu lagi) padahal masih 1 lagu, dulu kalo nggak salah sampe 5 deh. but it's okey tetep best karna aku pemakai gratisan🙂‍↕️🫶🏻",4,positif
gimana ya kok gak bisa sesuai lagunya,5,positif
bagus,5,positif
sangat suka,5,positif
",👌👌👌👌👌👌👌👌",5,positif
aplikasi ini sangat keren jadi ku kasih bintang lima,5,positif
Banyak lagu yang aku nemu ada 1 lagu yang mengingatkan masa lalu,5,positif
"menurutku apk ini aga jelek , waktu udh mau simpen buat sambil main game , dinyalain musiknya gamau ,",2,negatif
tolong iklannya sedikit aja,4,positif
"agak kesel sih, wkwkw apa apa premium, boleh lah kalau iklan lah ini lagu yang kita mau diacak acak lagi awikwok emang",2,negatif
"baguss banget aplikasi nya, tapi tolong iklan nya dikurangi yaa. karna banyak bgt bisa sampe 5 iklan..",5,positif
"iklannya teh makin menjadi"", makin banyak, tolong dong masa iya dari 1 iklan ke 2 eh sekarang malah 4",1,negatif
gg dan asik,5,positif
keren,5,positif
bagussss bangettt pokoknyaaa,5,positif
Spotify bagus,5,positif
Bagus apk ny,5,positif
bagus bgt,5,positif
bagus banget,5,positif
gw pengen stel lagu malah playlist mana acak lagi,1,negatif
"bagus banget , banget banget, aku kalau galau denger lagu di sini jadi lebih tenang , pokoknya jos bangett",5,positif
Enak banget pakai spotify,5,positif
karna aplikasi ini sangat berguna,5,positif
lebih gampang dan ga riber real buat dengerin musik,5,positif
"bagus sih tapi banyak iklannya,masa habis 2 lagu langsung iklan lagi dan seterusnya,tapi gpp tetep sukaaaa🤭😘😘",5,positif
keren,5,positif
bagus tapi banyak iklan nya,5,positif
ok,5,positif
bagus,5,positif
"platform lagu yg kikir nya kikir bngt,red flag pokoknya",1,negatif
suka aja.,5,positif
terlalu banyak iklan,1,negatif
harus nya bisa di download aja sih tapi oke lah,4,positif
bagus cuma harus bayar coba kalo gratis kecewa dikit gara' bayar aja sih atau engga bagus,5,positif
mantap Skali,5,positif
suka,5,positif
Good n nice,5,positif
bagus,2,negatif
bagus,5,positif
banyak iklan anj,1,negatif
Coba nanti belum siap,4,positif
gk jelas,1,negatif
saya suka lagu2 nya,5,positif
👍👍👍,5,positif
"sudah bagus, suka smua lagu terdaftar disni, minesnya beberapa fitur yg sepele malah di premiumkan, seperti auto ulang lagu sayang banget di premium in, kalo free access bakal ku kasih bintang 5, tapi overall bagus, oiya iklan cukup 1 aja plss, kita mau dengerin lagu bukan dengerin iklan, ituaja sekian terimakasih.",3,netral
bagus banget,5,positif
"Yg download aplikasinya udah 1M+ tapi malah di pasangin iklan tanam. Dns/Vpn tidak mempan, mana iklan nya gk bagus, gada yg tertarik.. malah orang-orang pada kesel. Kasih iklan sewajarnya saja, jangan EMPAAATT!!, Kalau cuma 1-2 iklan itu udah lumayan banget penghasilannya, karena banyak penggunanya. Seharusnya bintang 4, tp sengaja saya kasih bintang 1 karena...",1,negatif
banyak lagu dan suka,5,positif
"aplikasi kikir,kebanyakan iklan",1,negatif
tolong lebih lengkap lagu nya,5,positif
aplikasi nya emang bagus cuma apa apa tuh premium jadi kalo yang kagak punya duit tuh gak bisa putar sesuka hati JD Tolong bgt jangan apa ap premium dong🙄🙄🙄😑😒,2,negatif
enak,5,positif
cakepp,5,positif
bagus,4,positif
bagus banget dan banyak lagu nya,5,positif
ok,5,positif
banget,4,positif
"Tampilan nya makin gak jelas terus pencarian lagu menjadi aneh ribet menyusahkan,muncul lagunya pas diputer malah lagu lain",1,negatif
seruuu bgttt aplii nyaaaa dan jugaaa lagunyaa enak enakk,5,positif
setiap beres satu lagu langsung 4 iklan sampah bgt,1,negatif
banyak kli pon iklan nya bujas tah apa' bikin gak mood,2,negatif
"iklan nya tolong satu aja cukup , kikir bangt etdahh",2,negatif
bagus banget mendukung buat lagi santai,5,positif
"kebanyakan iklan,ini mh bukan buat dengerin musik lg tp dengerin iklan trs",1,negatif
cantikk,5,positif
kalau gak premium iklan nya banyak banget,4,positif
aplikasi ini bagus tapi kurangi iklan iyaaa,3,netral
sangat bagus,5,positif
bagus,5,positif
boikot,1,negatif
banyak iklan,1,negatif
bagus,5,positif
tapi sedih harus ikut premium,4,positif
sangat sangat bagus untuk didengar,5,positif
kalo bisa gk usah ada iklan plis,5,positif
"ribet memutar lagu harus premium ,fiturnya jdi makin ribet GK seperti awal download apk nya",1,negatif
"Hey Spotify, You suck because of shuffle.",1,negatif
semua lagu bagus dan ada semua lagunya,5,positif
baik,5,positif
"Lagunya terdengar enak sekali. Untuk menggalau, senang, dan lainnya.",5,positif
Suka banget kalo dengerin musik di spotify,5,positif
sangat baguss aku suka,5,positif
very good... 👍👍👍,5,positif
"makin lama makin kikir nih apk, masa mau skip lagu aja ada batesannya mau ganti lagu juga ada batesannya, gak sekalian buka apk ada batesannya?",1,negatif
bagus,5,positif
lagu lagu nya enakkkkk polll 😁😁,5,positif
eumm bagus sih cuma pls lah iklan nya ganggu banget yang dulunya cuma dikit iklannya sekarang nambah banyak sama premium nya harganya tolong di kondisi kan ya zuzurrr zangggaalll,5,positif
bagus banget trs ada liriknya pokoknya bagus banget tapi tolong iklannya dikurangi selalu ada bug juga,3,netral
sangat bagus untuk sad ff,5,positif
aplikasinya sangat keren,5,positif
banyak iklan udah gak kaya dulu lagi,1,negatif
banyak lagu yang bagus di Spotify,5,positif
"kebanyakan iklan, premium mahal",2,negatif
lagu enak enak tapi iklan nya bisa dikurangin,5,positif
kebanyakan iklan,1,negatif
enak sekali dipake apalagi sambil baca novell!,5,positif
boleh boleh aja sihh tapi boleh gak bisa denger lagu tapi gak ada wifi nya soalnya aku suka dengerin lagu😀,5,positif
"bagus,dan lagu nya isi lirik",5,positif
sangat enak nyanyinya udah,5,positif
harus bayar,5,positif
"ngerusak mood ajg fitur lu yang ""direkomendasikan untukmu"" ilangin aja kek",1,negatif
sangat seru,5,positif
kebanyakan iklan,1,negatif
sangat mantapppp 🌹,5,positif
ada lagu BSK garedd,5,positif
Bagusss banget. cman boleh lah kasihh yg offline,5,positif
mantap,5,positif
keren enak lagu nya,5,positif
ok,5,positif
aku suka beberapa lagu dan seru bangett,5,positif
lagunya sih lengkap + enak cuma sekali iklan langsung 4 coba,3,netral
bnyk iklan mau naik haji kah,4,positif
bagus buat sad,5,positif
bagus banget dapat membuat saya semangat setelah dapet lagu yg dapat merubah hidup orang lain menjadi lebih baik,5,positif
Great,5,positif
jelekkkk,1,negatif
boikot,1,negatif
saya suka spotify karena bagus sekali cari lagu yang kita mau,5,positif
kenapa harus ad premium men :( tapi bagus semua lagu versinya ad,4,positif
kebanyakan iklan!!! mahal pula premiumnya!!,1,negatif
bagus,5,positif
kenapa lagu yang saya sukai malah fi gabung dan selalu acak💢💢💢 aku kesal karna tidak bisa mendengar kan satu persatu mending dikasih nol aja!!,1,negatif
mantappp,5,positif
"setiap denger musik selalu aja ada tulisan kembali lagi besok, rasanya lama lama jadi males jirr kalo di batasi, udh gitu iklan durasinya lama kaga ngotak",2,negatif
"WOIIII IKLAN 5 GA NGOTAKKKK btw, gapapa sih sebagai user gratisan, tapi tolong dong harga premiumnya aja mahal terus dibagi jadi beberapa kelas. 😊😊😊😊",1,negatif
makin lama bnyak iklan !!!,1,negatif
"Banyak banget iklannya, mentang² gk pake Premium, tolong dong hargain dikit, buset dikira gk kesel",2,negatif
bagus dan pas untuk mendengarkan semua musik sesuai dengan mood kita,5,positif
ok,5,positif
"sorry banget, krna kebanyakan iklan jadinya ke platform sebelah aja. apalagi harga premium nya ga main² lagi 💔 ga affordable bgt",1,negatif
bagus sekali,5,positif
seru dan banyak lagu nya,5,positif
sangat bagus banyak lagu yang saya suka,5,positif
lagu nya sangat enak di dengar👍👍👍,5,positif
bagus sekali karana semua lagu ada,5,positif
aplikasi kikir baru mau nyetel musik masa iklan 1 sampai 4 😹😹,1,negatif
"ini aplikasi nya atau hp saya, setiap saya membuka aplikasi buat menyalakan lagu itu lama sekali biasanya tidak bisa dipencet, dan lama ngerespon",2,negatif
"parah bgt bnyk lagu yang diputar ga ter sinkron dengan benar, suar juga suka tbtb ilang di tengah lagu.",1,negatif
buat sad,5,positif
sangat seru,5,positif
lagunya orang galau semua,5,positif
asik tpi bikin ngleg,3,netral
bagus,5,positif
sangat bagus,5,positif
bagus,5,positif
aku bisa mendengar music nostalgia masa kecilku 🥹,5,positif
nice,5,positif
i like Spotify because i like song dan ketika mambuka aplikasi lain lagunya masih berputar,5,positif
itu keren,5,positif
lagunya bagus jadi nyaman deh ✨🩷✌🏻🫪,5,positif
mantap,5,positif
aplikasi yang sangat bagus,5,positif
gila nga bisa daftar masuk bikin emosi,1,negatif
paan sih cok ga bisa di download,1,negatif
aplikasi nya 🅑🅐🅖🅤🅢.,5,positif
baguss,5,positif
iklan nya ngotak dikit,3,netral
ini kenapa nyetel lagu aja gak bisa di pencet padahal udah di update,1,negatif
saya suka mendengar lagu tanpa batasan da itu seruuu,5,positif
terlalu banyak iklan. apk kikir,1,negatif
bagus musiknya juga kedengeran,5,positif
enak,4,positif
tolong dong di kasih notifikasi setiap memperpanjang maupun beli premium dan ganti langganan ....walaupun sudah ada penjelasan di perpanjang otomatis setidaknya ada notif,3,netral
jelek suara nya padahal sudah di kasih preset EQ nya,1,negatif
tidak ada iklan,5,positif
bagus untuk dengar music berjalan di belakang sambil buka aplikasi lain,5,positif
"aku biasanya kalau bersih"" dengerin musik pakai spotify",5,positif
bagus,5,positif
bagus cocok buat galau,3,netral
musiknya keren keren,5,positif
bagu banget buat yang baru di putusin pacar khusus anak ep ep,5,positif
enak,5,positif
kerennnn,5,positif
mantap👍,5,positif
bagus bgt jadi mood,5,positif
"mungkin bisa di perbaiki lagi soal iklan nya, 1 cukup kalau gamau minimal harga khusus premium di kurangin.",3,netral
iklan nya sampe 8 mending klian denger musik di yt musik,1,negatif
bagus,5,positif
"kikir bet yak, nyantai ngapa iklannya",3,netral
bagus kita bisa dengerin musik,4,positif
kikirr bgt iklan jadi 4 sekarang milih lagu di batesin cuma berapa doang,1,negatif
kakean iklan,1,negatif
masuk iklan,1,negatif
karna banyakk iklannya tambah premium nyaa jugaa aga agaa,2,negatif
"bagus"" aja",5,positif
mantal,5,positif
aplikasi dan kualitas lagu nya terbaik,5,positif
🥳🥳🥳,5,positif
mending soundcloud,4,positif
"aplikasi nya bagus, di pake denger lagu sambil main enak, tapi kenapa sering tbtb ngilang ya lagu nya, jadi saya hrs keluwar game sebentar untuk menyalakan music mys",4,positif
aplikasi apa ini su su Gw Nyari Lagu tenang 10 jam Baru dua menit udh Iklan apaan ini ajg ajg guna si guna tapi Jangan lah iklan 4 lagunya cuma 2 menit Tapi gapapa Yang penting kurangin aja iklan nya,3,netral
banyak iklan,3,netral
apk ny gmw bgt klo ga premium kan ngeselin ya,2,negatif
🙂‍↕️🎧,5,positif
"Aplikasinya udah bagus, tapi pas saya coba main game, musiknya langsung berhenti",2,negatif
🥳🤩,5,positif
lagunya asik,5,positif
bebas mendengarkan semua lagu dan gratis,5,positif
kecewa berat nih sama spotify banyak banget iklan nya masa baru putar satu lagu udah iklan lagi gila lu yah kalo iklan nya sebentar yah tidak apa apa tapi ini stengah jama baru beres trus iklan nya juga plenger semua bejirr 🗿🗿🗿,1,negatif
lumayan buat hiburan sambil kerja,4,positif
aplikasi nya Bagu kalau main ml sama ff tinggal cari lagu di Spotify,5,positif
iya bagus,5,positif
bgud bgt,5,positif
bagus buat dengerin lagu sambil beraktivitas,5,positif
enak lagunya,5,positif
banyak iklan.😹,1,negatif
Mantapp walau banyak iklan,4,positif
sangat baguss,5,positif
good,5,positif
sumpahhhh gw suka bgttt sama aplikasi ini,5,positif
sufflenya gajelas jauh bgt dari genre yg abis di denger ngancurin vibes,1,negatif
bisa mendengar lagu sepuasnya,5,positif
karena bagus banget spotify nya lagunya enak-enak lagi dan bagus banget kalau misalnya aku lagi bad mood,5,positif
bagus,5,positif
gk bisa diulang lagunya jadi gk suka bintang 1,1,negatif
spotif ini sangat bagus,5,positif
endul,5,positif
"saran untuk premium, buat premium mini lagi",1,negatif
bagus banget Bikin semangat lagunya,5,positif
suka lagu lagu nya,5,positif
enak bgtt make spotify minus nya sii cuma di iklan,5,positif
"dulu meski gak punya kuota bisa jalan terus, sekarang mah gak bisa",4,positif
seru banget bisa dengerin musik,5,positif
cocok buat nugas jir,5,positif
biaya langganan juga gak mahal..suka banget aplikasi ini,5,positif
ok,5,positif
sukaa,5,positif
Mantab banget...Jooozzz pokoknya...,4,positif
lagu nya lengkap dan enk di dengarkan tapi saat di tengah tengah laguny tiba tiba ad iklan ak sering mendapat iklan jdi mohon iklannya dikurangi🙏,5,positif
kerja bagus👍,5,positif
cukup baik,5,positif
banyak iklan,1,negatif
banyak kali iklannya sampe 3-4 sekalian aja semua jadikan iklan,1,negatif
"banyak iklan sering ngelag lagi aplikasi nya, padahal kuota sama wifi mendukung banget ga ngelag, tapi aplikasi lemot parah, sekali iklan ga ngotak lagi sampe 4, giliran udah langganan malah ngelag banget jir",1,negatif
"semangat banget denger lagu lagu hitz, terima kasih deh buat developer dan pekerja keras yang disana. good job👍🗡️",5,positif
karena bisa menemani saya ketika kesepian,5,positif
geren dan bagus dah itu aja malas panjang panjang,5,positif
bagus untuk mendengarkan lagu trus lagunya juga banyak,5,positif
iklan trus p,1,negatif
lebih gampang,5,positif
bagus banget,5,positif
saya kasih bintang 5 karena saya menyukai apk ini,5,positif
ok,5,positif
terbaik.,5,positif
"rekomendasi hama, sekali dengar lagu Vietnam langsung lagu Vietnam terus yg diputar next songnya.",1,negatif
"iklan banyak, maksa premium.😌😌",3,netral
"Gampang Nyari Musiknya, dan lagu-lagu jadul lengkap",5,positif
tiap 2 atau 3 lagu pasti iklan mana iklannya 4 lagi lama banget 2 juga udah cukup kali.,1,negatif
sangat enak dan nyaman,5,positif
mantap keren banget,5,positif
oke god,5,positif
"skrg pelit bgt jd banyak iklan, maksa bgt nyuruh langganan",1,negatif
baguss sihh tapi tolong hilangkan iklannya. . !,3,netral
bagus,5,positif
"menghemat baterai,dan bisa dengarkan lagu kesukaan setiap orang",5,positif
bagus di dengar pokok nya bagus lahhh 🥰🥰,5,positif
selalu menemani disaat malam sewaktu lembur kerja🙏🙏🩷,5,positif
langsung bintang 5,5,positif
good apps,5,positif
"keren dari zaman sekolah gua pake ini aplikasi , asli keren",5,positif
kerenn😊,4,positif
seru,5,positif
keren ni,5,positif
sukak banget,5,positif
"tolonglah masa skip lagu/ganti lagu harus premium sih, cuman skip doang loh masa sampe segitunya",3,netral
bgus bgtt intinya sihh,5,positif
keren boss,5,positif
bagus banget aplikasi nya,5,positif
oke,3,netral
cocok sih sama aku,4,positif
good,5,positif
biasa saja,5,positif
"aplikasi music terbagus dan suaranya jernih, bisa mengatur equalizer sendiri, membuat playlist semau kita dan gada iklan sama sekali (KHUSUS PREMIUM😹)",5,positif
bagus,5,positif
bagus,5,positif
Banyak fitur baru... Luar biasa.👏🏻✨,5,positif
kebanyakan iklan,3,netral
enak banget buat dengerin lagu,5,positif
bagus.,5,positif
lag,1,negatif
diak liu tanba musik kompletu no kapas obrigado ne husi armando da cruz de jesus,5,positif
semua lagu nya ada.,5,positif
bavus semua lagu lengkap di sini,5,positif
bgus,5,positif
"spotify kikir bgt, iklan sampe 4 terus batas max 6 pemilihan lagu, kebelet prem apa gmn, kurang-kurangin deh ke pelitannya",1,negatif
iklannya banyak bgt anjj,1,negatif
kacau,1,negatif
bagus,5,positif
suka banget ngedengerin lagu2 pake spotify....,5,positif
"Dulu bagus sekarang jelek banget, dikit² iklan mana dibatesi lagi dengerin musiknya.saya mohon developer agar tidak terlalu kikir.",1,negatif
baguss buattt dengerin music sambil belajar,5,positif
sangat bagus lagu lagunya enak di dengarkan,5,positif
bagus aplikasi rekomen 👍,5,positif
mantap,5,positif
"aplikasi kikir, udah gitu banyak iklan. biasanya bisa lewatin lagu sepuasnya sekarang hanya 6 kali dalam satu jam, apa"" harus premium, benar benar kikir nih aplikasi",1,negatif
baguss,5,positif
baguss,5,positif
Dimana pun berada kau menemaniku...♥️❤️❤️,5,positif
karna ada lagu fav ku,5,positif
lagu bsk gared bagus banget,5,positif
bagus banget buat di dengar lagu nya,5,positif
"orb no inori gak ada,gak bisa maju mundur, kebanyakan iklan,durasi ikan terlalu lama,dll lama lama kek capcut developer cik",1,negatif
"APK INI WAJIB BERLANGGANAN, KALO PAKAI YG FREE IKLANNYA GK NGOTAK,",1,negatif
"this application is good, but... there are ads, yes, you have to use pro or pay, but the ads are three times, yes, at least once or twice is enough, no need to be a lot, we who are waiting also become demotivated.",3,netral
gue gak peduli kalo harus premium tpi premium Standardnya kemahalan,2,negatif
"Aplikasi musik yang paling keren menurut aku, mau nyari lagu apa aja ada",5,positif
aplikasi jelek kikir maruk semuanya aja premium kalau download lagi premium gak papalah tapi cuman ganti menitan lagu aja premium,1,negatif
Bagus🤗,5,positif
Spotify lagu nya enak didenger ada yang bikin nostalgia dan juga rindu masa lalu pokonya download aplikasi ini sekarang,5,positif
"suka bgtt, enak bgt buat setelah lagu di mana mana, top markotop deh",5,positif
makin lama makin banyak iklan nya,3,netral
Walaupun ada iklannya yg penting lagu lagunya enak di denger👍,5,positif
bagus,5,positif
seru,5,positif
bagus bangutt,5,positif
"bagusss banget,walaupun banyak iklan",4,positif
👍👍👍,5,positif
"iklannya banyak banget, 1 lagu 2 iklan, ini sebenarnya mau dengerin lagu apa mau dengerin iklan?",1,negatif
"harga spotify premium nya udah ngga toleran buat pelajar, mana iklan nya banyak banget lagi",1,negatif
sangat menghibur namun iklan terlalu banyak,5,positif
sangat bagus dan lagu nya agak lengkap aku sangat suka mendengar lagu di sini😄😄,5,positif
seru,5,positif
"Sekarang banyak iklan ,terlalu sering tidak seperti dulu",1,negatif
bgs bgt sih mnurut gw,5,positif
saya senang setiap hari mendengarkan musik dari Sovtivai,5,positif
baguss tambahin banyak fitur min,5,positif
lagu nya bagus dan enak pakai,5,positif
"semangkin lama semangkin kikir anj, dulu cuma 2 iklan nya sekarang ada 3 iklan nya, gw takut nya 2027 iklan nya ada 5",1,negatif
ga bisa masuk tanpa akun ya bikin ganas,1,negatif
lagu nya sangat candu,5,positif
nih apk kikir bgt njirr bnyk bet iklannya,2,negatif
bagus sekali,5,positif
bagus,5,positif
bagus bgt semua lagu ada,5,positif
"Bug nya tolong diilangin, masa saya ga bisa denger lagu yang di spotify? Ganggu ketenangan!",2,negatif
bagus buat lagi sunyi,5,positif
bagus ada semua,5,positif
parah developer tidak memberi kan lagu yang di beri klu malah gak ada padahal klue nya gampang nih apa salahku apa dosaku hingga kau itu kan lagu bang windah dan saya ingin main bussid tolong lagu artis berulutan seperti rhoma irama st12 lain nya gak papa tolonglah di baca dan di perbaiki jahat jahat jahat jahat kau developer😡 plis lagu my hone ridho rhoma ada lah jahat super jahat kamu kamu babi ya heh developer kenapa gak ada tombol play nya di luar aplikasi,1,negatif
"aplikasinya udah bagus tuh. Tapi kenapa fiturnya pelit sih? dikit-dikit suruh spotify premium. Pilih lagu masa cuma bisa 2 kali sehari aja? lewatin lagu juga 6 kali perjam, bikin playlist tapi pake lagu rekomendasi segala, lagu baru 2 diputar ada iklan.",4,positif
"tolong kasi fitur reset logaritma musik, musik yg lu saranin ga jelas semua ngaco",1,negatif
knp harus ad iklan sih,3,netral
iklan trus dk suka,1,negatif
Bagus ajh bsa dnger musik,5,positif
bagus,5,positif
aplikasinya bagus banyak juga lagunya jadi aku suka banget sama aplikasi ini,5,positif
"saran nih minn jangan kikir kikir amat lahhh masaa denger 2 lagu udah iklan kalo iklan nya 1-2 masi mending lah ini 4 gimana mau nikmatin lagu kalo gituuu, apk nya baguss tapi kikir",3,netral
coba saja aplikasi spotify ini gratis dan juga pas gw mau ganti lagu yg lain malah ada iklannya durasinya 1menit pula dan juga di suruh beli premium maksa amat ini aplikasi ini gw tau mengapa di suruh beli premium 1 alasannya biar orang pembuat aplikasi ini biar cepar kaya dan yg ke 2 setiap kita mau ganti lagu pasti muncul iklan kalian mau tau enggak iklan ini mangkanya muncul terus iklan itu bisa menghasilkan uang mangkanya di suruh beli premium lebih baik hapus aja aplikasi sampah ini sampah,1,negatif
sangat baik,5,positif
mantap,5,positif
iklan nya banyak nya ngga ngotak ngga kayak dulu,1,negatif
beh Inah seru banget,5,positif
"sebenarnya sih udah bagus, hanya untuk di bagian iklan tolong dikurangi ya. soalnya iklannya kebanyakan",5,positif
"iklannya terlalu banyak dan frekuensinya terlalu cepat. masa kesempatan untuk milih lagu cuman sedikit, udahannya gabisa pilih lagu di suruh premium. terlalu kikir",1,negatif
apk nya bagus,5,positif
baru putar satu lagu langsung muncul iklan😹😹,1,negatif
apapun music yang dicari selalu ada,5,positif
sangat Baik,5,positif
99/100 iklannya aja kebanyakan minimal 2 aja iklannya jadi lebih fresh kedengeranya,5,positif
bagusas bgtzz aplikasi iniii,5,positif
bagus tapi pas akhir akhir kalau pilih lagu ini munculnya lagu lain,3,netral
Bagus banget,5,positif
good,5,positif
enak,5,positif
bagus tapi tolong kenapa saat saya main game tiba tiba lagunya berhenti tolong perbaiki,5,positif
bagus tapi ad iklan kalo gk ad iklan enk jadinya debgerin lagu,3,netral
mantap,5,positif
bisa dengerin lagu😋🙏,3,netral
byk iklan,1,negatif
bagus,5,positif
asik,5,positif
enak banget buat denger lagu pas lagi belajar atau pas lagi main game✌🏻,5,positif
sfotifat ini jelekkkkkk,1,negatif
semua lagu ada,5,positif
bgussss,5,positif
maaf ya saya kasih bintang 1 karena sejak update saya gak bisa dengerin lagu playlist lengkap malah di kasih cuplikan nya doang. Apa yg mau di denger kalo cuma cuplikan lagu doang. Tolong dong di benerin. Jadi saya hapus aja dah aplikasinya. Cuma cuplikan aja playlist lagu² nya. Dan kebanyakan iklan yg ada.,1,negatif
"mau berlangganan ko di persulit gw bayar,nggak ngutang apk t41...!!!!!!!",1,negatif
aplikasi ini sngt enak. dan bagus,4,positif
ok,5,positif
bagus seru ajaa,5,positif
"bagus banget tanpa ada iklan yg menyebalkan,,good and the best 👍💞",5,positif
teman di segala waktu,5,positif
"Kikir, lemot, banyak bug, ngapain ngabisin duit buat apk ginian.",1,negatif
"bagus,tapi lama-kelamaan iklan nya banyak syekaliiiii😭",3,netral
aplikasi favorit inimahhhh love youuuuuuu,5,positif
"gratisin aja ga sih, udah orang Indonesia kebanyakan miskin miskin mau dengerin musik buat hiburan pun masih di bayar🥲",3,netral
"sudah bagus, tapi makin banyak yang menghujat karena kepelitannya, benar sih, soalnya sekarang iklannya bisa satu atau lebih, setiap dua lagu selalu iklannya menganggu, atau pemaksaan iklan untuk mendapatkan premium, tolong di perbaiki ya, semangat terus admin",5,positif
keren banget,5,positif
ok terbaik,5,positif
ok,5,positif
"Dibilang Bagus Nggk, Dibilang Tdk Bagus Nggk Juga. Iklannya Banyak,Lagu Yg Sdh Diputar Berulang Kali Ttap Diputar Lgi🤦🏻‍♂️",3,netral
mantap,5,positif
mantap,5,positif
bnyk iklan,4,positif
bagus,5,positif
"kebanyakan iklan, harga premium mahal. kebelet haji ya?",4,positif
enk buat dengerin musik pas olahraga,5,positif
tele koun gw muter lagu malah muncul tinggal bentar muter lagunya tulus sendiri sumpah gw benci penyanyi yang namanya tulus dan sekarang gw benci apk ini yang maksa dengerin lagunya tulus,1,negatif
Sangat suka...bisa menikmati lagu2 yang saya suka👍🙏,5,positif
semua lagu yang saya cari selalu ada dan pokok nya the best,5,positif
bagus,5,positif
saya sangat suka aplikasi ini,5,positif
matabbb bngt kalo lagi ngerjain tugas suka ngedengerin lagu di spotify,5,positif
sesuai dengan selera kita...,5,positif
aplikasi yang sangat membantu saya untuk menemukan kembali mood saya ..mood booster yang sangat brilaint....jaya. jaya......,5,positif
sangat membantu,5,positif
sangattt bagussssd,5,positif
love it!,5,positif
lagu nya terbaru semua dan iklan nya ga banyak,5,positif
kikir banyak iklan,1,negatif
"jujur bagus banget nih apk, walaupun sya pencinta yt music tpi klo segi desain emng nih apk bagus masalahnya di iklan yng gk waras, 4 iklan? itu kadang cmn keputer 2/3 bahkan cmn 1 lagu setelah iklan, dan ada bug entah kenapa kalau habis iklan cek judul lagu kadang masih iklan sebelum nya jdi lagu nya udh di jalan sekitar 1 menit tpi gambar nya kek masih iklan",4,positif
iklan nya 1 aj bisa ga?,1,negatif
"Lagu AOP - Bodohnya diriku ga ada, padahal itu lagu enak bgt, minta tlg min masukin lagunya ya",3,netral
"Bagus lah ya, tapi kyk bnyk bgt iklan ny, pengen pke Spotify premium tpi kn harus byar🙄🙄😪",5,positif
plisss spotify manusiawi lah 👿👿👿👿👿,1,negatif
Spotify mantaap,5,positif
"terlalu bnyk iklan, apa apa hrus bayar, sring ngebug offline pdhl online, audio ny jg jelek wkwk kalo brbayar mah mending skalian youtube music lbih bgus audio nya",1,negatif
terlalu banyak iklan untuk mempromosikan mengunakan akun premium,2,negatif
apaan milih lagu aja harus premium gak ngotak pelit nya bentar lagi bangkrut ini Spotify,1,negatif
"saya sudah langganan premium. sudah download lagu. eh pas buka aplikasi tanpa data seluler, kok malah blank page y, layar hitam kosong. ga keluar menunya. masa premium gbs buka aplikasi secara offline? tlg diperbaiki.",1,negatif
Spotify sangat enak didenger bahkan bisa memutar lagu kesukaan,5,positif
good,5,positif
seru bisa dengerin lguu klo lgi galau mungkin atau gabutt yaa heheh,5,positif
spotify sangat keren sangat mudah di gunakan dengerin musik apa aja siap tingal tap okedeh semoga makin berjaya sukses terus spotfy,5,positif
kebanyakan iklan nya🗿,3,netral
bagus,5,positif
"KEREN BANGET GILA, HARI HARI GUA DI PENUHI LAGU LAGU DARI SPOTIFY!!!",5,positif
BAGUSSS!!,5,positif
aplikasinya bagus.. tapi saya berlanggan di premium yg di iklan 1 pembayaran untuk 3 bulan taunya tiap bulan ada tagihan dengan biaya normal. jelaa merugikan kalo berlangganan,2,negatif
lumayan,3,netral
"lgi hppy, lgi sedih pun cuma spotify yg temani aku saja",5,positif
bused dah banyak bed ni iklannya gaje bed,2,negatif
bagus bgt,5,positif
mantaf,5,positif
aplikasi ini sangat bagus 😎🥰😘😇,5,positif
jelek,1,negatif
"algoritma ny aneh , iklan nya banyak ada 4 sekarang lagu yg di putar di luar play list ganggu banget banyakin iklan terus sampe 100 biar dengerin iklan ajaa",1,negatif
"ketika ga upgrade ke premium malah makin memaksa kita harus premium, jdi kita tidak bisa mendengarkan lagu sesuai apa yng kita mau",3,netral
aplikasi nya bagus tapi makin hari makin banyak iklan nya putar 1 lagu muncul iklan 4 satu kali putar iklan jangan lah pelit kali Spotify nya kayak gak tau orang Indonesia aja orang nya pada gak ada duit jadi tolong lah iklan nya di kurangi 🙏,4,positif
kebanyakan iklan nya trus panjang² lagi durasinya🥲,1,negatif
masa di suruh bayar terus hp gw jadi ngebag misalnya pencet lagu yg lain malah lagu yg beda,2,negatif
musiiiik,5,positif
semua lagu ada lengkap deh pokonya Spotify the best deh buat dengerin lagu,5,positif
begees benget,5,positif
bagus,5,positif
bagus bisa dengar lagu sambil matikan hp,5,positif
"Sudah normal kembali 🔥 adminya langsung gercep GG sih, dan ya buat kalian yg bilang kok iklannya banyak🗿, secara logika sih ok² aja namanya juga gratis bree dan lu nyari lagu juga gampangkan di spotify? kalau gk mau ada iklan ya premium dong, Kan sama aja sistemnya kayak Youtube gratis ada iklan [Dah gratis banyak minta lu wkwkkw]",4,positif
"iklan lo kebanyak spotify. bayangin aja, lagi setel lagu sedih terus jadi iklan ""satu domba~ dua domba~"" KAGA PEDULI DOMBA GW💔 mana iklannya 3-4. bisa bisa ganti apk gw",2,negatif
baguss iihh lagunya jernihh iklannya lumayan udah oke banget apalagi jalanin aktivitas pake lagi di Spotify enak banget,5,positif
Iklan lu makin banyak aja anjir,3,netral
the best,5,positif
bagus,5,positif
bagus lagunya enak di denger cuman kebanyakan iklan,5,positif
iklan nya over. thanks.,1,negatif
"emm ini bagus suara nya jernih tapiii selalu kaya ada yang harus di bayar ..awal nya aku cuma ganti akun,terus aku masuk ke akun yang aku pake,nah pas nyari lagu mau ngedengerin lagu eh malah..""mau pilih lagu sendiri?"" malah gituu kenapa yah aku harus bayar",4,positif
mines di bnyk iklan aja si,4,positif
"sebenarnya aplikasinya udah bagus, tapi tolong lah iklannya dikurangin",4,positif
asikk,5,positif
lagu nya sangat asik,5,positif
asik dan menarik😎😎😎,5,positif
oke,5,positif
kikir,2,negatif
menurut aku sih bagus tapi iklan nya itu loh lama banget tolong di perbaiki ya assalamu'alaikum,4,positif
bagus dan keren tapi sayangnya ada iklan jadi saya males untuk mengedarkan apalagi buka spotify,5,positif
👍⭐⭐⭐⭐⭐👍,5,positif
"bagus, sih. tapi tolong dong iklannya jangan di banyakin, banyak banget ajg baru denger satu lagu iklan udah dua",4,positif
bagus aja gitu,5,positif
apa lahh ngeleg ngeleg sumpah,5,positif
mantap kalo mau solo skuad bisa dengar lagu jadi semangat,5,positif
seru and asik juga untuk yang premium nya,5,positif
lumayan,3,netral
bagus banget aplikasinya semoga gak di perbarui 😊,5,positif
"bagus, cuman tolong di kurangin iklan nya. saya lagi galau malah ada iklan yg mengganggu itu🗿",5,positif
good,5,positif
"baru 2 musik iklan, mana iklannya lama bgt:)",2,negatif
saya suka bisa dengerin lagu kapan pun dan di mana pun 😆😆😊😁,5,positif
"lebih bagus dari YT music bisa keluar aplikasi, tpi saya kalo bisa iklan nya bisa diskip kaya yt music",5,positif
favorit bngtt 😝🫦,5,positif
"Lebih banyak lagi lagu2 memori,tp makin kesini iklannya makin sering",5,positif
Seruuu!!!!!,5,positif
seru banget bisa dengarin lagi yang kita mau,5,positif
"iklan kebanyakan, kurangin napa sih? pelit amat",1,negatif
makin banyak iklan gjls,1,negatif
"mantap , banyak jenis musik",5,positif
4 ads?,1,negatif
saya blm menemukan musik Jazz,4,positif
boikot,1,negatif
sukakkkk bngetttttttttttt🤩🤩.,5,positif
lagi ny bagus,5,positif
"apk nya udah bagus tapi tolong lah fix bug kalau misal nya udah playlist lagu kek lebih dari 200 tuh, waktu mau nge klik lagu baru tuh ga bisa tolong lah padahal sinyal nya udah bagus",3,netral
udah oke dan bis denger lagu favorit ku cuma premium nya harga nya turunin sedikit,4,positif
bagus banget,5,positif
banyak bug tolol,1,negatif
"ap lah, keknya nih apk bakal punya 10 iklan njr, masa iklanny 5, ngotak dikit lah, masa gw main epep niatnya mau ngegalau mlh muncul iklan ""no no y bos""",2,negatif
hariku bertambah asyik ditemani spotify,5,positif
puas bisa dengerin lagu lagu enak,5,positif
"bagus bgtttt, tapi iklan nya dong gaadain",5,positif
iklannya kebanyakan💀,2,negatif
iklannya kebanyakan,2,negatif
bagus bangat aplikasi ini dapat digunakan untuk mendengarkan lagu kesukaan,5,positif
lebih terhibur,5,positif
enak banget,5,positif
banya sekali iklannya,1,negatif
mantap,5,positif
cocok untuk lagi main mode serius,5,positif
lagu yang selalu bisa bikin tenang dan senang,5,positif
aaya belum donlod masih loding,5,positif
aku suka spotify😆,5,positif
gokill,5,positif
Seru dan menyenangkan di hati.,5,positif
"kikir tapi gak papa,soalnya ada billie eillish sama temachi",5,positif
iklan nya banyak banget brengsek emang Spotify,1,negatif
bisa dengerin lagu pas lagi tidur,5,positif
Masih ada berapa lagu yg tidak dapat ditemukan seperti Judika- Melayang (ost.pendekar pemanah rajawali),3,netral
cicak cicak di dinding Duarrrr 💥💥 . suka bangett,4,positif
enak bisa ndengerin lagu sambil main ff dan bisa bikin galau.,5,positif
mantap iklanya banyak untung udh prem,5,positif
mantappp komplit,5,positif
terlalu banyak iklan,2,negatif
sukak bangettt sama ni aplikasi,4,positif
penyipan makin banyak aja,5,positif
bagus,5,positif
lumayan,4,positif
bagus,5,positif
bagus banyak iklan tapi gratis tapi maksa premium 👍,1,negatif
"apasii Spotify nya kenapa gabisa di tampilin lirik pas dipencet tampilan liriknya yang muncul cuman suara gaada liriknya samsekk,,tolong benerin bug nya ya,,",2,negatif
jangan banyak iklan,2,negatif
mesti bayar kalo bayar lagi semua yang donlod ini aku suruh hapus,5,positif
denger 1 lagu tapi iklan nya sampe 4 are we deadass 💀,1,negatif
apa coba aku cuman skip sebentar buat ke game malah hilang,1,negatif
lagu banyak yang gua suka😋👍,5,positif
Sampah,1,negatif
banyak iklan,1,negatif
lagu Manuk dadali mana Dev kok ga ada,5,positif
👍👍,5,positif
iklan sampe 5 kali loh ya 😹. kikir ultra pro max. jill kew,1,negatif
enak semua musik/lagu ada tingal pilih,5,positif
enak lah pokoknya,5,positif
apk sangat bagus,5,positif
"aplikasi makin kesini makin kikir aja iklan sampe 4,pilih lagu dibatasin aneh banget dah",1,negatif
aplikasi musik yg sangat mudah,5,positif
KEBANYAKAN IKLAN HEI?? GA SERU 👎🏻,1,negatif
iklannya tiap hari makin nambah+makin lama. bayangkan aja 1 lagu ada 5 iklan dengan durasi tiap 1 iklan tuh 1-2 menit. kan sialan bgt🙄,1,negatif
apk aneh masa aku mau putar lagu harus iklan,2,negatif
"kikir bgt ni apk ngasi iklan mlu,udah ga worth it siih",3,netral
keren stel lagu tanpa iklan lagu berkelas,5,positif
banyak iklan gak berguna,1,negatif
bagus bangett apknyaa,5,positif
"bagus, dan saya bisa tenang pas lahi galau hihihi",5,positif
kebayangkan iklan anj,1,negatif
baguss dan mantap,5,positif
WOI PLAYLIST GUA ISI 600 LAGU KNP DO NERF JADI 30AN LAGU AJA WE 😭,1,negatif
makin lama makin bnyk iklan nya,1,negatif
"tolong lebih ditingkatkan detail dan kualitas audio saat memutar melalui perangkat bluetooth dan speaker smartphone, dan efisiensi penggunaan baterai dan cpu.",4,positif
mantap,5,positif
aplikasi musik paling mantap anti ribet.,5,positif
terlalu banyak iklan,1,negatif
"iklannya makin ga jls, bnyk bnr,, komersilnya kebangetan,,",1,negatif
Menyenangkan bermusik bersama spotify,5,positif
kenapa musiknya otomatis keskip sendiri ini padahal lagu baru di mulai udah ke skip,1,negatif
okk,4,positif
cocok banget app nya di akuu,5,positif
NICE,5,positif
sangat bagus,5,positif
bagus,5,positif
yah ini aplikasi bagus banget gua suka🤓👈♥️,5,positif
jelek,1,negatif
Kasih diskon lagi min hehehe,4,positif
bagus,5,positif
"kebanyakan iklan,dulu satu jadi dua jadi tiga sekarang empat lama lama ga dengerin musik cuma dengerin iklan",1,negatif
"baguss bangett pliss,tapii sarann akuu iklan nya jangann banyak',soalnya aku lagi dengerin lagu galau eh TB TB iklann😭😭😭",5,positif
kebanyakan iklan,1,negatif
"ini bukan aplikasi pendengar lagu lagi, tapi aplikasi pendengar iklan, dikit"" iklan mulu, mana ada 4 wkwk makin lama makin pelit",1,negatif
banyak banget iklannya.,1,negatif
"iklan nya makin banyak, dulu 1 atau 2 sekarang udah 4 aja",1,negatif
gak masalah klau bnyak iklan tapi ya masa satu lagu satu iklan itu kan kayak ngerusak momen,3,netral
"setiap 2 lagu iklan nya 4/5 ga ngotak ni apk,",2,negatif
sangat baik,5,positif
bagus apknya,5,positif
bagus,5,positif
enak' lagunya dan juga lebih baik untuk kita yang ngk ada paket,5,positif
bagus,5,positif
makin kesini makin najis iklan nya ngalah ngalahin yutub anjir 4 iklan sekaligus kikir bgt cok,1,negatif
apk qelek banyak iklan,1,negatif
app nya bagus bgt untuk dengerin lagu apa lagi sambil beres²tapi pas ak mau nyetel lagu malah GK bisa dipencet ini gimana dong terus appk nya GK kayak dlu sekarang iklan yg awalnya 1 ke 2lah 3lah 4lah kebanyakan iklan terus juga ditambah appk ini bayar,1,negatif
saya sangat suka mendengarkan lagu dari Spotify di saat malam hari,5,positif
bagus bangetttt,5,positif
mantap,5,positif
"enak,",5,positif
iklanya kurang klo bisa 10 iklan,1,negatif
"kalau bisa tolong kurangi iklannya, itu aja.",3,netral
"dasar spotify kikir, kenapa ini aplikasi musik tapi tidak bisa memilih lagu kesukaan untuk di putar, mengapa harus acak dari spotify nya sendiri",1,negatif
kesalah terbesar adalah ketika lagi di atas malah bnyk iklan,1,negatif
bagus lagunya lengkap,5,positif
saran saya sedikit kurangi ilkannya untuk yg tidak prem,5,positif
sangking kikirnya buat gratisan aja volumenya di kecilin,5,positif
bagus dan lengkap🤩💯💯💯,5,positif
kebanyakan iklannya jd terlalu lama buat nungguin lagu berikutnya,1,negatif
semakin banyak iklan membuat sulit untuk mendengarkan lagu,1,negatif
ini apk bener gokil asliii semua lagu ada dan lagu nya itu bener di nyanyikan sama penyanyi nyaa asliii kerennn merinding denger setiap lagu lagu🔥🔥,5,positif
jelek,1,negatif
Bnyk iklan,1,negatif
joss gandosss,5,positif
bagus,5,positif
seru anjirr main game sambil dengerin musik,5,positif
suara jernih,5,positif
"iklannyaaa banyaakk bangettt gilaaaaaaaaaaaaaaa, kikirr bgtt Spotify",2,negatif
relaxaxi music,5,positif
mantap,5,positif
seru,5,positif
👍👍👍,5,positif
bagus tapi sekarang harus pake premium,1,negatif
buruk ga gratis,1,negatif
pokok'y spotifi Mantappppppppp,4,positif
"lagu"" nya enak apa lgi lagu duka",5,positif
mantul,5,positif
iklan nya parah terlalu sering gak seperti apk dulu,1,negatif
aplikasinya bagus tapi banyak iklan,5,positif
bagus banget aku suka lagu nya,5,positif
iklan nya banyak banget,1,negatif
Aplikasi kikir,1,negatif
enak,5,positif
mantap,5,positif
asik,5,positif
biasa aja,5,positif
enakeun,5,positif
bagus banget,5,positif
sangat bagus burung,5,positif
semakin sini semakin banyak iklan,2,negatif
bagus bgt pokonya buat aku yang suka dengerin lagu tf familiy cocok bgt 🤭 bgs banget rekomendasi banget sih ini 😖,5,positif
music ya lengkap dan indah sekali dan aplikasi ini sangat bagus sekali,5,positif
"aku suka sama aplikasinya tapi aku ingin saya bisa melompati lirik soal nya agak sebel sih kadang kadang bisa kadang juga enggak bisa, udah itu saja makasih ya udah jadi aplikasi terbaik untuk saya",5,positif
banyak iklan,1,negatif
bagus,5,positif
"ga guna ni, dulu mah biasa biasa aja tetapi ini gimana ya tolong perbaiki, saya mau setel lagu di playsit tapi kok gada lagunya malah muncul lagu random ini gimana tolong perbaiki lagi",1,negatif
ini sangat menyerukan,5,positif
sangat senang,5,positif
bagus,5,positif
suka banget karna bisa dengerin semua lagu dari artis artis terkenal,5,positif
"ini kok lama lama jadi kikir, dulu iklan cuman 1/2 sekarang malah jadi 3/4 dan dulu perasaan ada premium 1 Minggu sama 1 hari sekarang kok gk ada ya, ini lama lama penggunanya pada males pake Spotify",1,negatif
sangat bagus,5,positif
"enak mendengar lagu sambil tidur, tapi sayang harus bayar premium",5,positif
"jelek banget kalau mau pilih lagu, dah di pencet tapi malah kesetel lagu yang lain gak nyambung",1,negatif
mantap,5,positif
bagus banget,5,positif
mantap ges 👍👍👍👍👍,5,positif
suka banget denger musik di apk inii,5,positif
mantap mo,5,positif
lengkap,5,positif
kurang lama iklan nya semenit masih sebentar genapin jdi 5 menit kek biar seru,1,negatif
BOIKOTT,1,negatif
banyak iklan ganggu,1,negatif
limited nya ga lama,4,positif
"gila aja nih developer, iklan 5 biji gitu. sekalian aja 50 iklan sana, mending kalo fitur free nya banyak, lah ini?",1,negatif
sukaa siii,5,positif
"iklan nya tolong dikurangi, pilih lagu nya cuma 1 tapi iklan nya kadang 2 kadang 3, saya jadi makin malas mendengar lagu di spotify, karna apa? karna iklan nya, mungkin iklan bisa dikurangin, terimakasih.",1,negatif
iklannya jangan sampe 5x lah min,5,positif
"aplikasinya bagus tapi pas saya lagi dengerrin musik, muncul iklan spotify, padahal saya kan dah donload spotify,",4,positif
boleh lah bagus,4,positif
kikir bet cik,5,positif
mantap,5,positif
sangat senang saat saya mendengarkan music2 yg ada,5,positif
no Spotify no live 🙂‍↔️,5,positif
musik bagus,5,positif
bagus tapi sayangnya harus premium,5,positif
kurang banyak iklanya 🗿,1,negatif
KEBANYAKAN IKLAN TOLOL!!!! SETIAP 2 LAGU IKLAN GITU AJA TERUS DULU IKLAN CUMAN 2 SEKARANG JADI 4 SETIAP 1 IKLAN 30 DETIK APLIKASI TOLOL,1,negatif
banyak iklan kalo cuma 1 iklan mah gapapa la ini banyak banget jadi keganggu,1,negatif
ya bagus tapi iklan lo tuh kurangi,4,positif
"Bagus, cmn sdikit kurangi iklannya .",5,positif
"aplikasinya bagus, suara nya juga jernih",5,positif
ytta,5,positif
baik,5,positif
aplikasi kikir,1,negatif
lagu bagus kali,4,positif
oke,5,positif
"lagu ya bisa di urutin dari awal sampe akhir , gratiss lagi",5,positif
NGEBET HAJI YAK? APA APA PREMIUM,5,positif
maksa amat kadang iklan bisa 3/4 buat beli prem ganggu mulu:/,5,positif
the best music app👌,5,positif
iklannya kelamaan gak beda jauh kayak YouTube 2 menit,1,negatif
bagus tapi b aja,5,positif
Mayan dan bisa kemana mana,4,positif
baguss bgt nih aplikasi walaupun gratis,5,positif
peak,5,positif
menemani hari hari cocok untuk di rumah dan di kantor,5,positif
"banyak lagu di spotify ,jadi saya kalau mau mendengarkan lagu saya langsung ke spotify ,dan spotify ini enak buat dengar lagu gk ada yg ganggu mendengarkan karna kan tidak ada iklan jadi saya suka mendengarkan lagu di spotify.",5,positif
bagus!!!!,5,positif
iklan bisa di kurangi yaa saran kami iklan sangat menganggu bahkan iklan bisa 1 menitan,1,negatif
lagunya kenapa dibatasi njing,1,negatif
akuu suka lagu sadrah,5,positif
perhitungan bgt skrng bnyk iklan,1,negatif
"plcc, setiap gw dengerin lagu galau selalu ada iklan😹🥀💔",5,positif
gak jelas,1,negatif
musik yg berkwalitas,5,positif
ok,5,positif
spotify lu kikir banget dah iklan sampe 4 lu mau umroh,1,negatif
ya bagus,5,positif
tolong untuk iklannya dihilangkan karena mengagu,4,positif
"bagus, kalau lagi ngapain gitu biasanya sambil dengerin lagu k-pop atau apapun itu, walaupun Ada iklan yg selalu ganggu, Hilangin iklan nya dongg🙏",5,positif
"terlalu banyak iklan, masa lebih panjang dari lagu yang diputar🙄",1,negatif
baguss bgt cumann banyak iklan harus premium dulu,4,positif
enak ada lagu BSK garet,5,positif
"kenapa jadi banyak dah iklannya? gua kasih bintang 3 karna malah jadi banyak iklan, setiap satu sampe dua lagu kena iklan dan iklannya 1 of 4 lagi kan lama banget tuh iklannya mana gak bisa di skip iklannya kecewa gua",3,netral
bagus bisa main geme dengerin lagu dan banyak lagu lainya. dan bisa dengerin lagu galau dan bisa denger lagu lainya,5,positif
bisa ga si metode pembayaranny ga perlu langanan g enak tau blm gajian maen potong' saldo aj,1,negatif
bgs bgt buat nyanyi lagu cincin/hindia,5,positif
Aplikasi sudah bagus dan memuaskan tetapi kebanyakan ilklan tlg diperbaiki,4,positif
sangat bagus,5,positif
bisa menyalakan musik sambil bermain,5,positif
sekarang spotify sudah bagus banyak fitur baru saya kasih bintang 5 semoga di baca 😁,5,positif
ok lah buat dengerin musik,5,positif
bagus,5,positif
mantap 👍😇,5,positif
membosankan,3,netral
enak,5,positif
seru bangett ya,5,positif
lagu ngasal,1,negatif
sejauh mata memandang...,5,positif
good aplication for improvement projects,4,positif
terlalu banyak iklann sekarangg...baru satu udah iklan terus.iklannya ga cma satu 3/4 sering iklannya,1,negatif
"iwww banyak iklan, gak kayak aplikasi sebelah, meskipun gak berlangganan, iklan nya jarang bgt",1,negatif
lagu²nya membuat semangat menjalani hari² yg penuh kesibukan... terima kasih spotify....🥰🥰🥰,5,positif
iklan Mulu ngmtd,1,negatif
bagus pertahankan,5,positif
kebanyakan iklan.,2,negatif
aplikasi kikir,1,negatif
"kikir, iklan tambah banyak",1,negatif
"Langganan paket premium udah lebih 2 thn, tiba² dinaikkan harganya tanpa info, main potong aja dari ovo.. trus lupa isi ovo langsung dibatalkan langganannya tanpa ada solusi bisa isi lagi lanjut langganan.. 😤😤😤 Paket² yng baru ditawarin ampun² mehongnya.. kecewa 🙄🙄🙄",2,negatif
saya suka dengan aplikasi ini karena aplikasinya begitu bgus,5,positif
sangt bgus,5,positif
ok,5,positif
sangat bagus dan keren,5,positif
kerennn bangedds,5,positif
"bagus banget apk ini, terimakasih banget sama yang udah nyiptain aku jadi bisa dengerin musik walaupun hp ku mati banyak siaran juga dan pod cast seru banget pokoknya 🫶🏻🫶🏻🫶🏻🫰🏻😭😭",5,positif
yang kurangnya kalau kita tidak membeli premium suka banyak iklan dan iklanya menurutku terlalu lama kita butuh mendengarkan lagu bukan iklan,3,netral
lagu2 enak didengar,5,positif
"gjls bnyk iklan bgt kocakkk, mau dengerin lagu, apa dengerin iklan",1,negatif
good,5,positif
"Iklannya terlalu panjang, kualitas audio kurang nendang, dan biaya langganan terlalu mahal.",1,negatif
lagu nya menurut sya lengkap juga dari lagu sya berasa mengulang masa lalu,5,positif
good,5,positif
banyak banget iklan. lama lagi iklan nyah,5,positif
kebanyakan iklan,1,negatif
Joss mantul,5,positif
mantap,5,positif
bagusss,5,positif
menyenangkan bgt lagunya the best sihh🫰,5,positif
"kebanyakan iklan, ngerusak mood gara gara iklan. bayar premium mahal!",1,negatif
bagus ter bagus bagus,5,positif
"kualitas jernih, lagu uptodate, fun",5,positif
iklannya banyak kali aplnya buat iklan aja jqngan buat musik,1,negatif
LUV BANGET SAMA NI APK,5,positif
"mungkin kalau dari segi premium it okay Masi worth it kok (kualitasnya sepadan), untuk lagu² nya lengkap juga, akan tetapi sayang sekali apabila free lagu yang sudah diputar diputar kembali tolong perbaiki lagi dong",3,netral
"ini bug apa gimana sih pas mau ganti lagu lewat layar ngambang malah ""Spotify sedang memutar..."" mulu pdhl lagunya udh ke putar, sinyal bagus jg",1,negatif
baguss,5,positif
baguss,5,positif
👍,5,positif
"jangan tergiur promo, nyedot 79ribu terus tanpa notif. parahh",1,negatif
Nice gw suka Lagunya Ian Antonie Ft. R. Siti Fatimah .. jadi download Spotify lengkap banget lagu-lagunya audio mantul nyaman di telinga,5,positif
bagus buat nyetel music saat bermain game,5,positif
good luck new aplikasi 🔥,5,positif
good job,5,positif
enak buatdgrmusik,5,positif
KEMBALIKAN LANGGANAN SPOTIFY MINI. STOP NYAWIT. IKLAN SAMPE 5 KALI 😡😡😡,1,negatif
iklan ya tolong di perbaiki,2,negatif
sangat membantu,4,positif
"bagus sih, tapi kurangin iklan nya",5,positif
mantap,5,positif
bagus,5,positif
sangat enak buat bersantai,5,positif
lagu di aplikasi ini enak untuk di dengar,5,positif
aplikasinya bagus tapi kebanyakan iklan,5,positif
ALWAYSS SPOTFY,5,positif
aku sukaaaaaa bgt 😊😊😊,5,positif
aku ga bakal kalah sama 3 iklan beruntun mu itu,5,positif
"aplikasi kikir, muter 1 lagu iklan bejibun",1,negatif
aplikasi ini sangat bagus untuk berlatih menyanyi atau menghapal lagu,5,positif
bagusss bgt sih yakin asli yang may download aplikasi ini boleh bgtttt,5,positif
bagus bagus sih tapi kurangin dikit iklannya 👌🏻👌🏻👌🏻👌🏻👌🏻👌🏻👌🏻👌🏻👌🏻,5,positif
"harga premium ga logis, kebanyakan yg pake apk ini pelajar dan anak anak remaja, sedangkan anak seumuran segitu belum pada pegang duit sendiri, ga masalah ada iklan buat yang ga premium, tp ini iklannya ga ngotak juga sampe 4",1,negatif
bgus cm bnyk iklan🤬🤬😡😡,3,netral
"banyak iklan, kebelet kaya",1,negatif
ngelek,2,negatif
aplikasinya bagus tapi pas aku pake ngegame mati terus hilang notifikasi buat nyalain lagunya terus iklannya makin banyak tolong perbaiki ya admin 🙏🙏,4,positif
enak semua lagunya tolong di offlenin dong lagunya,5,positif
karna kalau lagi galau bisa dengerin lagu galau,4,positif
lagu lahu yang sagat merdu,5,positif
bagus banget,5,positif
tenxi,5,positif
boikot,1,negatif
"bagus, walau ga premium",5,positif
nice,5,positif
nice apps,5,positif
𝑎𝑘𝑢𝑢 𝑠𝑢𝑘𝑎𝑎𝑎,5,positif
"good,",5,positif
"bagus, tapi mohon jangan memperbanyak durasi iklannya",5,positif
kurangin iklannya jangan terlalu banyak per 3 lagu iklan,3,netral
ini bagus banget suara nya,5,positif
Good,5,positif
mantaap,5,positif
ok,5,positif
"bagus banget, semua lagu ada disini, seru banget, suka banget",5,positif
bagus sekali ada semua lagu di sini sayang cuma pake kota atau wifi,4,positif
sangat merekomendasikan aplikasi musik yg saya sukai,5,positif
bagus dan tertarik dengarnya,5,positif
sangat cocok dengan saya yg sangat mencintai laguuu atau musikkkk☺️,5,positif
suka banget bisa nyetel lagu saat main gem saat chat wasapp gue saranin kalian download sepotyfay,5,positif
"TAMBAHIN TEROS IKLAN NYA, KALO BISA 1 LAGU 20 IKLAN AE, MABUK DENGER IKLAN!",1,negatif
kebanyakan iklan sma gay,1,negatif
"makin lama makin kikir, yang dulu bisa pilih 5-6 lagu tanpa premium, skrg cuma bisa pilih 1 emang kikir ini spotify",1,negatif
gsuka ah,1,negatif
aplikasinya sangat bagussss,5,positif
sangat bagus aplikasinya,5,positif
wah bagussssssss bangetttt samaaaa aplikasiiii nyaaaaaa akuuu sukaaaa bangettttt,5,positif
mantapp,5,positif
bagus,5,positif
👍👍,4,positif
ini ud bgs minusnya knp gt hrs di btsi,4,positif
kalo ada bintang 100 gw kasih dah,5,positif
"Banyak Iklan gak Penting.. Banyak yg Komplain.. Saran, KURANGI IKLAN MU",1,negatif
ya bagus jir,5,positif
bagus bagetttt,5,positif
"jlk, baru dengerin lagu beberapa udh abis jatah dengerin lagu, baru setel satu lagu iklan ny udh 4,spotify kebelet jadi elon mars bgt, keliatan bgt nyuruh premium trus",1,negatif
👎,1,negatif
banyak iklan lalu di paksa berlangganan sudah tidak FANTAS di dengar musik di aplikasi ini,1,negatif
bagus,5,positif
keren 👍,4,positif
banyak iklan lebih dari 2 iklan bisa sampai 4 iklan kalo masih sering banyak iklan nanti kaya aplikasi sebelum nya malah sepi peminat nya,1,negatif
sangat puas,5,positif
bagus,5,positif
seruh,5,positif
sangat bagus karena lagunye lengkap,5,positif
sangat membantu,5,positif
mantap,5,positif
bg kalau kamu tambah kan musik nya bisa di download aku kasih bintang 5,3,netral
buruk seburuk2nya.. iklan bertubi² datang.. sekali iklan sampai 3.. tiap menit iklan 3.. wah parah,1,negatif
bagus BANGET THE BEST POKOKNYA KALO UNTUK DENGERIN LAGUNYA! DAN BISA DIPAKAI UNTUK MAIN GAME ATAU LAINNYA!👍,5,positif
mantap,5,positif
enek buat Galau,5,positif
apk kikir,1,negatif
aplikasi ini saya suka,5,positif
siapa dah yg ajarin spotify 4-3 kali iklan,1,negatif
bagus,5,positif
what a super platform clean and lean,5,positif
"mantap betul aplikasi ini,",5,positif
"apa coba sekarang ada batasan pemilihan lagu, sekarang iklan juga lebih banyak oke iklan masih dimaklumi tapi ini ada batasan pemilihan lagu hilangkan lah",1,negatif
aplikasi ini sangat super bagus🤩🤩🤩🤩🤩,5,positif
mantap,5,positif
enak,5,positif
ok,5,positif
semua musik komplit wow,4,positif
iklannya cuma promosi aja,5,positif
apk taik iklan sampe 4 kali,1,negatif
mantap,5,positif
"udah beli premium 3 bulan, stelah 1 bulan malah tiba2 offline terus. padahal koneksi ada. aneh",3,netral
good,5,positif
terlalu banyak iklan,1,negatif
kebanyakan iklan,1,negatif
suka bgt soalnya kalo belajar atau kegiatan lainya bis smbil dngerin,5,positif
sangat bagus,5,positif
bagus sih tapi........ kesempurnaan hanya milik allah tapi bener bener bagusss👍🏻,4,positif
mantap,5,positif
aplikasi nya sangat berguna👍👍,5,positif
aplikasi ini sangat bagus dan aku suka banget bisa dengar lagu-lagu yang enak banget gitulah pokoknya 😭🗿,5,positif
"jangan download, aplikasi kikir gak ngotak",1,negatif
"""direkomendasikan untukmu"" STOPPP, GWA CUMA MAU DENGER LAGU YNG GWA SUKAI DOANGGGG,TRUS IKLANNY JUGA KNPA JDI BANYAKKKK,PENGEN DENGERIN LAGU AJA GA TENANG,APA APA HRUS PREMMMMMMMMMMMMMMMMM😭💔😔🥀🥹😔🤬🙄😮‍💨😤😡😠😒👹🫩💢🔥💥",1,negatif
keren banget,5,positif
apkny bagus,5,positif
mp3 digital terbaik,5,positif
bagus dan sangat memuaskan,5,positif
mantapp,5,positif
"cukup bagus, dan menarik",4,positif
bagus banget nih aplikasi semua lagu favorit ku akhiri nya bisa ku dengar kan semua..makasihh Spotify 🥰🥰😘,5,positif
"ini iklan udh 4 biji, apakah nanti datang yng ke 5?😂",3,netral
apk ny kurang rasa ku,3,netral
lumayan si tapi sering iklan klo gmau iklan hrus bayar😡,4,positif
bagus bangettt,5,positif
lancar,5,positif
bagus suaranya enak di dengar trs juga di situ lagu lagu yang belom aku dengerin ada semua di situ ada jkt48 tapi aku ada 1 permintaan boleh ga aku nonton jkt 48 yang asli di theater lannsung,5,positif
aslinya ni aplikasi bagus cuma aga maksa buat beli premium kadang iklannya dapet 2-3 mana 1 iklan 1 menit an,3,netral
kikir banget spotify gasuka,3,netral
menyenangkan tapi kebajyakan iklan,5,positif
loba iklan ajig,1,negatif
BAGUS BANGET,5,positif
bagus,5,positif
"Apk yang sangat kikir, bahkan mau pindah dari lagu A ke lagu B sampai dipajakin iklan 30 detik 4 biji = 2 menit. gw cuma mau denger lagu woilah, bukan main game, sengaja gw kasih bintang 5 biar gampang dibaca. tapi kalo usernya dah ga ketolong sudah lah, ga guna juga gw rating",5,positif
"lumayan sih tapi masih kurang ama lagunya,. cover² masih bnyak blom ada pas di cari, tpi okelah sih kalo lagu realny lengkap",4,positif
sangat baik,5,positif
sukaaa banget😍😍👍👍👍👍👍,5,positif
Iklannya parah banget sekarang,1,negatif
update nyaaa sekarang kurang bagus padahal saya mempunyai kuota tapi malah di suruh periksa internet,2,negatif
jujur aku suka bangett sama apk INII....akuuu sukaaa karena disini ada berbagai macan lagu pokok debest dehhh,5,positif
mantap👍🏽👍🏽👍🏽,5,positif
banyak iklan,2,negatif
miss u,1,negatif
mantab,5,positif
bagusss bgtt🙇🏻‍♀️🙇🏻‍♀️🤏🏻🤏🏻,5,positif
iklan terlalu banyak,1,negatif
👍👍👍,5,positif
awesome guy's,5,positif
terlalu banyak iklan,3,netral
"𝑏𝑎𝑔𝑢𝑠 𝑠𝑝𝑜𝑡𝑖𝑓𝑦,𝑠𝑎𝑦𝑎 𝑑𝑎𝑟𝑖 𝑑𝑢𝑙𝑢 𝑢𝑑𝑎ℎ 𝑝𝑎𝑘𝑎𝑖 𝑠𝑝𝑜𝑡𝑖𝑓𝑦 𝑡𝑝 𝑘𝑎𝑟𝑛𝑎 𝑎𝑑𝑎 𝑝𝑟𝑒𝑚𝑖𝑢𝑚 𝑗𝑎𝑑𝑖 𝑎𝑔𝑎𝑘 𝑠𝑢𝑠𝑎ℎ 𝑗𝑔 𝑚𝑎ℎ𝑎𝑙 𝑙𝑎𝑔𝑖",5,positif
kebanyakan iklan Pelayanan nol besar bikin susah aj!!!!!!,1,negatif
suka banget dengerin lagu nya tapi pas putar lagu kayak gak putar lagu selanjutnya kenapa ya mohon di perbaiki,5,positif
oke lah ada gared nya,5,positif
sangat bagus,5,positif
kenapa paket mingguan tidak ada lagi.. 😭 kaum mendang mending ini kan kadang-kadang pengen juga yang pengen premium tapi yang hemat..,2,negatif
mau denger lagu pun bisa tapi mau download aja harus pake premium.padahal pas aku pertama kalidownload aplikasinya.aku bisa download lagunya.kalo dh siap lagunya pasti kalo ada iklan.,4,positif
iklan sampah bikn bad mood kalau lagi dengerin lagu,1,negatif
apl musik yang sangat bagus,5,positif
ok. tapi iklannya bisa cuman 1 aja kahh???,5,positif
makin kikir,1,negatif
terbaik,5,positif
"iyaa iyaa tau sekarang ditambah banyak iklannya its okey, tapi yaa minimal nambah iklan juga jangan nambah bug, sekarang jadi banyak bugnya yg paling sering di jendela notif gada playbar nya, cuma 'spotify sedang mencoba memutar lagu' apalah",1,negatif
saya menyukai ini,5,positif
👍🏻,5,positif
keren,5,positif
mantap,5,positif
sangat menghibur,5,positif
sfotify selalu menemani saat aktifitas pagi ku.,5,positif
aku baru saja download ulang karna bermasalah tp knp aku mau daftar premium KENAPA TIDAK BISA,4,positif
keren,5,positif
terlalu banyak iklan,1,negatif
bagus dan enak' memuaskan,5,positif
iklan nya kelamaan,4,positif
cukup bagus,5,positif
"Banyak iklan woy,sampai 4 iklan. GANGGU BANGETTTTT......!!!!!!!!",1,negatif
jadi sering banget iklan,1,negatif
top markotop,5,positif
mungkin bisa lebih ramah 🥹❤️🥰,5,positif
bagus plaikasi ini bisa memberi saya semangat karna denger lagunya dan sangat mudah mencari musik kesukaan saya....enak GK perlu di unduh bisa nikmati musik kapan saja...baguss saya suka kualitasnya dan GK perlu nambah ruangan banyak buat menyimpan sejuta lagu thankyou spotify,5,positif
iklan mulu iklan anjr,3,netral
"iklan nya terlalu banyak, sangat tidak efektif",1,negatif
itu sah,5,positif
bagusss bangettt,5,positif
lagunya enak enak semua tapi dikit dikit iklan sponsor dan ditawarin premium terus padahal ga mau beli padahal,4,positif
iklannya makin gak ngotak!,1,negatif
gatau sih fomo aj,1,negatif
too much ad,2,negatif
IKLAN TEROS NGENTOD,1,negatif
𝒏𝒊𝒄𝒆 𝒎𝒖𝒔𝒊𝒄 𝒂𝒑𝒑,5,positif
Hai sportify saya tidak bisa memutar music yang saya cari seperti biasa didalam koleksi saya!?,3,netral
"iklan lu banyak amat, lagu baru satu iklan 4 biji",1,negatif
"Tidak pelit, praktis, Bagus Bintang 5, Sesuai Dengan mood",5,positif
lagu ku,5,positif
bagus sekali,5,positif
pindah lagu aja hrus premium susah jadi ngga seruu,1,negatif
terlalu banyak iklan,2,negatif
keren,5,positif
aplikasi kadinya bagus cuman pembayaran ya tolong di sesuaikan ya🙏,5,positif
Bagus banget untuk dengarin musik di sini tapi ya tolong lah kondisikan iklan nya kok sampe 3x apa ndk sekalian aja jadikan YouTube film versi Spotify iklan buat 1 aja cukup ini apk khusus dengar musik bukan suara iklan sampe 3x jangan lah mau ngimbangi apk lain kebanyakan iklan-_,4,positif
Spotify bagus untuk dengar lagu,5,positif
apk paling kikiiirrr. iklan ampe 4 najiiisss bgt.,1,negatif
bagusss,5,positif
spotify Bagus banget,4,positif
"enak lagunya dan gampang di cari , tapi iklan nya pun juga banyak",3,netral
suka banget,4,positif
untuk premium nya bagus banget jadi kalo nyetel lagu bisa tanpa jeda iklan keren,5,positif
"njis kebanyakan iklan,premium mahal, kebelet haji apa gimana",1,negatif
"sangat bagus,tapi iklannya lama",5,positif
mantap lagunya,5,positif
bagusd sekali,5,positif
cukup bagus,5,positif
bagus sih tapi tolong dong iklannya tuh jangan banyak²😁😁😁 soalnya belum premium aku nya,5,positif
lagunya keren,5,positif
"enak si enak, t-t-t-t-tapi kikir bgt 💔 masa iklan nya 3 😊💔🫰🏼",2,negatif
makin kikir,1,negatif
"bagus bisa dengerin musik / podcast walaupun hp aku mati tapi kebanyakan harus bayar , jadi rada² males",4,positif
Mungkin lebih baik seperti dulu pas belum premium itu lebih baik.,5,positif
asik keren,5,positif
oke,5,positif
lagunya bagus buat Galu,5,positif
"genre nya ga pernah masuk, dari lagu indo jadi ke phonk mulu",1,negatif
sekarang batasannya milih lagu banyak banget,4,positif
"aplikasi yang bagus, bisa dengerin musik di latar belakang.",5,positif
bagus banyak lagu nya dan ada liriknya tapi iklan nya ngeganggu,5,positif
uang dari ikan terus yang dipikir,1,negatif
sangat membantu kalau lg sepi,5,positif
"apk makin ga jelas, ga kyk dulu, bener' murka banget ngasih iklan langsung 4 padahal putar musik baru 1",1,negatif
jadi enak banget dengar musik,5,positif
sangan bagus di dengar saat mau tidur mau pun buat santay,5,positif
keren,5,positif
banyak bgt iklannya,1,negatif
padahal gk pake plastik tapi mahal banget mana klo mencetak lagu ini yang keluar lagu yang lain aplikasi gblk,1,negatif
pelit banyak iklan,1,negatif
boikot,1,negatif
baguss,5,positif
"mangkin lama saya memakai aplikasi ini MANGKIN BANYAK IKLANNYA, YG SEHARUSNYA 1-2 IKLAN YG MUNCUL SEKARANG JADI 3-4 IKLAN, TERUS IKLANNYA SERING MUNCUL MULU AJG",1,negatif
bgus,5,positif
bagus banget cuma yang ga premium jangan terlalu terbatas,4,positif
saya kasih bintang 4 karena iklannya terlalu banyak dan mengganggu,4,positif
bagus aku suka trimakasih,5,positif
"bagus,menarik",5,positif
enak bangett ngedengerinnyaaa,5,positif
sangar baguss wkwk,5,positif
aplikasi ini sangat baguss 👍,5,positif
Gak bisa bilang banyak pokoknya bagus!,5,positif
iklannya makin ke sini malah makin banyak,1,negatif
jjr tdk bs brkt kt lgi😔🙏🏻,5,positif
kikir,2,negatif
"makin kesini iklan nya makin men jadi""",3,netral
pelit banyak iklan kikir makin susah mau dengerin lagu,1,negatif
indah,5,positif
karena sya menyukai mendengar lagu,5,positif
p-p apaaa... perpek👌🏻✨🌟,5,positif
good,5,positif
"udah bagus, tp boikot",1,negatif
bagus sekali,5,positif
ini aplikasi buat dengerin iklan yh😂😂,1,negatif
kebanyakan iklan,4,positif
bagus,5,positif
Bagus kumplit baru tau aplikasi nya,5,positif
"ini aplikasi sedang error yaa?ko dari kemarin kemarin pas Mauk coba muat ulang lagi, padahal Kuota ada wifi juga stabil semua,udah di update juga tetep ga bisa masih tetep coba muat lagi,aku sampe hapus aplikasi nya loh trus pasang lagi tapi tau nya masih teteh aja coba muat ulang!!!! ini kenapa coba bisa perbaiki gaa?!",5,positif
aplikasi yang sangat bagus buat dengerin berbagai macam lagu,5,positif
buset ini iklan sampe 4 yang bener aje,1,negatif
"Can you add a feature to shift the duration of the song, for example from 1:12 minutes to 1:45?",5,positif
aplikasi ini sering ku gunakan setiap hari untuk mendengarkan musik,5,positif
sekarang aplikasi lambat dan utk putar berikutnya seperti judi karena tak tahu dan tak dapat memilih. utk mode ulang kenapa kau hapus?,1,negatif
banyk iklan,1,negatif
The Best Of Spotify,5,positif
seru bangat lagu nya,5,positif
bagus,5,positif
WOW,5,positif
lagu nya bagus baguss,5,positif
sangat bagus untuk pencinta musik,5,positif
"jirrr mau nyoba lgu baru malah gk bisa masuk ini gimana ihh udah di restart 5 kali tetep gk bisa, di pencet keluar lagi di pencet keluar lagi ini gimana anjir, gw dh nyoba tutorial ampe 3 video tetap gk bisa, aelahhhhh😭",3,netral
premium ngga suka,1,negatif
iklan makin banyak taiii,1,negatif
lagu nya enak enak,5,positif
bagus saya suka,5,positif
bagusss sekali,5,positif
bagus apalagi untuk aku yang suka musik,5,positif
"bagus,,,, algoritma lagu-lagu nya juga bagus. tapi mohon bgt Spotify yang baik hati , iklannya tuh di kurangin yah. minimal bisa di skip gitu 🥺✌️. Oke versi yapping-nya Spotify nih gas 🔥 Bro Spotify tuh literally aplikasi musik yang paling ngerti jalan hidup kita anjir. Algoritmanya tuh kayak temen nongkrong yang diem-diem merhatiin lu dari 2018, tau kapan lu butuh lagu semangat biar melek pas kuliah pagi, tau kapan lu butuh lo-fi buat ngoding sampe malem",4,positif
bagusss sekaliii gakk adaa iklannnn,5,positif
enak banget dengerin musik nya,1,negatif
Alhamdulillah bagus saya suka☺️,5,positif
apk nya terlalu peelit setiap 1 lagu selesai langsung iklan bisa beri 2 iklan setiap 5 selesainya musik yg ingin diputar,1,negatif
bagus sayangnya belum Prem🗿,5,positif
Good,5,positif
"Spotify skarang iklan nya melebihi YouTube, skarang iklan nya 4x, kesan nya maksa untuk berlangganan,",1,negatif
baik,5,positif
enak ad lgu china nya,5,positif
bagus bagus bangett,5,positif
aplikasi ini bagus tapi tolong lah iklan nya dikurangi masa yang awalnya iklannya dikit jadi banyak terus kalo gak mau ada iklan kok harus premium gak semua orang itu ada duit tolong lah ya dibaca,4,positif
aplikasinya bagus ada semua lagu lah tapi banyak iklan dan ngelag,4,positif
saya suka apk ini karena bisa di dengarkan saat belajar,5,positif
Mantul musiknya...,5,positif
aplikasi ini sangat membuat saya bersemangat,5,positif
bgus,5,positif
karna lagu nya bagus.,5,positif
bagus,5,positif
bagus,5,positif
kepanjangan iklan lu! iye iye nyari duit w paham wkwkwkwk. lagi gabut,1,negatif
hari jadi menyenangkan dengan spotifi dengerin music,5,positif
aplikasi ini adalah aplikasi yang terbaik saat ini karna aku suka dengar lagu beby monster,5,positif
aplikasi nya kurang cocok sering ada bug GK jelas dan nguras kuota,1,negatif
bagus,5,positif
luar biasa. semoga selain bagus kedepannya,5,positif
mantaffff,5,positif
karena bagus,5,positif
kikir,1,negatif
seru banget banyak pilihan lagu nya,5,positif
okee,4,positif
banyak pilihan lagu nya,5,positif
aplikasi bayar isi nya terus iklan nya juga bnyk,1,negatif
seru aja,5,positif
SUKAAA,5,positif
"kurang 1 bintang karna, iklan nya banyak bener",4,positif
Mantap,5,positif
banyak lagunya,5,positif
mantap,5,positif
seru banget tapi ada beberapa lagu yang rada beda,4,positif
bagus banget,5,positif
woi iklan tlg dikondisikan y,2,negatif
great,5,positif
"keren, bagus, buat lebih privasi lagi ya",5,positif
suka,5,positif
jangan coba-coba langganan premium dagh.. udah batalin langganan premium tapi terus-terusan nyedot saldo..,1,negatif
"kebanyakan iklan, masak 3 lagu 6 iklan mikir coba!!!",1,negatif
menarik,5,positif
mantap ok,4,positif
membantu untuk mengisi kesengangan di jalan,5,positif
kakean iklan cokkkk,1,negatif
"Spotify Maruk nambah 4 iklan nya, 1 lagu 4 iklan apa ga muak aku dengernya. mau premium keburu ga mood.",1,negatif
sangat baik,5,positif
good,5,positif
"iklannya kurangin, baru jg 1 lagu iklan sampe 5",3,netral
bagus banget,5,positif
"mendengarkan musik bisa membuat perasaan kita jadi lebih rileks, apalagi musik islami, bisa menambah semangat dalam bekerja maupun ibadah lainnya, semangat pejuang nafkah u/keluarga dan ibadah☺️",5,positif
kalau pihak sporty nya ilangin iklan nya saya kasih b5 minus 1 iklan cukup dari saya,4,positif
"terkadang audio tidak hd, banyak fitur yang terkunci premium",3,netral
"bagus, mudah dipahami, mydah di akses. tapi terlalu banyak iklan",4,positif
"Spotity ini pinter, untuk akun lama dengan hape lama sekarang ga bisa pilih lagu sesukanya, pas di klik lagunya yg muncul cuma highlight nya dan cuma bisa ganti lagu 7 kali. Tapi untuk akun baru dengan hape baru tampilan bar nya masih yg lama, pilih lagu sesukanya bisa.",1,negatif
semua lagu ada bagus,5,positif
aku suka bngt 😭 Spotify my favorite,5,positif
"Haahaha dasar RAKUSS. baru kali ini gue kecewa sama ini apk. pilih lagu kesukaan aja harus premium, kalo nggak yaa nunggu besok lagi😹. infokan apk dengerin lagu selain spotify coy, lama lama uninstal aja nih apk",1,negatif
Nice,5,positif
good,4,positif
bagus. banget,5,positif
karna gratis,5,positif
good,5,positif
cukup memuaskan,4,positif
"bagusss,tapi kurangi iklannya",5,positif
"terlalu banyak iklan,",1,negatif
the best,5,positif
banyak iklan,3,netral
"udah mah ga komplittt lagunya ,, iklanya terlalu sering",1,negatif
saya suka dengar nyanyi dari Spotify,5,positif
kalo bisa bintang 6 gua kasi bintang dh,5,positif
iklan terlalu banyak,1,negatif
aplikasi iklan,1,negatif
"ngemis banget buat gue gabung premium, gue mencet lagu apa, yang keluar apa. udah semiskin itukan sampe ngemis-ngemis?",1,negatif
best,5,positif
baguss bangett,5,positif
"asli apk ini semenjak viral jadi kikir bgt sampe iklan aja harus 4, prnah prem tapi tiba² belum waktunya habis malah udah habis duluan",1,negatif
bagus..,5,positif
"ga jelas tiba"" lagu play list ku ilang semua",1,negatif
"makin kesini makin sadis pemutaran IKLAN nya bossss!!!! niat bener kejar cuan buat orang bayar status Premium, selesai putar 2 lagu pasti wajib IKLAN 4 SESI 🤣🤣🤣",1,negatif
kikir,1,negatif
bagus👍,5,positif
enak tapi kurang aja gitu,5,positif
gelo coy music nya lengkap buat ngegame auto victori inimah,5,positif
apk kikir,1,negatif
ngga,1,negatif
ok,5,positif
baguss,5,positif
sangat puas,5,positif
makin banyak iklan ngeselin banget udah 4 iklan tiap lagu gajelas,1,negatif
sangat bagus hanya saja pakai premium jdi agak lama waktu nunggu iklan,5,positif
"apk maksa buat premium, iklannya sekaligus 4",1,negatif
Bagus,5,positif
puas,5,positif
lagu sangat bnyk,5,positif
Iklannya kebanyakan,2,negatif
"spotify sorry ya gw mau beralih dulu, alasannya karna terlalu bnyak iklan",1,negatif
terlalu banyak iklan nya dan putaran lagu nya slalu ngacak,1,negatif
Nice,5,positif
"kebanyakan iklan, setiap habis 1 lagu langsung iklan mana 4-5 iklan beruntun. niat putar lagu malah dengarnya iklan melulu bikin bosan",1,negatif
cukup di mengerti,5,positif
bagus,5,positif
rekomended sih buat yg pengen denger musik,5,positif
Too many ads and limit,2,negatif
nice enk bgt buat denger musik sad,5,positif
enak di dengar pas mau tidur,5,positif
kurang banyak iklannya min,1,negatif
sangat bagus,5,positif
bagus banget ✨,5,positif
cinta bngt sma Spotify,5,positif
iklan nya makin lama makin banyak,2,negatif
kikir bukan maen,1,negatif
praktis dan hemat,5,positif
jangan di download gays kikir banget ni aplikasi,1,negatif
rekomendasi utk mendengarkan musik,5,positif
bagus bgt cuma lagu yg lain cuma bisa di dengarkan sekali aja🥲 tapi gkppa kok😊 masi bisa denger lagu yg lain 😆😁,4,positif
"kikir, banyak iklan. denger lagu cuma 1 - 2 lagu, di lanjut iklan smpe 3-4 biji",1,negatif
bagus sekali aplikasi ini,5,positif
"baguss polll apk ne,tapi ne ojo ana aken biaya ya",5,positif
"keren,lebih keren lagi jika bisa mendownload video tanpa harus premium.",3,netral
gak suka terlalu banyak iklan 🙏,4,positif
kebanyakan iklan sekarang iklan sampe 4/5,1,negatif
suka si walaupun kadang sering ada iklannya..,5,positif
"saat saya ingin mendengarkan lagu ada tulisan offline padahal wifi saya tidak ada masalah itu juga sudah saya periksa tapi tetap aja gak ada masalah,adalahnya apknya masih saja bilang kalau saya lagi offline",1,negatif
lagu nya enak didenger,5,positif
Bagusssssss,5,positif
the best pokok nya,5,positif
"apalah nih aplikasi gajelas mau dengermusik di playlist aja harus premium gajelas nih apk,apk kikir,mending gw APUS aja gj nih apk",1,negatif
kikir bet mau pilih lagu aja bayar sukur sukur banyak yang download,1,negatif
jelek,1,negatif
"bagus sieh, suara jernih dan enak..awal"" iklannya cmn 1 trs nambah"" jadi muak iklan. LAMA-LAMA BUKANNYA DENGERIN LAGU MALAH DENGERIN IKLAN, SETIAP GANTI LAGU PASTI IKLAN!!!!HAMPIR 3 MENIT SENDIRI TUH IKLAN",1,negatif
"MY SAFE PLACE, MY BESTFRIEND IN EVERY SITUATION💕💕",5,positif
"okelah tapi sayang iklannya banyak bangett, wajib premium sih ini biar nyaman banget",5,positif
"aplikasinya bagus banget semua lagu ada, cuman lebih baik lagu yang sudah sering di dengar bisa lah itu di dengar tanpa kuota",5,positif
SENGAJA NIH KASIH BINTANG 5 BIAR DIBACA aplikasi kikir. setiap 2 lagu iklan udah gitu iklannya 4 lagi iklan ga bisa diskip. kikir harga premium mahal banget. kikir KIKIR !!!,5,positif
pertama kali masuk Spotify gratis semua jadi seneng deh 😭🫶🏻,5,positif
apk kikir,3,netral
mantaa,5,positif
mantap,5,positif
kikir,1,negatif
Kembalikan premium 7 hari,2,negatif
josss,1,negatif
wow,5,positif
"baguss sangat bagus,ada banyak lagu yang kusukai disini😊",5,positif
bagus cuma iklannya terlalu banyak dan premium nya bisa di kurangi dikit,4,positif
spotify keren,5,positif
kikir bgt ni apk apa apa harus 😹,1,negatif
bagus,5,positif
terlalu banyak iklan,5,positif
👍👍👍,5,positif
𝑤𝑎𝑙𝑎𝑢 𝑎𝑘𝑢 𝑔𝑎𝑘 𝑠𝑒𝑟𝑖𝑛𝑔 𝑑𝑒𝑛𝑔𝑒𝑟 𝑙𝑎𝑔𝑢 𝑑𝑟𝑖 𝑠𝑝𝑜𝑡𝑖𝑓𝑦 𝑡𝑝𝑖 𝑎𝑘𝑢 𝑎𝑘ℎ𝑖𝑟𝑛𝑦𝑎 𝑏𝑖𝑠𝑎 ℎ𝑎𝑓𝑎𝑙𝑖𝑛 𝑑𝑎𝑐𝑒 𝑏𝑢𝑎𝑡 𝑝𝑒𝑟𝑝𝑖𝑠𝑎ℎ𝑎𝑛 𝑠𝑒𝑘𝑜𝑙𝑎ℎ,4,positif
bagus banyak juga lagu nya abis itu bisa disimpan lagu nya,5,positif
lagunya banyak banget enak enak lagi aku suka banget 🥰🥰🥰🥰,5,positif
di sprotify lebih banyak lagu yang bisa kita dengarkan,5,positif
iklan nya banyak itu doang sih tapi bagus,5,positif
bagus bngt,4,positif
- kikir banget disuru premium mulu,5,positif
aplikasi ini cukup baik buat saya,5,positif
enak aja wkwk,5,positif
"semua lagu ada, suara jernih top deh pokoknya... 🫰",5,positif
banyak iklan jadi kalau lagi dengerin lagu suka iklan males,4,positif
sangat suka bnyk pilihan lagu sesuai selera,5,positif
banyak iklan,1,negatif
bagus dan puas,5,positif
bagus bgt,5,positif
jujur semua musik disini lengkap bgt suka deh,5,positif
enak,5,positif
jos lah pokok men👍🏻,5,positif
kenapa aku kasih bintang 4 karena pas aku mau pencet lagu yang aku mau yang keluar tuh bukan lagu yang aku mau gak tau itu karena bug apa dari aplikasinya,4,positif
seru menarik dan mudah untuk membuat kita menjadi lebih baik daripada orang lain dan tak pernah berhenti untuk melakukan sesuatu yang lebih baik dari hari biasanya,5,positif
bisa menemani kita,5,positif
banyak iklan,4,positif
udah bagus sih tapi masa mau harus premium dulu biar gak da iklan ya sama lagu yg kita mau juga harus premium,5,positif
terlalu banyak iklan,1,negatif
bagus bgt lagu ya aku sampai dengar lagu ini sepuasnya,5,positif
menambah fokus saat belajar,5,positif
"ya apk nya si bagus, tapi ya harus bayar, tapi aku bisa bayar, tapi malas yg mau bayar",4,positif
iklan muncul terus mana nambah lagi iklannya,1,negatif
suka aja gitu dengerin musik nya,4,positif
bguss,5,positif
apk the best,5,positif
sangat bagus,5,positif
mantap,5,positif
iklan ampas,1,negatif
sangat bagus dan menyenangkan,5,positif
bagusss sukaaaa,5,positif
bagus,5,positif
kurangi iklan,4,positif
enak buat santai,5,positif
makin kesini makin kikir ini apk. masa setiap ganti 2 lagu harus nonton 3-4 iklan sekaligus+ milih lagu dibatasi,2,negatif
Apk yang bagus kurangnya kalo gak premium bakalan sering bet iklan,1,negatif
"makin hari makin ngencuuu nyawit ni kayanya. masa iya abis melewati 3 iklan setelah denger music baru 2 music yg gua dengerin, 3 iklan muncul lagi bahkan pernah 4...gelooo, bayangin lu baru putar beberapa misalkan 2 atau 3 iklan ny bisa 3 ato 4 padahal lu baru aja dpt iklan itu tadi, setelah denger 2 ato 3 music aja iklan lagi 3 ato 4 bzierrr, aku tidak berharap server negara lain spotifi ny jg kaya disini wkwkwk mungkin server negara lain putaran iklan ny gk se sering disini kita tidak tau bro?",2,negatif
aplikasinya bagus saya sangat suka...🙏🙏🥰🥰.,5,positif
bagus,5,positif
lagu Hinda bagusssssss 😄👍👍,5,positif
mantap tidak perlu dounlood,5,positif
"masa harus premium dulu buat denger lagu yang kita mau,kikir",1,negatif
kurangi iklan nya,4,positif
"kikir bet anjir, 2 music iklan 5 biji",1,negatif
aplikasi haram! emang kenapa sih pilih lagu aja dibatasin? kita kan berhak untuk memilih?!,1,negatif
suka sama lagu² yg ada di dalam nya,5,positif
terlalu banyak iklan jadi ga mood tdk bagus di rekomendasikan,1,negatif
b o i k o t,1,negatif
cocok bnget buat dengerin musik apk ini.keren abiz,5,positif
aplikasi bagus untuk mendengarkan lagu rohani,5,positif
podcast tidak bisa audio only,3,netral
"aplikasi bagus suara jernih, tapi masa gw baru ngedengerin 4 lagu di suruh bayar buat premium.. apa apa an ini🤬😡",2,negatif
bagus 👍,4,positif
BAGUSSSS CMN KNP HRUS BAYARR,5,positif
good,5,positif
jual musik❌ jual iklan✅ 😂😂👎👎👎,1,negatif
"aplikasinya bagus, cuma kok nambah kikir apa"" harus bayar harus premium. milih lagu aja harus premium dulu, bener"" kikir",2,negatif
buat maen game enakk seruu dah Jan ragu buat dounlod ini 💕💕💕,5,positif
"aplikasi nya bagus sih , cuman kalo cari lagu rock atau lagu metal jaman dulu kaga muncul .",4,positif
makin lama di suruh premium lha lol,1,negatif
sangat bagus,5,positif
aplikasi gilaa saya punya saldo 50ribu di dana tiba tiba langsung tersedot langsung untuk mem premium ni aplikasi MEMANG GILA tanpa persetujuan saya dikira gampang apa cari duid 💔💔💔,1,negatif
"bagusss betttttttttttttt, nooo komennn komennnn dehhh",5,positif
sangat bermamfaat,5,positif
aplikasi yg sangat mudah dan ifesien untuk musik,5,positif
banyak iklan,1,negatif
it's all yours.,5,positif
mantap,5,positif
Otang kita persy enak dengan mutar musik ini dan happy terus,5,positif
lumayan tapi tolong hapus iklan ya,5,positif
bagus banget,5,positif
bagus,5,positif
sayah marah sekali btw lu jangan ngemis capek gw bikin banyak akun 🤗💔💔,4,positif
lagunya lengkap,5,positif
"senang,,,mudah mengaksis semua lagu , bagus banget",5,positif
"spotify seperti mewajibkan orang yang pake aplikasi buat langganan, lagu2 volume kecil, tiba2 iklan volume kenceng bgt gila, disambungin ke speaker cafe bikin kaget mulu",3,netral
menurut sya ini apk suda bagus,5,positif
jelek,1,negatif
"masa harus premium sih mau pindah lagu aja harus premium, plis buat Spotify Jangan banyakin premium kalo semisal nya ada pelajar yang gak bisa bayar pasti ujung ujungnya di hapus aplikasi nya pliss kurangin premium nya kalo iklan nya gpp lah ini premium mana harus bayar lagi😭",1,negatif
"saran kurangin iklan, permurah langganan",5,positif
Bagus banyak lagu terbaru,5,positif
bagus banget,5,positif
sangat memuaskan sekali,5,positif
aplikasi ini bagus sekali aku jadi bisa mendengar musik yang aku suka,5,positif
baguss sekalii,5,positif
goodd,5,positif
bagus banget,5,positif
kesannya kayak maksa buat beli premium. Not recommended,1,negatif
bagus bisa dengar musik,5,positif
4x iklan so bad,3,netral
seruuuu,5,positif
"aplikasinya sngt bagus, saya baru saja mengalami pembayaran otomatis di langganan spotify dan saya refund alhamdulillah tidak berkurang sepersen pun dan transaksi yg sngt cepat. wajib bintang lima sih biar kaya tenxi....",5,positif
mntap buat live,5,positif
kikir bangett,1,negatif
sangat bagus apk inii❤️❤️❤️❤️❤️,5,positif
bagus,5,positif
kikir tapi mantap,5,positif
✩ ✩ ✩ ✩,4,positif
bagus premiumnya enak bgt kalo wifi mati masih bisa liat di playlist!✨,5,positif
"simple, lengkap dan high quality sound",5,positif
iklan nya kebanyakan,3,netral
IKLAN NYA BANYAK BNGT KURANGIN DONG,3,netral
tidak puas karna saya tidak bisa dengerin lagu di yang saya suka saya kaya di paksa harus pake premium,1,negatif
ga ngotak iklan nya kalo ga 3 ya 4,2,negatif
bagus tapi males sama iklan nya pas lagi seru,5,positif
Seru.,5,positif
"ni apk udh bagus, kurangnya tuh ada di iklan yg bisa sampe 4, harusnya 2 aja dan kadang pas mutar playlist tuh lagunya tiba² muter lagu yang gak ada di playlist. batas dengerin lagunya juga diubah dari 30 menjadi 40 lagu",4,positif
"suka banget pake apk ini,but ada lagu yang gaada liriknya/tidak dipahami",5,positif
sangat bagus,5,positif
bye Spotify 🥲😭,5,positif
keren,5,positif
"aplikasi nya sering bug, error padahal kuota masih ada tapi ga bisa masuk,",1,negatif
kebanyakan iklan padahal baru 2 lagu tpi iklan nya 4🤦🤦🤦,2,negatif
sangat bagus,5,positif
lagu nya sangat indah dan enak didengarkan,5,positif
bagus sekali sangat menghibur,5,positif
gokil😂,5,positif
memiliki semua lagu,5,positif
mantap,5,positif
1 lagu 5 iklan,2,negatif
bagus banget🥶🥶,5,positif
kali iklannya cuma 1 bintang lima,3,netral
not bad,4,positif
IKLAN 4 SEKARANG BUKAN 2 LAGI,1,negatif
saya jadi hapal lagu yang susah susah,5,positif
"iklan muluuu, game iklan aja kalah",1,negatif
enak enak lagunya mantap bikin jago main game😇😇😇🥳🥳🥳,5,positif
banyak iklan lama lama jadi gak asik dengerin musiknya,1,negatif
sangat menarik,5,positif
bagus banget,5,positif
menghibur,5,positif
sangat asik sekali,5,positif
best bgt pokoknya,4,positif
mantap,5,positif
"selalu bagus, cuman minus iklan aja kebanyakan",5,positif
seru dan enak buat di dengar buat main game,5,positif
sangat puas,5,positif
"dulu suka bangat sama ni aplikasi, tapi semenjak iklan jadi 4 terus setiap 1 iklan selalu di pouse dulu jadi ngak frendly lagi, makasih ya udah nemenin beberapa tahun ini, gua mau ganti apk lain",1,negatif
"seneng bangeet sm spotify, semua lagu kesukaan ada disini",5,positif
"bagus , cocok buat aku yang suka galau",5,positif
aplikasinya udah bgs tapi menurut aku mending enggak usah dikasih iklan soalnya kalo ada iklan kyak ngangu jadi nya mending enggak usah dikasih iklan ya🙏,4,positif
👍baguss bangett,5,positif
aplikasi bagus untuk dengerin ketika sakit hati,5,positif
suaranya jernih banget,5,positif
Jujur aku pake aplikasi ini nyaman banget banyak banget lagu lagu kesukaan aku 😙,5,positif
"Plis jangan kasih batasan buat milih lagu nya kalo belum premium, kalo yg premium buat ilangin iklan aja",5,positif
Ini Bagus Karna Semua Lagu Bisa Diputar Dan Bagus,5,positif
bagus,5,positif
bagus tapi online pls bikin jadi offline,5,positif
mmbantu dengan memilih lagu yang kita inginkan,4,positif
"iklannya 5 biji min😓medit banget dah lu, dari pada 5 biji lu satuin,mending bikin satu lagu satu iklan aja😭dah",2,negatif
Sangat bagus kamu harus men download nya,5,positif
lumayan,3,netral
"kebanyakan iklan, baru mau mutar lagu Langsung ada 4 iklan.",4,positif
bagus,5,positif
Sangat bagus....,5,positif
"cakep, aku suka suka, bahkan aku sering denger lagu di spotify!!",5,positif
san gat buagus,5,positif
lagu lagu ter update dan kejernihan suara,5,positif
sekarang gak bisa digunakan jika non-premium,1,negatif
iklan terlalu lama,2,negatif
sangat bagus tapi ada batasan nya,5,positif
apk kikir dikit-dikit suruh beli premium,1,negatif
kita bisa dengarkan musik sesuka kita,5,positif
cukup menghibur saat suntuk dan capek,5,positif
😍,5,positif
mantab,5,positif
spotify anjjggggggg harus premium mulu mau pilih lagu juga,1,negatif
menarik,5,positif
bisa menemani ketika gabut,5,positif
"bagus dan enak buat ,dengerin lagu lagu yg Mao kita denger lengkap juga lagunya .",5,positif
nggak tau dah harus ngomong apa...,1,negatif
mantap,5,positif
mantap,5,positif
harga paket premium terlalu mahal.,1,negatif
tidak pernah memutar musik karena secara visual kurang menyenangkan dan antar mukanya kurang hangat,1,negatif
ilove it,5,positif
banyak iklan,2,negatif
mantap.,5,positif
enak buat galau😛💔,5,positif
"maksa bgt buat gabung ke spotify premium. iklan ga ngotak, dulu cuman 1-2 sekarang bisa-bisa nya ada 4",2,negatif
best,5,positif
kikir,1,negatif
"cocok buat santai dan waktu kerja, dengerin musik selalu bikin semangat",5,positif
"Gini looo min. kalau emng mau jual ikan sekalian durasinya sejam, terus yang VIP nya naikin lagi harganya kurang itu. putar lagu sekali iklan puluhan kali. gak usah sekalian nyediain musik sekalin jadiin tempat ladang iklan aja. ngntd",5,positif
"jelek banget denger lagu aja dibatasi, udah iklannya ga ngotak lagi.",1,negatif
"gajelas selalu disuruh nya premium,",1,negatif
"kurangi iklannya bisa sampe 3 menit jadi bosen Kan jadinya, dah gitu lagunya di rushafle lagi kaga jelas fitur aneh, udah itu aja dari gw dah pengen gua unintall 😡",1,negatif
dahlah,1,negatif
ASYIIKKK DI GEBOY,5,positif
"suka sih sama lagunya, tapi... yg aku gasuka tuh, setiap update pasti harus buat akun, gimna sih, min tolong deh jangan ada kek gini, udah dua kali loh min",4,positif
apk kikir setel lagu aja gbisaa,1,negatif
good,5,positif
good,5,positif
"Iklan spotify terlalu keras dari volume yang di seting , bikin kaget dan tidak nyaman",1,negatif
untuk lagu ya bagus tapi untuk aku banyak iklan Spotify yang mahal,1,negatif
terlalu banyak iklannya dikit-dikit iklan,1,negatif
sangat baik rekomendasi deh,5,positif
The best,5,positif
"KIKIR BANGET LU, MASA IKLAN UDAH SEBANYAK ITU BELUM CUKUP 💔",1,negatif
Boikot,1,negatif
trimakasih bnyak,3,netral
penenang pikiran dimalam harii habiss diputusin😔😔😔,5,positif
"TOLONGGGG DOOONG DIPERBAIKIIIII ,JENGKEL BANGET IKLAN YG UDAH DI UNLIKE DI ILANGIN TRUS BANYAK LAGU DI PLAYLIST YANG DIPUTER JANGAN ITU ITU AJAA!!!!!!",2,negatif
bagus,5,positif
great platform!,5,positif
"aplikasi kikir dasar, iklan ampe 4 gak ngotak",1,negatif
lagu asik,5,positif
good lah jika di padukan Gemini,5,positif
"terlalu banyak iklan, udah kata tv iklan kepanjangan",1,negatif
bagus no lama nulis boss,5,positif
kita bisa mengeksplor lagu yang tidak banyak orang ketahui,5,positif
bagus,5,positif
bagus tapi sayang di mode tidak premium ada iklan,5,positif
bagus,5,positif
gak ada lagu susume! Ultraman zero,1,negatif
"bagus, tapi kikir.",2,negatif
bagus aplikasinya,5,positif
lagunya update dan berkualitas baik,5,positif
aku sk,5,positif
musik nya full jirr,5,positif
bagus,4,positif
cukup bagus enak di dengar,5,positif
KAKEAN IKLANNNNN,1,negatif
sukaaaaaa bangettttt samaaa aplikasiiii nyaaaaa 🤩🤩🤩🤩🥰🥰😍😍😍😍,5,positif
aplikasi banyak banget iklan,1,negatif
fitur nya gak nyaman yang sekarang,3,netral
kalo mau beraktivitas jadii ga bosenn,5,positif
"Saya kecewa dengan aplikasi ini, dulu iklannya itu 1 dan paling banyak 2x saja, tetapi beda dengan sekarang. Emangnya harus premium dulu baru bisa rasain non iklan?; saya akan pindah ke Yt music. Jujur saya merasa terganggu dengan adanya 4-5x iklan, dan saya harap iklannya bisa dikurangi agar org-org mau kembali memakai aplikasi Spotify (bagi yang non premium). Sekian Terima kasih.",1,negatif
saya suka,5,positif
aplikasi nya bagus cocok buat lagu tidur,5,positif
sukaaa ga ada komenan lain pokoknya suka😘😘,5,positif
"bisa lebih bagus klo iklannya random, bukan setiap pengguna memutar lagu iklan lagi-lagi muncul",2,negatif
enak banget tapi sayang banyak iklan mohon di kurangi iklan nya ya,5,positif
aplikasi ini membuat aku sebagai dan senang banget,5,positif
boikot spotify,1,negatif
untuk dengerin lagu terima kasih,5,positif
kikir sekarang iklanya sampe 4 biji,4,positif
bagus,5,positif
banyak banget iklannya,1,negatif
kurangin iklannya plis,5,positif
"gila sih apk ini, 79k saya di curi",1,negatif
knp di hp oppo a60 gk bisa nampilin spotify langsung sihhh,4,positif
mantap lah...,4,positif
saya mendengarkan lagu lewat Spotify akhirnya bisa tidur👍,5,positif
IKLANNYA ATUH EUY BANYAK AMAT,3,netral
sangat cocok untuk saya dan juga menarik,5,positif
banyakan iklan aying sekarang mah spotify,1,negatif
Semakin Jaya,5,positif
"seru deh, bisa dengerin lagu sepuasnya tapi kadang aku lumayan kesel sama iklannya tapi ITS okeyy🤭",5,positif
"menurutku banyak iklannya pas ganti lagu, terkadang ya beda hp juga ga terlalu banyak ikalannya, semogaaa iklannya dihilangin kalo bisa, kalo memang masih ada iklan ya gapapa, tapi 1 iklan aja yaaa biasanya dengerin 1 lagu iklannya 3 ada, jadiyaa kalo bisa di kurang inn yaa💕💞",5,positif
good,5,positif
bagus lagu nya walau ada yg harus apa gitu bayar,5,positif
bgs bgt apk nya,5,positif
adalah pokoknya,4,positif
musik dan lagu-lagunya bagus dan sangat menghibur,5,positif
tolong ya perbaiki lagi,2,negatif
"lagunya bisa di putar ulang lagu"" nya lengkap",5,positif
bagus banget,5,positif
seru,5,positif
"iklan terus, kikir, boikot aja.",1,negatif
top pertahankan,5,positif
kakean iklan,1,negatif
"iklannya lama banget, ada batasan lagu per hari pula",1,negatif
good music,5,positif
"maaf ya, sebenarnya bagus hanya aku baru donwload tiba-tiba udah berbayar kan aneh yaa",1,negatif
tapi kadang lagunya mati mati,5,positif
"aplikasi eror mulu,tulisannya coba lagi mulu..",1,negatif
"maaf saya agak kecewa dengan apk ini sekarang, kadang baru setel satu lagu langsung di suguhi iklan bisa 4-5 kali. jujur saya mau dengerin musik niatnya nyari ketenangan tapi gara"" iklan yang menurut saya terlalu berlebihan bikin saya jengkel. semoga kedepannya iklan nya bisa di perbaiki lagi",1,negatif
👍,5,positif
mantappp,5,positif
Sangat bagus,5,positif
maaf baru reting,5,positif
bagus buat aku yang hobi nyanyi,4,positif
okee bangett mantaft tapi banyak iklan lainnya,4,positif
ini lebih enak di denger apa lagi Sabil sad,5,positif
sangat bagus untuk mendengar musik atau mendengar lagu galau,5,positif
"Sudah bagus, beri perlindungan keamanan, tidak usah yang lain-lain",5,positif
bagus enak banget serasa lagi nonton konser,5,positif
lagunya enak2..BS sesuai mood dan ada liriknya jg,5,positif
"aplikasi rakus, mau lagu sendiri, playlist sesuai album, slader music, dll berbayar, memang aplikasi rakus, pengen uninstall sumpah",1,negatif
terlalu banyak iklan,1,negatif
sangat bagus,5,positif
sangat mantap,5,positif
"genre lengkap,menampilkan lirik",5,positif
"nasib dah padahal dh lama makenya, tapi dah pro israel",3,netral
"This app is very very good, I highly recommend it. 😍😎😫",5,positif
"karna kalo ga premium ga bisa pilih lagu yang kita mau, jadi lagu nya di acak",3,netral
not bad,5,positif
spotify bagus bisa sambil nge game lagunya komplit juga menurutku bintang 5,5,positif
kikir bgt iklannya aja 6,1,negatif
mantab,5,positif
di spotify ada lagu idola aku suka banget dehh,5,positif
"sekali iklan, iklannya langsung 4",1,negatif
Daniel Sahuleka - Jangan kau Menangis sayang ( versi Indonesia) belum ada,5,positif
"banyak iklan, baru juga satu lagu udah iklan lagi mana banyak banhet sampe 4",1,negatif
bagus top cuma gatau cara stel musik 1 kali jngn keskip,5,positif
"baguss banget,lebih enak dengerin lagu disinii😻😻😻",5,positif
"ya bagus, cmn iklannya keseringan , masa setiap ganti satu lagu langsung iklan? , minimal 3-6 lagu lah baru iklan, lah ini 1 lagu udah iklan?, mana baru dengerin 3-6 lagu udah gabisa dengerin lagi, gimana sih?",3,netral
kurang bnyk iklan nya,1,negatif
kok iklan bnyk,5,positif
bagus tapi banyak iklan,5,positif
top,5,positif
bagus aku suka,5,positif
selalu nemenin pas lagi gabut,5,positif
"menurut ku pribadi,spotify sudah bagus fitur fitur nya juga oke,tapi iklannya sumpah,5 menit cuma buat denger iklan.",3,netral
bagus,5,positif
aku memang suka dengerin musik disini tapi kadang kalo lagunya acak itu lagunya yang gak aku suka tiba tiba kesetel sendiri jadi agak nyebelin,3,netral
suka pokoknya,5,positif
"aku suka berbagai ragam lagu disini tapi paling aku gasuka iklannya😭🙏tapi aku suka bangett ko sama aplikasi ini setiap hari aku dengerin lagu disini,udah si itu ajaaa🙏",5,positif
Bgus,5,positif
bagus dikit,4,positif
bagus dan enak buat main game,5,positif
sangat bagus,5,positif
nganggur,5,positif
"aplikasi yang rekomended banget, cuma sayang ga ada metode pembayaran via qris, jadi ribet setiap kali perbarui premium itu. next update semoga ada metode via qris, biar gampang tinggal scan. klo ada, saya kasih 1 bintang lagi🙂",4,positif
kikir,1,negatif
"Tampilannya bersih, elegan, dan sangat mudah digunakan baik di HP, desktop, maupun smart TV.",5,positif
"banyak iklan nya jink sekarang makin kikir jink, dikit dikit iklan",1,negatif
aplikasi ini sangat saya rekomendasikan untuk kalian yg suka lagu,5,positif
nice,5,positif
BAGUS BET GA ADA IKLAN WOEE,5,positif
ini sangat menyenangkan untuk bermain Game,5,positif
aelah milih lagu harus premium,3,netral
👍🏻👍🏻,5,positif
lagunya keren keren,5,positif
"bagus,",5,positif
"Aplikasi kikir makin hari iklannya tambah banyak, inimah dengerin iklan tapi ada lagunya",1,negatif
asikkk nyaman,5,positif
bagus banget Spotify music bisa cari yg diinginkan.,5,positif
memori nya besar,1,negatif
good,5,positif
balekan saldoku anjg,1,negatif
"kebanyakan iklan,baru 2 lagu udah iklan,iklannya banyak lagi",1,negatif
baguss bgtt buatt temenin kegiatan kegiatan,5,positif
sumpah ini aku suka banget krn bagus buat aku yg galau aku mau buat dance,5,positif
aplikasi nya bagus aku jadi tidur nyenyak,5,positif
maaf aku unistall selamat tinggal Spotify,3,netral
menurut aku si aplikasi ini bagus dan banyak lagu lagu cocok untuk main game dll tapi kadang iklan nya serem jir dan juga iklan nya lumayan banyak tapi its ok kok bintang 5 😁,5,positif
sekarang tidak bisa mengunduh lagi lagu harus prenium dasar mata duitan aku kasih bintang 5 agar muncul komenannya,5,positif
aku suka banget,5,positif
"bagus sih mantep,tapi sayang ada iklan",4,positif
asyik bisa suka2 play music yg kita suka,5,positif
Best,5,positif
mending apknya juga harus beli biar kikir nya utra pro max,1,negatif
"versi web, tdk bisa dputar di chrome mipad 6.",5,positif
Tingkatan kualitas suara musiknya,4,positif
iklan tok T,1,negatif
noltalgia yg tak terlupakan manrul bangat,5,positif
mantappppppp,5,positif
lagu asik ga gampang nge lag juga LFO nya keliatan,5,positif
ada lagu kesukaanku,5,positif
sangat puas,4,positif
penghibur di waktu luang cocok parah👍👍,5,positif
"BAGUSS BEUTTT GILAAAAA bnyk lagu kaporit disini,pokoknya bagussss klo ada bintang 1000 udh ku kasih dah bintang 1000",5,positif
banyak banget iklannya ada 4,1,negatif
keren abis,5,positif
sekarang play music di Spotify kenapa banyak banget iklannya sih sampai 4 bahkan ada yang 5 wow please lah 2-3 aja udah cukup banyak amat iklan kurangi ya Spotify,2,negatif
sangat menyenangkan,5,positif
kikir banget ni aplikasi,1,negatif
dimanapun kapanpun spotify selalu menemaniku..dialah hari hari ku,5,positif
bagus lagu ada semua tapi lebih suka Spotify dulu bisa milih antara music game apa music santai,4,positif
👍👍👍,5,positif
enak di dengar musiknya,5,positif
walaupun di aplikasi lain lagu TF family belum rilis tapi disini langsung bisa ngedengrin langsung suaranya dan lagu nya pokonya rate yang terbaik deh👍,5,positif
thanks semua lagu ada,5,positif
sejauh ini mantap,5,positif
pokok nyà spotify is the best,5,positif
"satu kata, kikir",1,negatif
"makin kesini isinya iklan iklan iklan, lagunya juga acak bgt tiba² ke lagu lawas.",2,negatif
suka,5,positif
terlalu banyak iklan,3,netral
bagus banget,5,positif
good,5,positif
apk nya keren,5,positif
iklan lu kebanyakan,1,negatif
"APLIKASI KIKIR TIDAK RECOMMEND, MAKSA PREMIUM!",1,negatif
lagu nya asik JEMBOT,5,positif
👍,5,positif
"aplikasi yg makin kikir makin kesini, dulu iklan cuma 2, sekarang minimal 3 bahkan pernah 5 iklan dan itu durasinya 2 menitan, bayangin mau happy happy denger lagu malah denger iklan 2 menit, dan untuk premium, tolong premium mini dulu dikembaliin, sekarang perbulan pun harganya 70rb-an bikin mikir 2 kali mau beli premium",1,negatif
semua harus berbayar,1,negatif
seru,5,positif
bagus,5,positif
bagussss sangat sukaaaaaa,1,negatif
"Aplikasinya berguna bangettt)) tapi tolong kurangi iklannya ya? Kadang ada bug, bilangnya 2 iklan tapi yang muncul malah 4, kebanyakan toh? Gapapa sih ada iklan, tapi jangan gitu lah ya",5,positif
enak aja gitu dengerinya apalagi sambil tidur,5,positif
bagus banget,5,positif
"Roni Parulian ganggu banget di iklan,risih denger suaranya",1,negatif
bagus,5,positif
kenapa gabisa dibuka woi,1,negatif
"putar lagu 1 dapat iklan 4, gak masuk akal",1,negatif
keren,5,positif
terkadang di suruh membayar,1,negatif
baik,5,positif
1 lagu 100 iklan,1,negatif
sering terjadi bug,3,netral
banyak iklan,1,negatif
iklan 4 lwk,1,negatif
mudah aplikasinya dan suara bagus,5,positif
"bagus,aku suka,iklan nya sedikit",5,positif
nice song all night,5,positif
awesome,5,positif
kikir banget iklan sampai 5 menit gak tuh,1,negatif
bagus kok cuma yang bikin kesel itu iklannya,4,positif
enakk enak lagunya awalnya ga ada iklannya tapi lama kelamaan ada iklannya tapi gapapa lah,5,positif
iklannya LEBAYYYYYY,3,netral
lumayan lah,5,positif
berbayar+iklan,5,positif
mantap,5,positif
Top,5,positif
enak lagu nya,5,positif
lagu yah pada enak enak,5,positif
because i like music in spotify,4,positif
"saya suka, penggunaan nya gk ribet.",5,positif
mantaf bosquuu,5,positif
banyak pilihan lagu😊,5,positif
apk nda jelas,1,negatif
"ini gimana cara premiumnya min, tolong lah dipermudah, frustasii saya",3,netral
"wkwkw mau dengerin lagu aja harus iklan 4 kali, gila kali ya",1,negatif
sangat baik dan cocok untuk saya,5,positif
"APK SAMPAH. KEBANYAKAN IKLAN BISA LANGSUNG 4 IKLAN, UDAH NGALAH² IN IKLAN YUTUB. LAGU 5 MENIT IKLAN 10MENIT. JANGAN DI DOWBLOAD MENDING LANGSUNG DENGER DI YUTUB!!!",1,negatif
aplikasi ter the best mantap dan bagus lah pokok nya,5,positif
iklan nya jadi 4 woiiaksjksbdjs bosen denger 1 domba 2 domba 3 monyett,3,netral
enak sih cuman banyak iklan,5,positif
bagus banget,5,positif
kualitas sound terbaik,5,positif
"bagus sih,tapi tolong harga premiumnya diturunin dong",4,positif
aku suka dengan aplikasi ini karna bisa main ff Roblox ml sambil denger lagu😘,5,positif
BOIKOT.,1,negatif
good,5,positif
"iklan bedulang yg sangat mengganggu,trus''san",1,negatif
i like good good bagus musiknya i love spotify,2,negatif
Suka denger lagu di sini,5,positif
aplikasi kebelet haji,1,negatif
sangat membantu ketika mengerjakan tugas dan rileks saat tidur,5,positif
"makin ngelunjak ni spotify, iklannya banyak bgt 4 jir",1,negatif
"mau naik haji ni developer ny, masa baru putar 2 lagu, iklannya bisa 3-4",1,negatif
iklannya makin lama makin banyak,5,positif
ok mantap,5,positif
iklan nya makin gatau diri,1,negatif
aplikasi gak guna,1,negatif
kurangin iklan nya,3,netral
sudah tidak bisa di pakai dengan yang tidak punya premium kebelet umroh lu spotify,1,negatif
selalu buat nyaman,4,positif
"b aja , banyak iklannya pulak 🔻🔺 mamam tuh bintang nya 😂",1,negatif
bagus tapi banyak iklan,3,netral
tolong jangan banyak iklan,4,positif
iklan nya lama,4,positif
gg mas,5,positif
dikit dikiitt iklan apalagi sekarang iklan nya 4,3,netral
banyak iklannya,1,negatif
ada gila²nya iklan 5x langsung,1,negatif
"banyak banget iklannya jir, maksa banget nyuruh beli premium",2,negatif
saya suka,3,netral
bgus sekali,5,positif
Spotify udah keterlaluan dulu iklan 30 menit sekali sekarang baru satu atau dua lagu udah iklan... .,1,negatif
audio bagus,3,netral
bagus aku suka banget dengerin musik dan aplikasi ini cocok banget buat aku,5,positif
enak banyak lagu yang menarik dan kita bisa sepuas nya pilih lagu yang kita suku,5,positif
bagus banget,5,positif
top,5,positif
"Akhir' ini kebanyakan iklan gila, sampe tiap 3-4 lagu iklan nya bisa sampe 3-4 iklan berturut-turut, ini gw dengerin lagu apa iklan gng. 😭✌️",1,negatif
bagus,5,positif
iklan mulu,1,negatif
aku buang saja. skr iklan nya ugal2an.,1,negatif
banyak iklan mals,2,negatif
mantap,5,positif
"Makin ke sini makin bnyk iklan nya baru aja play 1 lagu tiba² di kasi 4 iklan ,habis itu di kasi iklan lagi , hampir tiap selesai lagu di kasi iklan , mana baru beberapa kali milih² musik udah di suruh tunggu bsok biar bs pilih2 musik mana yg mau di play, ga kayak dulu iklan yang dulu dikit sekarang malah makin banyak iklan nya , mau denger lagu jadi ga mood denger lagi gara² iklan terus menerus",2,negatif
Kikir mau denger lagu aj harus premium,1,negatif
aplikasi nya bagus,5,positif
👍👍,5,positif
Boikot,1,negatif
sangat bagus,5,positif
"Bagus, enak sih, tapi kalo saya misal nyari versi slowed atau speed up dari sebuah lagu tuh kadang gak sesuai atau bahkan gaada. yah sisanya sih enak bagus spotify ini, karena rekomendasi seseorang, saya jadi tertarik menggunakan spotify✨",5,positif
oke bgt,5,positif
"kemaren aku rat 4 B tapi sekarang cuman 2 B, apasih iklan 4 mana 20+ detik semua, habisin waktu bos, kl di kritik kayak gini tu buat nge improve apk",2,negatif
sangat seru,5,positif
sukak bngt dengerin mudik disini,5,positif
gila iklan nya nyampe 4 crazy banget,1,negatif
Spotify ini sangat membantu saat aku belajar atau memain game yang tidak ada lagunya,5,positif
"iklannya 4 jir setiap pergantian lagu, pengen premium tapi takut rugi gw",1,negatif
1 lagu 4 IKLAN BANGET YA,1,negatif
"aplikasi nya udah bagus buat hiburan sehari hari naikin mood tpi iklan nya tuh ngerusak banget, yaudah kalo mau iklan suru pendengar buat beli prem yaudah kgk usah make orang orang yang ngomong nya bikin ngerusak mood, ada orang nyanyi kayak orang dongo, ada orang ngitung domba, ngerusak orang orang ini tuh, untuk sisa nya sudah bagus sekian terimakasih",2,negatif
"suka,lagu yang gua cari semua ada disini",5,positif
semua serba premium,1,negatif
aplikasinya sngat bagus,5,positif
bagus,5,positif
sangat bagus,5,positif
sangat bagus,5,positif
banyak iklan nya,4,positif
ok,1,negatif
mantap,5,positif
bagus,5,positif
"lama makin lamaa makin agak anj, 1 lagu 5 iklan🗿",2,negatif
bagus,5,positif
good,3,netral
I love my playlist 🫶🏻 . . .,5,positif
allhamdulilah sampe sekarang lancar suara jernih,5,positif
"iklan sampe 4 bangke, kikir bner",1,negatif
apl nya bagus banget,5,positif
uninstall aja jeelek banyak iklan dasar kebelet naik haji nanti juga lama kelamaan downlot apk ini hrs premium,1,negatif
bagus,5,positif
ini aku mengikuti hobi ku jadi ini seru dan aku bisa mendengar lagu favorit aku,5,positif
terlalu banyak iklan dan terlalu kikir bisaka hilangin iklannya atau kurangin harganya,1,negatif
jelek bgt jir kocak,1,negatif
boikot!!,1,negatif
enak banget musiknya,5,positif
mantap dah,5,positif
baguss,5,positif
mantap,5,positif
mantep,5,positif
good,5,positif
spotify baik kasih gratisan aja ya😊,5,positif
"bagus, kenapa bagus? ya karna bagus",5,positif
bagus sekali.,5,positif
aku pikir ini aplikasi sangan ber fungsi untuk ber main gem,5,positif
sangat suka,5,positif
fav 😍,5,positif
lumayan tapi nasi ada iklan,4,positif
jyujyurr bagus banget apk nya😘,5,positif
jelek banget mana pas pilih lagi beda malah lagu lain katanya bisa denger lagu yang gua suka dasar jadi satu bintang aja lah,1,negatif
makin lama suaranya kok makin ilang ya😭,3,netral
"kalo ga premium iklannya kelamaan gabisa diskip, lagunya juga jadi acak. selebihnya oke",1,negatif
iklan nya banyak bgtttt ya bunn,4,positif
bagus,5,positif
aku suka banget sama lagunya dan kalau offline lagu dikoleksi bisa diputar jadi aku kasih Bintang 5 deh🤭,5,positif
"kikir. tiap nge play satu lagu, iklannya empat",4,positif
sangat enak mendengar lagu nya,5,positif
good musik...,5,positif
"aku gasuka sama Spotify nya, soalnya terlalu banyak premium, terus kalo mau pasang lagu harus bayar premium dulu, situ mau naik haji kah?.. kasian loh sama orang yang ga mampu beli termasuk aku, tolong ya dikurangi premium nya.. apalagi kalo mau pasang lagu harus bayar..",1,negatif
2025-2026 tiktok and youtube is the ultimate music player (*) Verdict uninstall from all device,1,negatif
iklan teros,1,negatif
baguuss sih,5,positif
bagus bgt,5,positif
"Udah kapitalis, greedy lagi apk ini",1,negatif
"bagus, tapi kelamaan malah di suruh bayar + gabisa nge lagu",4,positif
sangat bagus dan saya suka memakainya cuman kalo saya ingin memutar lagu fav saya suka muncul premium 😊,3,netral
wenak,5,positif
makin ke sini makin dipaksa buat premium 😂,1,negatif
Spotify boikot boikot 😡😡,1,negatif
bagus tapi ada iklan dikit si h,4,positif
aplikasi bagus buat dengerin iklan,1,negatif
Sangat baguss,1,negatif
terbaik,5,positif
mantul,5,positif
"seringeloncat"" lagunya udah premium tapi tetep aja kadang pindah"" sendiri",1,negatif
ahkkk seruuu bgtt luv deh sama nih aplikasi,5,positif
baik sih sip,5,positif
bagus,5,positif
sedikit membantu untuk waktu santai,4,positif
lagu nya seru sekali menemani saya main game & belajar,5,positif
bagus ada lagu² yg unik²,5,positif
"pls lah jangan banyak2 iklannya, 2 aja udh cukup jangan maruk bgtt apalagi per 5 lagu iklan mana iklannya ada 4 gila kata gua mah mana cmn bisa pilih lagu 5 kali dlm sehari, klo masalah pemutaran acak mah masih oke aja tp pls iklannya tolong dipikirkan lagi🙏",2,negatif
bagus,5,positif
mantap dan sukses selalu,5,positif
jelek ni apk bentar² premiumm,1,negatif
"bintang tiga aja, dengerin 1 lagu iklannya 4 kali dulu....kurangin iklan dulu baru tambah bintang",3,netral
hiburan waktu bersama,5,positif
apk kikir,1,negatif
tolong durasi iklan nya aga sedikit di kurangin,4,positif
"terlalu banyak iklan nya,dulu MH GK kaya gini da",2,negatif
"aplikasi kikir , iklan ampe 5 tiap denger 3 lagu",1,negatif
sangat menyenangkan,5,positif
bagus,5,positif
teman di waktu yg indah8,5,positif
sangat bagus,5,positif
"seru bngt ad lagu yg menampilkan ad juga yg engga,+ kalo kebanyakan milih lagu lngsng suruh berubah ke premium uhm tapi its okay not bad aku suka aja seru kalo buat sambil belajar dengerin lagu",5,positif
"Kasi 2 dulu,aku pas download lagi setelah bbrp bulan uninstall,kan aku puny playlist isinya bermacam2 lagu,itutuh lagunya ga keliatan,jadinya gatau yg mana yg lagu ini lagu itu,bug kah? klw iya mhn di benahi, padahal disini sinyalnya bagus,and tolong jgn kasih iklan banyak bgt,biasanya ak ketimpa satu lagu 4 iklan,kan mlsin banget,mana iklannya dirasi 30 dtk lagi",2,negatif
bagus bgttt,5,positif
"kenapa spotify saya sekarang kelauar akun tetua, dan ada tulisannya terjadi kesalahan. padahal koneksi internet sangat lancar.",3,netral
baguuus,4,positif
mantap,5,positif
sangat membantu,5,positif
😍,5,positif
mantap😊😎,5,positif
iklan nya kurangkn trus offline tdnya bisa jadi gabisa,1,negatif
terlalu banyak sponsor + premium nya mahal,1,negatif
banyak iklan nya,1,negatif
gua tau gua gratis tapi iklan ny jgn sampe 8 juga lah kapan denger musik ny kalo gitu,1,negatif
number 1,5,positif
Asikk semua ada di sini 🎵🎧,3,netral
"Sangat membantu banget Aplikasi yang satu ini,is the best apps👍👍👍👍👍👍 Sukses selalu alwaysss mantap👌👌👌💯%",5,positif
Oke,5,positif
tolong dong setiap saya pake headset gak lama setelah pake headset lagu ke setel dengan sendirinya padahal gapernah buka Spotify dan sudah saya pastikan tidak ada app Spotify di latar belakang. Tolong di fix🙏,1,negatif
keren,1,negatif
sangat bagus,5,positif
aplikasi yang sangat baik,5,positif
semua lagu ada disini mana gratis lagi👌,5,positif
"kalo di game mungkin ini aplikasi pay to win. iklan dari 2 jadi 4 ditambah lagi setelah iklan suka ada ""lagu yang direkomendasikan"" yang gak banget.",1,negatif
good lah,5,positif
jujur kebanyakan iklan kt aku dan gk bisa di skip,4,positif
apalah iklan 4× dan klo lagunya udah selesai 3-4 kali iklan lagi hdeh,3,netral
apk nya bagus dan simple,5,positif
banyak iklannya gasukaa😭,4,positif
op kali,5,positif
bagus sekali,5,positif
"makin lama makin kurang bermutu update nya, kembalikan fitur ""switch audio"" untuk pemutaran podcast, itu fitur berguna banget loh.. sengaja banget suruh pindah app",3,netral
bagus bgt yg in,5,positif
"ini aplikasi aneh banget bukanya bikin bahagia mlh bikin stres, muak,banyak iklan dikit dikit harus bayar biar lancar katanya apalah udah 2 THN gua gunain ni aplikasi dulu bgs sekarang tambah jelek",1,negatif
"sekarang iklannya kebanyakan sama terakhir kali masih instal milih lagu aja ngak bisa harus langganan dulu, padahal dulu awal² instal ngak banyak iklan sama ngak maksa buat langganan, emang aplikasi kikir",1,negatif
apk bagus tapi saran saya kalo emng ada kontrak dengan istrontol mohon di berhenti kan,5,positif
kikir bet iklannya jadi 4,1,negatif
udah gak kayak dulu sekarang baru juga dengerin 2 lagu terus iklan gitu terus mana iklannya 2-4 lagi sumpah nyebelin udah gak enak Spotify sekarang....😡,1,negatif
asikkk,5,positif
bagus si sebenarnya tapi iklan nya kagak ngotak tolong laa yang buat aplikasi ini kurangi iklan nya masa premium nya lebih bagus jadi tolong yaaa,3,netral
lovee bangett sama Spotify 🫶🏻🫶🏻,5,positif
udah bagusk,5,positif
aplikasinya banyak iklan nya,3,netral
"bagus, lagu nya enak dan kualitasnya bagus",5,positif
"eh Spotify kata gua mah lu kalo dah jadi manusia kikir dah lu kikirrr masa iklan 5 menit Menteng mentang dah kayaaaa iklan lima menittt, semakin banyak iklan gak mau pake premium, elu Spotify kalo jadi manusia lu di maki maki dahh kikir eh lah 😶‍🌫️😶‍🌫️😶‍🌫️",5,positif
"perasaan dulu iklan nya cuma 1-3 deh trus durasi iklannya juga dikit tapi kok sekarang jadi 1-4 ya? mana durasinya lama lagi, udh muak banget sama iklan, bahkan ke hafal iklannya dari pada lagunya, apalagi yang 1 domba 2 domba, Dll. jujur muak banget.. mana setiap 2-3 lagu langsung iklan, lama banget lagi! kau kenapa sih Spotify? lagi kikir atau bagaimana? aku tau kalau lebih baik premium, tapi masalahnya ga semuanya bisa pakai premium tau! akh kesel.",1,negatif
selalu menemani hidup di saat sedih mau senang😁,5,positif
bagus aplikasinya,5,positif
bagus aj Tpi byr Mls bgt,4,positif
kikirrrrrrrrrrr lol gak rekim apa apa harus peremium lol,1,negatif
"Peak banget saran music nya malam ini, tapi sayang u support is real dawg -10000 aura but i respect the playlist",3,netral
tolong la iklannya kurangin,3,netral
"Terima kasih Spotify udah menemaniku selama 10 tahun sejak dirilis, meskipun ada iklan karna saya gak langganan premium, tapi tetap saya mendengarkan kapan pun dan dimana pun, good job Spotify😉👍👏",5,positif
enak di dengar,5,positif
kebanyakan iklan(mau skip lagu pun cuma bisa 6x perjam),1,negatif
"apaan dah ,aku baru buka Spotify biasanya bisa pilih lagu random dr pencarian, ini malah gabisa, cm dikasih jatah 3x kocak, pantes untuk di uninstall lo tuh jelek banget3x gtau ya skrg dikasih 2 kesempatan klo lagi pelit bgt tuh jadi 1 eh kocak bgt lo",1,negatif
?! enak buat dengerin lagu walaupun ga prem,4,positif
"apk ini bagus banget tapi terlalu memaksa buat pindah ke Spotify premium, banyak banget iklan dan ada pembatasan pemilihan lagu kalo iklan nya satu atau dua mah mesih oke aja, tapi kalo sampe tiga atau empat itu dah kebanyakan, terlalu pemaksaan.",4,positif
"kikir, tidak fantassss",1,negatif
baguss bangetttttttt😍😍😍😍,5,positif
"aplikasi nya bagus semua lagu ada , pokonya bagus banget suka banget sama aplikasi ini",5,positif
anda membuat suasana hatiku tenang,5,positif
"bagus enak, semoga kepilih nonton konser gratis",5,positif
nice aps for music i like it,5,positif
nice,5,positif
kalo ngga boikott aku kasih bintang 10. tp karna ini boikott aku kasih bintang 1 padahal bagus bngtt ni apk spotify😣.,1,negatif
kurangi iklan nya!!,1,negatif
🤩👍,5,positif
aplikasi yang bagus banyak misik keren,5,positif
bagus banget,5,positif
ini suaranya seru loh tapi dikurangin ya iklannya🥺,5,positif
"kikirrrrr, kebanyakan iklan lu",1,negatif
iklan nya makin nambah,4,positif
bagus,5,positif
jelek huuu,1,negatif
bagus bngt saya suka,5,positif
saya suka dengan Spotify keren bikin saya tenang,5,positif
terlalu banyak iklan,1,negatif
bagus,5,positif
josssss,5,positif
bgst sekarang iklanya 4 kali buat mau dengerin lagu. dasar kikir,1,negatif
suka bngttt lopyuu dehhh,5,positif
"iklannya terlalu banyak, padahal dulu tidak sebanyak ini",2,negatif
meski banyak iklan tapi iklan nya bisa menyadarkan saya ketika lagi sedih ini oke banget wok👍🏼🗿,5,positif
"baguss suaranya jernih, tapi pls iklannya 4 tuh kebanyakan. kurangin pls demi aku🥹 nanti aku kasih bintang 5",4,positif
kikir,1,negatif
bagus,5,positif
"apk nya udah ngga kaya dulu lagi, sekarang malah kaya pler.. semua harus bayar, nggak bisa dengerin lagu lagi.. emang mbut kok, ini emang mata duitan apa gimana kira²?",1,negatif
"SPOTIFY GUA GA ADA SUARANYA TOLONG APLIKASI LAIN AMAN SPOTIFY DOANG GA ADA SUARANYA, UDH DU UNINSTALL TRUS DI INSTAL LGI PUN MASIH SAMAA, APLIKASI JELEK. BIKIN APLIKASI YG BECUS DONG!!!, HIHH!!",1,negatif
BANYAK IKLAN,1,negatif
"apk kikir, kebanyakan iklan, kalo ga mau ada iklan pun harus premium dulu, malas🫩",3,netral
keren dan bagus untuk bermain game dengarkan lagu,5,positif
aplikasi nya bagus lagu lagu nya juga banyak harga premium nya malah bgt jirrr eh murah aj kntoln,5,positif
"banyak iklan,kadang ngebug gabisa log in, terus kadang gak jelas suka ngebug no internet padahal kuotanya banyak dan gak ngelag sama sekali",1,negatif
bagus sih tapi iklan nya menggangu,1,negatif
kikir bet dah asli mending yang dulu kalau sekarang mah mending gw nonton bkp,1,negatif
bisa offline tanpa di download,5,positif
bagus,5,positif
bagus banget aplikasi nya🤩,5,positif
the best,5,positif
sangat bagus membantu banget,5,positif
"sekarang apa apa bayar jir lah, milih lagu di playlist sendiri pun harus premium",3,netral
"keren banget, top abizzz👍👍👍",5,positif
aplikasinya bagus 🤩,5,positif
"banyak iklan, maksa premium🙄",1,negatif
keren aplikasi ini memberi saya lagu yang saya inginkan layak untuk dibari bintang 5,5,positif
ya aplikasi nya oke sih gak ada bug nya jadi aku kasih bintang 5 tapi klo aku pengen tidur tuh kadang suka mati sendri gitu tapi oke lah semangat ya kk yg bikin aplikasi ini lop yu,5,positif
"Mantap, dan Saya Sangat Suka",5,positif
Boikot aja udh,1,negatif
seru banget apk ini tapi gasuka iklan nya doang,5,positif
BOIKOT,1,negatif
iklannya makin ga ngotak co,1,negatif
"buat spotify ini bahasa iklan'y yg gx lazim gx ada yg nama'y music atopun lagu itu cuma hya dicobain az malah kayax orang juallan makanan, motor & pakaian gitu yg pazti yg nama'y lagu & music itu yg kita DENGARKAN gitu",2,negatif
"semakin kesini makin kebanyakan iklan , iklannya ga ngotak , putar 1 lagu pertama iklan 4x .. lagu ke 3 iklan lagi . ga bisa milih lagu sekarang harus di shuffle. bentar lagi males make , mending make SoundCloud aja",1,negatif
seru bisa ngelagu tapi ada yang kurang tolong perbaiki,4,positif
saya sngt suka dgn aplikasi ini.dn sangat mnghibur. dgarin lagu yg disukai sangat mnghibur.bisa di downlod ulang jadi bisa dgerin lagu saat ofline,5,positif
bagus itu aja mau denger musik,5,positif
"gila ni aplikasi, iklan mulu 2 lagu 4/5 iklan coba?? stresss",1,negatif
Lagunya oke oke dan lengkap,5,positif
"playlist gw tb"" ilang knp njink",1,negatif
bagus👍,5,positif
sayaaa sangat sukaaaaaa,5,positif
banyak ikan,1,negatif
SAYA KASIH 1 BINTANG KARENA GA BISA DISAVE OFFLINE GA AKAY YOUTUBE HARUS BELI PREMIUM TX NANTI KLW GRATIS BARU BINTANG 5,1,negatif
top,5,positif
terlalu banyak iklan sekrng gasuka bgt,1,negatif
mau putar lagu harus bayar dan dipaksa besok baru bisa putar,1,negatif
mantap,5,positif
kikir banget iklan aja sampe 4 gila minimal 3-2 lah,4,positif
karena cocok buat saya yang suka musik,5,positif
teman ngopi d kala nyantai,5,positif
BANYAK IKLAN,1,negatif
pnglmn yg terbaik dengan bermusic,5,positif
"1 LAGU 4 IKLAN, 1 IKLAN BISA 40 DETIK! MANA LAGU GABISA MILIH SENDIRI, YG DIPUTAR ACAK""AN BGT AJG",1,negatif
bagus banget tapi kalo offline tolong bisa tetap bisa dengar lagu,5,positif
mantapppp,5,positif
luar biasa,4,positif
bagus banget,5,positif
sangattt sukaa sayaaaa,5,positif
lagunya lengkap suara bagus pokoknya the best dehh,5,positif
keren,5,positif
kebanyakan iklan,2,negatif
mantap kalo ada spotify bisa nyanyi sambil liat lirik,5,positif
GG sih,5,positif
Bagusss,5,positif
"makin kikir njir, sekarang mau stel musik aja harus premium kalo iklan masih okelah kalo musik aja wajib premium ga guna.mending pindah apk lain aja.",1,negatif
apk kocak bikin iklan gangotak,1,negatif
bagus,5,positif
bagus saya sering mendegarkan musik,5,positif
bintang 0 aplikasi kikir,1,negatif
banyak iklan tapi suka banget,4,positif
bagus banget aplikasi nya🤩,5,positif
sangat nyamannnnnn,5,positif
siap mantap,4,positif
bagus banget untuk main game,5,positif
aplikasi bagus saya bisa dengar lagu sambil main,5,positif
mantap,5,positif
cocok galaw,5,positif
bagus,5,positif
👍👍,5,positif
"sekarang Spotify apa2 di premium in, mau ganti lagu aja ada batasnya, mana iklan nya banyak bgt lagi hadeh🥴",1,negatif
bagus jier,5,positif
sumpah bagus amat nih lagu yaa walaupun ada iklan ya gpp yang penting enak,5,positif
ok,5,positif
"iklan nya gak enak tenan , Sampek 4 iklan satu sesi",4,positif
aplikasih ini bagus lagi nya juga enak enak mantap dh poko nya,5,positif
"Padahal jaringan bagus, Tapi seringkali mode offline dan server error, Padahal data dan wifi aman pada buka aplikasi lain",1,negatif
kerennn,5,positif
bagusssssssss,5,positif
apaan dah mau milih lagu aja harus premium,1,negatif
bagus tpi sekarang iklan nya 4 jier,5,positif
boikot aja,1,negatif
bagusss,5,positif
bagus dengar musik,5,positif
sangat bagus,5,positif
"okelah premium, tapi iklan 4x. bisa gak sih di sedikitin iklannya, 2x kek. emng Spotify ini kalo cari cuan, suka to much",1,negatif
bagus banget cuma sekarang mah di paksa buat bayar per bulan gak kaya duluu,5,positif
ok,5,positif
semuah lagu di enak saya suka Spotify musi,5,positif
mantap,5,positif
mantap,5,positif
"harusnya gaada bintang, karena saya baik saya kasih bintang 1. plis lah banyak iklan",1,negatif
keren,5,positif
"woilah cik, iklan nambah terus sebelumnya ada 2 atau 3 doang tapi sekarang ada 4. itupun ga bisa di skip lagi 4 iklan tersebut. lebih worth it YouTube premium dah dari pda spotify.",1,negatif
"harus premium baru bisa milih"" lagu. orang miskin dilarang denger musik dengan pilihan sendiri.",1,negatif
bagus. sangat berfungsi,5,positif
pokoknya-1000000,1,negatif
Gw pindah ke apk lain💔,1,negatif
lagu asik,5,positif
aplikasi yg asek,5,positif
keren bagus,5,positif
"kurangi iklannya, jangan tamak.",1,negatif
"baguss, cuma iklannya jgan bnyak bnget gitu yaa",5,positif
entah kenapa ni apk ku.. eee.. aku stell lagu los dol yg ke stell malah yg lain mlu dah yaelahh,4,positif
the best of spotify,4,positif
"dua kata : "" Luarrr biasa """,5,positif
bagus banyak banget lagu lagu jadi bisa dengerin lagu sepuas kita,4,positif
banyak iklan,3,netral
bagus,5,positif
bagus kata ku nyanyian nya lenkap😁,5,positif
oke,5,positif
keren,5,positif
sukses selalu spotify,5,positif
"Spotify menurut ku apa apa harus premium, saya mau mendengarkan listening party harus premium dulu.",4,positif
bagus banget aplikasi ini bisa dengerin lagu lagu favoritku,5,positif
"aplikasi nya bagus banget bisa dengerin lagu dan juga podcast,lagu nya banyak banget pilihan dan juga selalu bisa kasih rekomendasi lagu atau podcast.cuman nggak dapet bintang 5 malah dapet bintang 4 itu karna iklan nya lumayan banyak jadi saya harap itu bisa di perbaiki☺️",4,positif
suaranya jernihh dan semua lagu ada,5,positif
1 LAGU SELESAI IKLAN 4 KALI.,1,negatif
cool amazing sound,5,positif
keren,5,positif
sukaa,5,positif
bagus banget,5,positif
keren,5,positif
tidak sesuai harapan,1,negatif
sekarang terlalu banyak iklan yang menggangu,1,negatif
"dulu pas jaman nya MERINTIS ga ada tuh BANYAK IKLAN , lah sekarang pas udah SUKSES iklan nya SAMPE 4 , sekarang kerasa banget DIPAKSA untuk BELI premium",1,negatif
👍🏻👍🏻👍🏻,5,positif
apk ini sangat bagus,5,positif
kikir,1,negatif
banyak x iklan nya gak bagus untuk dengerin musik,3,netral
kasih iklan yang masuk akal gw mau dengerin music bukan dengerin iklan yg 1/4x mikir,1,negatif
terlalu banyak iklan,3,netral
saya termasuk selalu menggunai Spotify makin ksni makin banyak iklan nya dan sangat lama iklan nya dan skrg saya pake gootube,1,negatif
aneh loh belakangan ini sering loading dulu kalo mau play padahal udah premium. udah bayar malah kaya gitu udah gitu sekarang malah kalo make paket data di hitungnya offline hadehh,5,positif
"spotify never sleep, super",5,positif
good,5,positif
ok,5,positif
mantep sih,5,positif
terlalu banyak iklan,1,negatif
bagus,5,positif
kebanyakan iklan,3,netral
bagus ada banyak lagu nya,5,positif
bye bye spotify,1,negatif
bagus bangett di denger enakkk apalagi lagi ada kegiatan,5,positif
"aku cukup kecewa dengan spotify, harusnya aplikasi ini tidak ada premium, dari tipe aplikasi untuk dengar lagu favorit dan lain-lain tapi cuma soal mau dowload lagu masa harus premium?, jadi ini sama saja aplikasi ini tidak berguna di saat offline jika lagu² bisa di dowload gratis dan dengan kualitas aplikasi dan suara musik yang bagus aplikasi baru bisa di bilang bagus, ingat hanya satu kekurangan fatal yaitu ketika offline karena harus premium hanya untuk dowload musik, offline jadi abu🥲😞",4,positif
baik,5,positif
pelayanannya baik banget,5,positif
karna g bisa di pencet,1,negatif
aplikasi musik terkeren...,5,positif
udah banyak iklan di spam premium suruh premium pula,1,negatif
banyak bettt iklannya,1,negatif
perfect,5,positif
suka seruu aga banyak rekomendasi tapi bagus,5,positif
enak buat dengerin lagu,5,positif
dengar musik,5,positif
bagus aku suka,5,positif
ini saya download aplikasinya tapi kok kaya dipaksa beli premium ya,3,netral
kebanyakan iklan daripada lagu,1,negatif
bagus dan banyak pilihan lagu yang bisa didengar .,5,positif
makin lama makin pelit,1,negatif
good,5,positif
iklanya tolong dikurangi,4,positif
"Det här spelet är riktigt bra, det har alla låtar, även om inte alla låtar har podcaster heller. (This application is really good, it has all the songs, although not all songs have podcasts too.)",5,positif
iklanya birahi sekali,1,negatif
udh tau aplikasi udh pernah download saya selalu pake aplikasi ini karena sangat bagus,5,positif
wow..banget please..🤭,5,positif
mau dengerin lagu sambil nyatet malah di suruh bayar dulu 79.900 buat satu lagu😡 agag nyesel sih donwload ini😒,1,negatif
"iklannya banyak banget ih sekarang, pdhl dulu lama. malah sekalinya iklan sampe 3 bujug",3,netral
saya suka dengan Spotify musik,5,positif
nice,5,positif
dulu mah asik dengerin nya tapi sekarang udah gak seru,3,netral
bagus lah,5,positif
seru banget saya suka karna bisa dengerin banyak lagu yang saya suka saya bisa dengar lagu yang terkait dengan kisah kisah saya terimakasii,5,positif
"jangan dengerin lagu disini, banyak iklan, burung gw sakit mending download resoo",1,negatif
sekrng harus premium enakan yang dlu,4,positif
"jelek bgt, masa baru dengerin 1 lagu, udh gbs pilih lagi + makin banyak iklannya, skrg apa apa hrs premium",1,negatif
kikir,3,netral
kadang Spotify sering kali kalau saya sudah mendengar lebih dari 5kali pasti langsung dimintai premium,4,positif
KURANGIN IKLANNYA PLSSSS,1,negatif
bagus sekali sangat-sangat bagus😍😍,5,positif
nyaman,5,positif
"awalnya bagus aja,tapi semakin kesini semakin banyak iklan, ganggu,sama,kalo di koleksi lagu yang disukai, suka ke skip jauh,bukan berurutan, jadinya ada yang ga pas dan hilang",4,positif
i love you spotify,5,positif
baik,5,positif
koleksi lagunya lengkap..aplikasi yg sangat bagus,5,positif
sangat suka.. dapat memutar dilatar belakang bahkan saat layar terkunci.. mantab !!,5,positif
jangan ngerekomen lagu trus dong masa nyetel plys malah di kasih rekomen mulu sejam gelo lu,2,negatif
good,5,positif
Tenangin aku,5,positif
bagusssssssss,5,positif
"kekurangan:agak banyak iklan, kelebihan:bisa mendengar sepuasnya",4,positif
"eror trs, gak bisa dibukaaa",3,netral
makin hari makin kikir,1,negatif
cocok buat aku suka lagu,5,positif
pelit bgttt apa apa haruss premium,1,negatif
keren,5,positif
ini sangat membuat saya lebih tenang dan tidak kesepian,5,positif
bagus banget buat maen epep,5,positif
"""kesalahan pada jaringan"" TF you mean bruh",1,negatif
bagus,5,positif
bagus,5,positif
"keren banget goks,besok besok iklan nya 10 aja seru kok dengerin iklan",4,positif
baguss dan bisa diatur putar berikut nya I love it thank you Spotify,5,positif
sangat bagusss,5,positif
WOI MANA LIRIK NYA???,1,negatif
enak buat main😭🫪,5,positif
memudahkan utk mendengarkan musik,5,positif
lagu nya banyak anti ngelek trus jga gampang buat cari lagu.solusi buat nemenin waktu lagi belajar atau main game.cuma banyak iklan setiap 1 lagu iklan iklan bae,4,positif
good,5,positif
"baguss sii cuma minusnya premium,kalo ga premium gw kasih 5 bintang",4,positif
iklan nya banyak amat,5,positif
lengkap👍👍👍,5,positif
aplikasi kikir,1,negatif
Aplikasi kikir final boss,1,negatif
aplikasi musik terbaik secara keseluruhan sudah sangat baik,5,positif
apaan sih banyak iklan nya 😂 minimal GK ada iklan dong wkwkwk jelek dasar jelek,1,negatif
premium nya mahal,4,positif
bgs bgt jd bs nostalgia lagu jaman dlu,5,positif
SPOTIFY JELEKKK KIKIR IKLAN IKLAN AJA TRUS,1,negatif
lumayan 👍,4,positif
jelek,1,negatif
banyak iklan ga bakal bikin gw premium,1,negatif
ini membuat hari saya menyenangkan dan ini membuat hati saya tenang,5,positif
gila iklan sampe 4 parah,1,negatif
bagus dah gitu aja 🗿,5,positif
ok banget,4,positif
bagusss,5,positif
iklan nya di sedikitin,5,positif
kurang banyak iklan nya ajg,1,negatif
bisa dengerin lagu sambil main game,5,positif
bagus rekomendasi untuk mendengarkan musik,5,positif
jujur bagus apalqgi kalau beres² tapi tolong kurangin iklan nya,5,positif
apik lho ya 😹😹👍,5,positif
"jelek banget. parah, maksa bukan pgn nyruh premium? smpe buat 4 iklan setiap kli denger 1 lagu.",1,negatif
enak buat main game lagu nya ☺️,5,positif
AKU SUKA BANGET SPOTIFY tapi plis kenapa skrng kayak maksa banget si harus premium... ada limit nya jadi ga bebas banget.. iklan si aku ga masalah la ya.. tapi hell.. kenapa ga bisa milih lagu secara bebas lagi si?.. padahal spotify bener bener apk kesukaan aku... tapi skrng bikin kecewa,3,netral
bagus dan enak di dengar,5,positif
iklan banyak plus lagu acak tidak karuan. jadi mesti pakai premium.,3,netral
enak banget lagunya,5,positif
App kacau jgn di download,1,negatif
kenapasih ini sportify saya pencet lagu ini keluar lagu itu udah saya ulang ulang tetep aja udah saya hapus baru download lagi tapi sama aja huh bikin kesel aja dehh,1,negatif
good,3,netral
aku mau coba premium 3 hari,5,positif
Sangat membantu dalam pekerjaan rumah,5,positif
bgusssss,5,positif
wah ini bagus sih,5,positif
terlalu banyak iklan,2,negatif
bagusss sayaa sukaaa,5,positif
kok aku enggak bisa nambah ato hapus lagi di blend sihh??,3,netral
bahkan milih lagu aja bayar ngebet premium bgttt,1,negatif
"aplikasi yahudi wkwkwk,sengaja bintng 5 biar bisa diliat org. iklan ga ngotak sampe 8 kali soalnya kaya maksa bgt kesannya nyuruh premium.sukur sukur biasanya iklan sampe 3/4 kali,ini 8 kali,ngaco nih",5,positif
"seruuu, lagu apapun ada, sedikit kebanyakan iklan sii, but it's okay soalnya udah kecintaan banget sama spotify🤭",4,positif
iklannya jadi 4 😭😭,2,negatif
apk nya sangat bagus,5,positif
"baguss sihh cuma kalau lagi dengerin lagu K-Pop tuh lirik nya gak ada, tapi tetap bagus kok",5,positif
makin byk iklan.. makin tahun makin ribet kek maksa pengguna harus beli premium..,1,negatif
ga ada apasi pingin aja kasi bintang 1,1,negatif
ngebrek anying suaranya tolong diperbaikin lagi,1,negatif
Pokoknya asik dengerin musik ato lagu-lagu pake Sporify,5,positif
text lagu korea berharap ada huruf Romanized'a,5,positif
iklan mulu anj,2,negatif
suka banget sama aplikasi ini lengkap banget,5,positif
keren,5,positif
"gajelas bgt keluar spotify sambil buka aplikasi lain malah tiba² ke pause sendiri/berhenti sendiri, admin tidak membantu!",1,negatif
spotify yang menemani ku setiap sedih senang atau marah terimakasih spotify yang telah menemani,5,positif
smoga saya dapat hadiah dari Spotify 🤗🤗🤗,5,positif
oke,5,positif
sangat membantu,1,negatif
premium sangat mahal dan mixing nya melenceng sekali,1,negatif
mendengar music kesukaan anda hanya di Spotify,5,positif
"bagus kalo main game suaranya kedengeran,jadi tenang buat main sambil dengerin lagu nya.",4,positif
jelek,2,negatif
"ini adalah aplikasi iklan, ga rekome 👎",2,negatif
makin banyak iklannya klo ga premium,4,positif
kenapa harus premium? ribet banget sumpah,1,negatif
"spotify canvas nya terlalu berat hingga bikin ngelag. tolong di optimasi, atau lebih baik, dihapus saja.",1,negatif
bagus👍,5,positif
aplikasi yg lebay banyak banget iklan nya apalagi iklan rony parulian sampe bosen dan hapal mendingan ke lyra sama you tube music lebih simple gak kayak spotify boikott,1,negatif
maksa bet orang kg mau premium di suruh premium Mulu dngo bener,1,negatif
bagus tapi sayang nanti lama lama mau premium,5,positif
"Spotify makin lama iklan nya ga banget terlalu over asli bikin mood hancur gara gara nunggu iklan nya doang, iya tau kalo ga mau iklan beli yang prem tapi tolong lah ini saya download aja udah pakai internet berbayar, aplikasi kikir",1,negatif
mantap,5,positif
Bisa ditambah opsi premium 1 tahun seperti sebelumnya,2,negatif
simple,5,positif
bagus,5,positif
koleksi lagunya banyak sekali dan mudah diakses,5,positif
nunggu 4 iklan untuk 1 lagu😹,1,negatif
bagus banget,5,positif
gas boikot ni apk,1,negatif
sangat² berguna sekali,5,positif
Gue suka denger lagu dari sini walau banyak iklan tapi gapapa,5,positif
suka banget👍🏻,5,positif
"iklan bejibun, berbatas pula",1,negatif
baik dan tdk banyak iklan,5,positif
GOOD,5,positif
aplikasi terbaik yg baru saja saya temukan,5,positif
bagus aplikasi ini,5,positif
keren banget,5,positif
keren dan terupdate genre sesuai apa yg diinginkan,5,positif
4 iklan hell naw,1,negatif
mantap,5,positif
banyak iklan dan berbayar.,1,negatif
banyak iklan,3,netral
good,5,positif
bagus aplikasinya,5,positif
"najis aplikasi kikir,serasa di pandang sebelah mata ama ini aplikasi kalau ga premium,mana hrus premium dlu bru bs download lagu kita jg beli paket internet",1,negatif
best,5,positif
sangat bagus tapi aga Lamaan bayar tolong Segara tidak byr,5,positif
"satu lagi 4 iklan hedehh maless, uninstall aja dehh",1,negatif
lagu nya enak de dengar apa lagi lagu watch......,5,positif
"Kuota ada, aplikasi udah diupdate, masih aja ""ada yang salah"" (gangguan)",3,netral
ok,5,positif
"aku kasi 2 bintang aja,, apl banjir iklan monyet",2,negatif
enak lagu nya buat gw tdr,5,positif
Bagus,5,positif
"mau streaming iklan,?? di sini tempatnya gunakan freemium",3,netral
"semakin lama iklannya semakin ngelunjak njirr, parah banget sekarang",1,negatif
soalnya jarang saya pake,4,positif
apk kikir dikit dikit iklan pay to win banget,1,negatif
aplikasi kikir bahkan memilih lagu pun sudah tak boleh,1,negatif
"aplikasi sampah,1 lagu 3 iklan,bacot doang",1,negatif
bagusss,5,positif
bagus buanget,5,positif
loveu pls,5,positif
wawwwwww,5,positif
selalu menemukan musik yang menghibur...sukses selalu Spotify...👍👍👍,5,positif
"gila udah lama bgt pake spotify tapi sekarang kalo ga premium banyak banget iklannya, baru 3 lagu udah dapet iklan 2 menit??????",1,negatif
asik sih tapi kalo bisa lagu yg ber DJ itu ada liriknya itu saran saya sih tapi udah bagus lah,5,positif
bagus bgt apk nyaa gaada iklan sama sekali walaupun ga daftar sukaaaa🥰😍🤩,5,positif
kebanyakan iklan sekarang dulu iklan nya cuman 1 kali lah sekarang malah ngelunjak spek 4 kali,1,negatif
karena saya menjadi mudah menghafalkan lagu karena di spotify ada algu berserta lirik nya dan semua lagu ada di spotify,5,positif
plisss spotif aku gak bisa di bukaaaaa,1,negatif
cuman kurang banyak aj gratisnya,5,positif
baguss,5,positif
"woi, ngotak dikit lah, kok sekarang di batasi dengarin lagu yang pengen didengar, mana iklan nya 4 lagi, ok lah iklan nya 4, tapi kalau di batasi dengarin lagu yang pengen di dengerin udah keterlaluan, mending saya pindah ke apk lain, kikir bat lu",1,negatif
"karna pas dibuka aplikasi nya ada tulis an ""mohon priksa koneksi internet anda"" padahal sinyal nya bagus",1,negatif
sumpah ini aplikasi emang bagus bgt sih tapi kalo gamau iklan harus premium dlu,5,positif
kok malah gaada jaringan si padahal aku pake wifi,3,netral
gk bisa login,1,negatif
sangat bagus dan enak dengar lagu sambil tidur,5,positif
yora piye piye Spotify tempek,1,negatif
"apalh mau nganu akun tpi wifi tdk trsmbg,pdhl mah buat ngapain aj lncar kcuali spotify.",1,negatif
mantap,5,positif
apk sampah unistall,1,negatif
banyak iklan bngst,1,negatif
lagunya enak,5,positif
"duh ini kenapa suka tiba tiba error si? gabisa masuk, suruh coba ulang, padahal koneksi lagi bagus bagus aja",1,negatif
"hei spotify, aku mendownload ulang aplikasi ini lalu saat aku membuka aplikasi nya tiba-tiba ""terjadi kesalahan periksa koneksi internet mu lalu coba lagi"", padahal wifi ku sudah bagus bgt dan lancar disemua aplikasi (kecuali Spotify). aku ngira itu cuman eror biasa, tapi saat aku unstall dan install kembali selama 5 kali, tetap saja eror... tolong di perbaiki ya, aku bingung kenapa ini bisa terjadi padahal jaringan ku sangat bagus.💔🙏🏻",1,negatif
g bisa masuk,1,negatif
banyak bug,1,negatif
nice mjnnn,5,positif
"gbsa di buka, alasn ny internet , pdhl internetku bgus",1,negatif
"aku mau masuk baru aj download tapi kok' jaringannya leg pdahal jaringannya penuh, bug ini tolong di perbaikin",1,negatif
biaya premium terlalu mahal ga ada paket lite kah kaya 2 Minggu 20rb atau 1 bulan 30rb,3,netral
aplikasi ini terbaik menurut saya karena bagus dan berkualitas dari pada yang lainnnn!!!!,5,positif
"saya sangat suka dengan aplikasi ini karena saya bisa mendengarkan musik yang saya mau dan jugak bisa bersamaan dengan mengunakan aplikasi lainya nya , jadi saya sangat suka mengunakan nya",4,positif
"SPOTIFY KENAPA SAAT BARU DOWNLOAD TIBA TIBA ""koneksi tidak terhubung"" PADAHAL GUA UDAH PAKAI WIFI YANG BERINTERNET TAPI PERCUMA JUGA, PAS PAKE DATA JUGA PERCUMA TOLONG WOI, BERBAIKI DONGGG",1,negatif
lumayan lah anj,5,positif
SEKALI HAPUS LANGSUNG GAK BISA LOGIN,1,negatif
"saya baru download pas dibuka ada tulisan ""terjadi koneksi internet lalu coba lagi"" padahal internet saya lancar, kenapa terjadi seperti itu??.",3,netral
sinyal normal wifi normal data normal knp harus cek internet??,1,negatif
tolol,1,negatif
tidak ada dj horeg🗿,4,positif
keren,4,positif
gak bisa di buka,1,negatif
aplikasi buruk bagi kesehatan tubuh,1,negatif
"iklan sampe 4 bener bener keganggu bgt, bahkan skrg ganti lagu cuma bisa 3x lewat dr itu gabisa ganti dipaksa premium, hadeuh..",1,negatif
"aplikasi nya bagus, tapi makin lama makin kikir, iklannya tambah banyakk, terus untuk skip di batasin per hari, padahal sebelumnya ga se kikir ituu",2,negatif
seru setiap aku dengar lagu nya kak semua nya ada,5,positif
"𝑏𝑎𝑔𝑢𝑠 𝑡𝑎𝑝𝑖 𝑎𝑘𝑢 𝑡𝑖𝑏𝑎 𝑡𝑖𝑏𝑎 𝑔𝑘 𝑏𝑖𝑠𝑎 𝑏𝑢𝑘𝑎 𝑙𝑎𝑔𝑢 𝑡𝑟𝑢𝑠 𝑑𝑖𝑠𝑢𝑟𝑢ℎ 𝑏𝑒𝑙𝑖 𝑝𝑟𝑒𝑚𝑖𝑢𝑚 𝑚𝑎𝑠𝑎. 𝑎𝑘𝑢 𝑖𝑛𝑖 𝑢𝑑𝑎ℎ 𝑐𝑢𝑘𝑢𝑝 𝑙𝑎𝑚𝑎 𝑑𝑒𝑛𝑔𝑒𝑟 𝑖𝑛𝑖 𝑒ℎℎ 𝑘𝑜𝑘 𝑚𝑎𝑘𝑠𝑎 𝑝𝑟𝑒𝑚𝑖𝑢𝑚.𝑡𝑒𝑟𝑢𝑠 𝑘𝑜𝑘 𝑡𝑏 𝑡𝑏 𝑖𝑘𝑙𝑎𝑛𝑛𝑦𝑎 𝑗𝑎𝑑𝑖 𝑏𝑎𝑛𝑦𝑎𝑘 𝑠𝑖ℎ 𝑝𝑙𝑖𝑠 𝑑𝑒ℎ. 𝑢𝑏𝑎ℎ 𝑗𝑎𝑑𝑖 𝑔𝑟𝑎𝑡𝑖𝑠 𝑎𝑝𝑘 𝑝𝑙𝑖𝑠 𝑚𝑒𝑛𝑑𝑖𝑛𝑔𝑎𝑛 𝑏𝑖𝑎𝑟 𝑔𝑘 𝑑𝑖 ℎ𝑢𝑗𝑎𝑡,",3,netral
nice,5,positif
aplikasi kikir GK ngotak iklanya 4 males degerya saran gua medong GK ush deh donlotya nanti yesel,1,negatif
aplikasi ini baguss dahh pokonyaa cuman kadang iklanya ituu kek 5 menitan lama bett🙏🏻😭😭,4,positif
sangat bagus gratis dan ada juga ada menampilkan lirik lagu tersebutt,5,positif
bagus banget aplikasi ini,5,positif
"sangat buruk. Masa saya baru dengar satu lagu iklan nya uda 5? mana iklan nya maksa banget buat suruh premium apk, Gak respect lagi ama ni apk.",1,negatif
bagus untuk dengerin musik,5,positif
bagus banget,5,positif
bagus sih tapi tolong kurangi iklan nya,4,positif
to get full version free music,5,positif
"aplikasi kikir dikit"" iklan ,nambah 1 iklan nya jadi 4 (mau nyuci piring dengerin musik niatnya ehh malah udah keburu lese sebelum lagu nya di puter)",1,negatif
"banyak iklan, tempekkkkkkkkkkkkk",1,negatif
seru soal nya dengerin lagu sambil main geme pasti seru coba donlwlod dah,5,positif
terlalu banyak iklan,1,negatif
ok,5,positif
saya download buat hapus playlist bareng mantan saya,1,negatif
terlalu banyak iklan dan promosi tentang Spotify premium,1,negatif
bisa dengeri baon cikadap🙊,5,positif
"sangat seru sekali aplikasi nya dan lagunya sangat bestt🔥,tapi yang agak sedikit mengecewakan adalah harus ada iklannya sihh😭,tapi tetep bagus kok aplikasi Spotify ini😻😻",5,positif
jujurlyy saya suka dengan aplikasi ini saya jadi bisa melatih.,5,positif
iya,5,positif
"Aplikasi Kikir, banyak bet iklannya",1,negatif
banyakk iklan 😫,4,positif
"iklannya banyak banget sekalinya iklan bisa 4 kali padahal dulu iklannya pling banyak 2 tapi sekarang iklannya muncul dua kali putaran lagu sebenarnya aplikasi ini aplikasi musik atau aplikasi iklan sihh udah kebelet kaya lu!?! sesuaikanlahh sama kondisi kita yang masih sekolah, udah itu ajaaa selebihnya bagusss bangettt🥰",3,netral
mantap,5,positif
"dikit dikit iklan,3 iklan pula itu",1,negatif
good kasi gratisanlah kk,5,positif
good,5,positif
saya bagi bintang 5 kerana alpikasinya sangat bagus untuk mendengar lagu ketika sedang membuat kerja sekolah,5,positif
Woi nyariin lagu apa mesti pencet malah setel lagu lain,1,negatif
cukup lengkap lagunya,5,positif
"jelek, lagu tiba tiba ilang dan palylist",1,negatif
apakah bisa pilih lagu,5,positif
sangat enak untuk mendengarkan lagu,5,positif
Bagus mantep,5,positif
walahh jembutt,5,positif
jelek,1,negatif
lagu2nya keren abis,5,positif
kenapa hrus bayar ihhh,5,positif
sukaa banget enak di buat dengerin musik 🙇🏻‍♀️🙌,5,positif
baik sekali,5,positif
sangan kreb,5,positif
mantap,5,positif
"aplikasinya membuat bagus bgt,aku seneng denger musik disini",5,positif
"bagus si bagus , tp bikin kesel anjir, aku baru denger 3/4 lagu, iklan,iklannya panjang lg, trs suka dipaksa paksa pke paket premium, klo gk premium gbisa denger lagu yg kita mau, gausah gtu bisa gsi?? bikin kesal aj.",3,netral
mantap pas gak ada internet,5,positif
"banyak iklan, tiap 3lagu sekali ada 4 iklan berturut""",1,negatif
"banyak banget iklannya sekarang, dikit dikit iklan, mana empat lapis",1,negatif
pokok nye manteb dahhh....belon ade dua nye,5,positif
sangatlah penting bagi orang yang mau cari lagu,5,positif
"benci banget sm iklannya, mana gabisa di skip. minimal mempermudah pengguna gratis lah jngn apa apa harus premium, sbg pengguna lama spotify agak kecewa sih ya makin ksini mkin dibatasin buat pengguna gratis, ap apa hrus premium dlu baru bisa leluasa, padahal spotify ngebantu banget tpi mkin kesini jdi sering iklan, mana buat 1 lagu 4 iklan wkwk, jngn maksa orang buat premium dong, sayang bngt pdhl apk nya bgus.",3,netral
baguss,5,positif
"dengar apa? dengar patah patah, udh premium loh. heran, udh komplain ke CS, itu itu aja yg di suruh ga membaik lagi. udh coba uninstall, hapus cache, dll dari mereka saranin, ga ada perubahan. Masih patah patah (kyk buffering tapi ini banyak). Tolong di perbaiki.",2,negatif
aplikasinya sangat bagus,5,positif
mudah dan suara bagus,5,positif
"Spotify selalu nemenin hari² aku.. Galau, sedih, seneng, banyak kerjaan, gabut, segala suasana aku pasti ada Spotify.. Spotify jg ngajarin aku buat belajar bahasa Inggris lewat lirik² lagu.. Terima kasih Spotifyku.. ❤️❤️❤️❤️❤️",5,positif
aplikasi sangat bagus tapi tambahkan lagu seventeen,5,positif
kebanyakan iklan 🗿,1,negatif
ga ada iklan trus waktu ga ada kuota atau wifi masih bisa,4,positif
baguss,5,positif
ini sangat baguss buat kita mau dengerr lagu walau pun ada iklan sedikitt tapi ini tetap jadi tempat favorit ku saat aku ingin mendengar lagu,4,positif
good app,5,positif
👍🏼👍🏼👍🏼,5,positif
sebenarnya ini tuh udah bagus banget apknya cuman tiap dengerin musik suka tiba-tiba iklan🥰.. dan itu nyebelin dan risih bgt buat gw😭🤗maaf ya devnyaa😇..,4,positif
bagus banget,5,positif
Bagus sekali,5,positif
"FF DI HATI, hehe",5,positif
udah cape nge download lagu mslah jadi premium,1,negatif
bagus,5,positif
aku suka aplikasi nya,5,positif
APLIKASI KIKIR IKLAN SAMPE 4 MANA GABISA DISKIP SEMUA LAGI,1,negatif
"kikir, cmn ngeplay 2 lagu iklannya 3 klo gk ya 4",2,negatif
tolong ilangin iklan nya dong sering tiba-tiba muncul pas lagi ngedj galau lah kesel banget 👊🏻😌,4,positif
Mantap,5,positif
"makin kesini makin kikir men, iklan sampe 4, milih lagu terbatas bangat + waktu reset nya lama, liat lirik dibatasi, dan banyak lagi men. dulu masih enak karna iklan minim, milih lagu bebas gaada batasan, dan liat lirik ga dibatasi, sekarang udah kayak moonton kikir bangat gilak, sakit lu men",1,negatif
bintang 1,5,positif
bgus,5,positif
"dengerin lagunya terbatas, sehari cuman beberapa menit",1,negatif
aplikasi ini sangat bagus untuk mendengarkan musik,5,positif
seru njir bisa sambil berak,5,positif
saran yang belum dwonload mending dwonload apk lagi aja soalnya iklannya ga ngotak kalo ga premium,1,negatif
banyakan iklannya daripada dengerin lagunya 😃,1,negatif
musikx mantap,5,positif
suka tapi kurangin iklan,5,positif
aku suka lagu ya ada di sini tapi kekurangan nya iklan terus maaf ya,5,positif
"aplikasi miskin, maksa harus premium",1,negatif
kebanyakan iklann,1,negatif
mantap,5,positif
👍👍👍💜,5,positif
apk apaan bnyk bgt iklan ny,2,negatif
"apaan coba denger lagu 1x iklan nya 4x, setiap ganti lagu kena iklan 4x, setelah beli premium terus habis iklannya ga masuk akal coba. denger lagu 5 menit iklan 1 menit",1,negatif
simple and enjoyful,5,positif
aslinya sih ga bintang satu bintang nol tb aplikasi di saya nge bug kalo ga nge bug sih bintang 5 gk banget sih sampe katanya periksa koneksi padahal lancar minta di benerin oi aplikasi di akun saya temen saya aja masih lancar knp ini oi owner nya tangung jawab ga gua udh besti banget sama aplikasi nya tb tb nge bug kesel gua tanggung jawab ga lu owner nya,1,negatif
semua lagu ada,5,positif
mudah dan kualitas suara jernih,5,positif
laguny sesuai mood banget,5,positif
good,5,positif
Cukup memuas kan,4,positif
"tingkat kan pelayanan,bagus,keren",5,positif
iklan gausah 3–4 cukup 1–2 aja,3,netral
"bagus ,Sukak banget",5,positif
enak dah,5,positif
bagus banget buat dengar lagu sehari hari,5,positif
too much iklan cooo,2,negatif
enak banget,5,positif
kebanyakan iklan,1,negatif
OK,5,positif
👍👍,5,positif
tolong buatkan langganan selama setahun !!! terimakasih 🙆🏻‍♀️🥰,5,positif
Good app ..nice,5,positif
"gila, ini kikir sih",1,negatif
"overall bagus yah audionya bagus juga,masalahnya cuma di fiturnya ,masa dalam sehari kalo terlalu banyak dengar lagu ada notif harus premium itu gimana ya,seakan maksa banget ,kalo untuk masalah mau download harus premium its oke lah, tapi tolong ilangin fitur batasan harian itu",3,netral
sangat baik untuk yang berlangganan,5,positif
lagu 2 iklan 4 dehel makin kgk mau ke premium,1,negatif
bagus,5,positif
pemaksaan banget anda suru premium biadap sekali anda,1,negatif
👍,5,positif
terlalu banyak iklan,3,netral
"7 tahun make, makin lama makin banyak iklan",2,negatif
semoga kedepan nya lebih baik lagi,5,positif
sangat cocok untuk aku banget sih,5,positif
"parah main potong saldo.. padahal sudah dibatalkan langganan.. cape tiap buat di potong.. gimna batalin nya ga jelas.. nyesel pernah berlangganan jangan pernah berlangganan premium.. sampe kapan pun dengan cara apapun ga bisa stop.. bekali kali udh di batalin, lewat emai maupun aplikasinya tetep aja di potong otomatis, bahakan ketika ga ada saldo pun mereka tetep potong saat ada saldo !! nyesel banget banget tergoda langganan murah awal nya.. akhirnya malah mahal.. aplikasi licik..",1,negatif
bagus,5,positif
mantap banget,5,positif
bagus buat tidur ini Spotify,5,positif
TERBAIKKK SPOTIFY 👍👍👍,5,positif
"kalo emg gmw iklan an,yaudah upgrade ke premium lah situ miskin amat ya?",5,positif
sejauh ini aplk udah cukup baik,5,positif
oke,5,positif
Padahal udah bagus lengkap cakep mantep tapi bikin gua ga jadi ngasih itu semua gara gara makin kesini makin pelit kebanyakan iklan kikir bgt anj,5,positif
ok,4,positif
"kebanyakan iklan ga ngotak iklan nya ckckck, dikit"" iklan duhhh",1,negatif
kikir,1,negatif
kikir app nya,1,negatif
Baguna sekali,5,positif
"woi kikir,apaan dah iklan ada 4 itu pun setiap ganti lagu beberapa kali ada lagi iklan nya,terlalu kikir ni",1,negatif
keren,5,positif
terlalu banyak iklan,3,netral
bagus banget,5,positif
tolong jangan tambahin sembarangan lagu ke playlist yang telah dibuat...,3,netral
banyak iklan,1,negatif
sangat bagus dan sangat baik,5,positif
Mantaf jiwa,5,positif
BAGUS UAAA!,5,positif
tinggal klik,5,positif
"aplikasi dosa ketamakan, harga yang harusnya 59.99k buat premium sekarang 79.99k",1,negatif
Bagus sekali lagi saya ucapkan terima kasih atas Spotify,5,positif
bagus,5,positif
sangat baguss🥰🥰,4,positif
masi oke kalo iklan lah ini skip aja perjam 6x?? mau pilih lagu di suruh premium?? sehat?,1,negatif
"aplikasinya bagus, saran opsi buat gratis perhari 15-20 musik / 1-2 jam dengan fitur all unlocked fitur, jadi buat yang premium cuman buat iklan sama durasi pemakaian😁",3,netral
"makin lama iklannya menjadi jadii yaaa, dari 1 terus 3 terus 4 nanti kayanya 10 kali iklannya atau satu lagi satu iklan",1,negatif
ko bayar,2,negatif
banyak pilihan lagu,5,positif
saya sangat suka dengan aplikasi ini. meskipun sering iklan karena tidak premium. tapi TDK mengapa karena masih enak dipakai dan lagu nya worth it semua. tergantung minat pengguna,5,positif
"yg freelance, hrsnya lebih diberi keleluasaan putar musik, kan kuotanya bisa bwt bayar",5,positif
mantep,5,positif
intinya harus premium baru asik,1,negatif
saya sering dengarkan musik favorit saya disini,5,positif
bagusss banget apk nyaa,5,positif
bagus banget,5,positif
bagus,4,positif
coba kagak ada iklannya masa harus premium baru bisa,4,positif
aku gak terlalu suka karena terbatas lagunya🙏🙏🙏,2,negatif
good,5,positif
baguss,5,positif
kebanyakan iklannnn gw baru putarr 1 laguuu timbul nyaaa 3 iklannn😓,1,negatif
suka bgt dengerin lagu laguuuu,5,positif
enak dengerin lagu favorit,5,positif
iya bagus cuma tolong perbaiki iklan banyak + lama. selebihnya si bagusss,5,positif
sangat bagus untuk mendengarkan musik sambil bermain game membuat semuanya terasa lebih baik,5,positif
"buset sekarang kikir banget yak,iklan bisa nyampe 4 padahal baru mutar 1 lagu udah iklan aja",1,negatif
lagu nya banyak bagus tapi seru juga cocok untuk yang suka dengerin musik intinya bagus di download orang banyak juka Bu Siti beli di warung Bagas ini bagus guys,4,positif
iklan mulu aneh,1,negatif
mantap,5,positif
aplikasi kikir,1,negatif
seru kerennn,5,positif
mines 1 karna saya kalo mau pilih lagu disuruh bayar dulu RP 79.000 selama 2 bulan badahal saya lagi gk ada uang sebenarnya sih lagunya bagus bagus semua sayangnya di suruh bauar,4,positif
terlalu banyak iklan makin kikir nie Spotify,2,negatif
adlh pokoknya,5,positif
asik,4,positif
lagu nya lengkap,5,positif
woilah cik😹 ngotak lah iklan sampe 2 menit,1,negatif
bagus aku bisa dengar lagu sambil main game,5,positif
"klo bisa jangan harus bayar,dan iklan nya di kurangi",5,positif
baguss,5,positif
terimakasih yang membuat aplikasi ini saya sangat tenang dengan aplikasi ini,5,positif
kikir,1,negatif
terlalu banyak iklan 😭😭😭,1,negatif
apalah dikit dikit premium,1,negatif
sangat cocok untuk didengarkan,5,positif
Ketik lagu di penelusuran langsung muncul dengan cepat. tapi masih ada lagu yang belum ditaruh di spotify. Tapi tidak apa apa,5,positif
ini aplikasi banyak iklan dipaksa ke premium juga banyaklah pokoknya yang dibatasin bagi yang nanya knp gw taro bintang 5? biar usalan saya yang paling atas dan tetap dibaca,5,positif
GACORRRRRRRRRR!,5,positif
lagu nya banyak banget jir,5,positif
Tolong hilangkan iklan nya dong karena cuma di spotify tempat dengar lagu favorit aku,5,positif
premium gratis nya mana wok😜😜,5,positif
"Halo, ini gimana ya saya mau melakukan pembayaran perpanjangan paket premium tapi mau milih pembayaran gopay gabisa login shopepay ga bisa juga sampe dana akhirnya bisa ke hubung tapi malah ga bayar2 ini gimana sih",3,netral
sangat bagus,5,positif
gokil,5,positif
lumayan dan seru,5,positif
mantap,5,positif
bguss bgt,4,positif
Suka lagu inggris,5,positif
ini bagus banget 10/10,5,positif
boikot,1,negatif
baguss bangett,5,positif
"BAGUSSS BANGETTT,CUMA BISA GA BUAT BISA PASANG MUSIK PAS OFFLINE KRN DI PEGUNUNGAN JARINGAN NYA GA BAGUS DISINI,MAKASIHH🙆",5,positif
lagu nya asik bisa nyalain lagu walaupun hp mati tapi sering ada bug misal nya sering error bunyi seeeeeee gitu lalu juga sering mati lagu nya tolong diper baiki ya spotify🙏,4,positif
perfect,5,positif
mantap,5,positif
terlalu banyak iklan,1,negatif
"apk kikir kali ya, lama2 ngelunjak. dulu okelah, iklan udah ada tapi ga sering2 bgt. lah ini, 2x pemutaran iklannya 4x, lawak. mana buat prem ga banget. kl mau kaya ga harus segininya juga kali, ga worth it",1,negatif
mantap,5,positif
cools,5,positif
bagus kok insyaallah,5,positif
good Sukak 👍👍,5,positif
bagus bangett,5,positif
sangat bagus untuk mendengarkan musik🥰🤗🤗,5,positif
good,5,positif
sangat nyaman memakai aplikasi ini!★★★★★,5,positif
"iklan nya berisik, mana 3 lagi sekarang",3,netral
too much ads,1,negatif
seruuu bngttt,5,positif
bagus aplikasi nya lengkap lagunya mateppp,5,positif
kebanyakan iklan,1,negatif
saya suka karna lagu lagu nya lengkap,5,positif
ok,5,positif
"ini saya kecewa sekali sih, karena beberapa kali aplikasi ini dia coba untuk double purchase untuk akun dan paket yang sama. kurang rekomendasi untuk langganan berbayarnya ya, apabila terjadi kesalahan server paket mu juga tidak aktif walaupun sudah bayar. kalau user tidak hati2 nanti bisa jadi double purchase untuk langganannya. untuk penanganan keluhan juga cendrung lama apalagi untuk masalah pembayaran.",2,negatif
bagussss,5,positif
musik selalu membangkitkan jiwaku yang tidur terimakasih spotify,5,positif
bagus buat main ff atau Roblox,5,positif
bagus siii TPI bayk iklan ny gimana yaaaaaaaaa supaya tidak qd iklan ny,5,positif
Gak ada yg bisa ngalahin lagunya ❤️,5,positif
bagus,5,positif
enak sih bintang 4,4,positif
bagus,5,positif
banyak iklan,2,negatif
baik bagus keren,5,positif
mantap,5,positif
sukses,5,positif
"udah ada iklan gapapa, lah sekarang kok harus premium kalo ngga premium ga bisa dengerin musik",1,negatif
bagus aplikasinya,5,positif
mantap mudah lancar,4,positif
bagus,4,positif
"dengerin spotify udah cukup lama, keren sih spotify. walaupun banyak iklan tapi i like i like 💕",5,positif
bagus,5,positif
aplikasi yang paling bagus,5,positif
bagus polll lah pokoknya!!!♡,5,positif
sering dipakai,5,positif
bagus,4,positif
ok,5,positif
"harga premium kemahalan, iklannya juga kebanyakan, ga cocok kalo sekedar buat stel musik sama liat lirik tapi iklannya kemahalan, keunggulannya juga ga seberapa kok, paling cuma bisa playlist chatan dll doang",2,negatif
enak lagu nya,5,positif
lumayan lh,2,negatif
mantap,5,positif
best,5,positif
sangat responsif,5,positif
kebanyakan iklan. iklanya itu² terus,1,negatif
"buat pilih lagu ada batasnya, udah gitu pas geser geser lagu juga ada batasnya hadehh, makin lama makin anehh udah mana setiap iklan lebih dari 2",1,negatif
iklanya makin gk jelas,1,negatif
"lagune bagus"" dan juga bisa sambil wa nan mantap",5,positif
aplikasi kikir baru ganti 3x lagu nya udah di suruh bayar apalagi iklan nya banyak bngt jadi gak menikmati dan gak enak di denger balikin yang dulu iklan 1 bisa gonta ganti lagu sebanyak banyak nya,2,negatif
bagus,5,positif
"kikir sekali, mau dengerin lagu sesuai pilihan aja di Batasin, Premium mahal juga. mendingan disuruh nonton 10 iklan terus dikasih buat dengerin lagu bebas 24 jam, kalau masa waktu sudah habis baru nonton iklan lagi😑😑",3,netral
good,5,positif
mudah dan keren,5,positif
mantap,5,positif
"aplikasi ter kikir tahun ini😹 kalo semuanya berbayar kenapa ga ubah aplikasi ini jadi berbayar, aku yg pengguna gratisan dibikin tidak nyaman sama iklan nya, wkwk kikir poll",1,negatif
"ni aplikasi baguss sebenarnya tapi gunanya iklan apaan siii buang"" waktu Bangettt, pliss lahh kurangin iklan sama durasi nyaaa",1,negatif
nyaman cari lagu,5,positif
bagus sih tapi lagi dengerin lagu tiba tiba iklan,4,positif
kikir,1,negatif
baik,4,positif
cukup bagus,5,positif
teman gabut,5,positif
banyak lagu dan seru,5,positif
"lagunya enak di denger apalalagi pas main game, download Spotify pasti lebih asik",4,positif
gass premium wkwk,1,negatif
mantap,5,positif
"bagus, cuma bnyk iklan nya",3,netral
"ini bagus banget, ada playlist, podcast, dll. tapi kurangin iklannya lah, soal nya ga enak bgt.",4,positif
ok,5,positif
banyak na iklan ang ma miang,1,negatif
Teman disaat segala..,5,positif
good,5,positif
apk ini sangat berguna,5,positif
saya sie yes,5,positif
enak dan full lirik,3,netral
"BOIKOT, UNINSTAL AJA WOI.",1,negatif
senang,5,positif
ma af iklannya apus dong,5,positif
Disarankan untuk menggunakan headphone soundcore q11i atau JBL tune 720bt di aplikasi Spotify karena sangat cocok dan nyaman untuk penggunaan sesi panjang.,5,positif
menarik,5,positif
"fakta,ini bukan aplikasi musik tapi aplikasi dengerin iklan.sampah bener anj",1,negatif
iklannya terlalu banyak,2,negatif
terlalu banyak iklan,1,negatif
mantap,5,positif
bagus,5,positif
bagus,5,positif
apk yg sempurna tapih iklan nya 4 biji oiiii😭😭 untung udah premium,5,positif
iklannya banya bgtttt jirrr,1,negatif
fitur-fiturnya banyak dan seru tambah seru kalau premium sie :),5,positif
"apalah harus premium mana 79 dari dulu ngga pernah gini hadeh makin ngga enak aj ni apk, ngga mikir",1,negatif
hiburan ysng sangat menghibur,5,positif
terlalu bnyak iklan & mengganggu saya kasi bintang 1. trims,1,negatif
𝙗𝙖𝙜𝙪𝙨𝙨,5,positif
kasih fitur komentar plss,4,positif
"semuanya ok bagus, tapi IKLANNYAA ganggu.",2,negatif
udalah premium makin mahal terus iklan jadi makin banyak. ga rekomen download mending hapus cari yg lain ga kaya gini,1,negatif
siapa yang ngide habis satu musik iklannya bejibun,1,negatif
apalah iklan sampe 4× kikir banget ga sihh apa mau haji ya?,2,negatif
lagu nya bagus,5,positif
😴,5,positif
mantap tapi ke Napa harus bayar sihh,5,positif
good,5,positif
sangat baguss,5,positif
iklan kebanyakn,1,negatif
"banyak iklan udah gitu ga bisa milih lagi kalo udah keseringan milih, harus premium dulu, malah iklan bisa sampai 4-6x setiap abis 1 lagi👎👎",1,negatif
Bagus sih Setiap malam selalu dengar lagu di Spotify tapi banyak iklan nya dikit² iklan males jadinya cuk🙄,4,positif
jd pelit nga kaya dulu,1,negatif
apk nya asik nga nge bosen nin apa lagi kalo premium,5,positif
ok,5,positif
"kikirrrrrrr, iklan sampe 5 muak gw setiap lewat 4-5 lagu iklan"" terus, kalo lewat 10-15 lagu terus iklan sampe 5 oke lah, gw tau harus premium cuman kalo pake jarang terus upgrade kan sayang, ayolah jangan terlalu pelit",1,negatif
kurangi iklan nya,5,positif
enak di dengar lagu nya enak apa lagi kalo udah premium beh enak banget,5,positif
gacorrr 🔥🔥💯,5,positif
kebanyakkan iklan,1,negatif
"udah premium tapi aplikasi nya suka tiba tiba mati sendiri, udah di reset ulang tetep aja kaya gitu. mengganggu mood aja.",1,negatif
kebanyakan iklan,2,negatif
Butut,1,negatif
kikir,1,negatif
sangat baguus,5,positif
lumayan buat main ff biar jago,5,positif
harus bgt semuanya pake premium?,1,negatif
oke,5,positif
menyenangkan,5,positif
iklannya banyak banget aku kalau denger lagu selesai 1 eh iklan lagi iklan nya kadang-kadang 3.2.1 kurangin iklan nya dong.aku kasih bintang 2 soalnya kebanyakan iklan,2,negatif
Bagus banget Tapi tiba tiba Malah Langsung ke terakhir wkwk Tapi gpp,5,positif
mantaf 👍👍👍,5,positif
seru bgt bisa hilangin stres,5,positif
Kok nggak bisa di tabA16,4,positif
terbaik,5,positif
lagu nya lengkap walau pun ad iklan sdikit,5,positif
Apk ga guna,1,negatif
"apa apa premium, iklan 4 biji, KIKIR",1,negatif
apk ini kenapa saya sudah tak bisa mendengar kan lagu dan harus premium dasar apk kikir,2,negatif
lagu yang Kusuka ada semua,5,positif
"ga suka banget ihh sekarang jadi apk kikir njirr, masa tiap nge klik lagu random malah disuruh bayar premium, mana iklannya sekarang jadi ada 3, kek mana woyy laa!!",1,negatif
"bagus,cuma banyak iklan",5,positif
"IKLAN KELAMAAN, DULU 1 IKLAN SEKARANG SAMPAI 5 IKLANZ👍👍🥰",1,negatif
bagus,5,positif
aplikasi kikir tidak rekomen untuk yang tidak mempunyai uang,1,negatif
Bagus,5,positif
"bagus apk nya, tapi dipaksa premium. jadi gak asik. mau pencet lagu yang kita suka tapi malah disuruh premium and lagunya malah di putar secara acak gak bisa yang kita mau.",2,negatif
bagus banget,5,positif
iklan lu kebelet haji,1,negatif
lagunya lengkap seseru itu😍🤩setiap kerjain soal pasti putar lagu di spotify😍🤭,5,positif
bagus,5,positif
bisa kembali di aplikasi,5,positif
bagus banget aplikasi nya jujur sukaa ✌🏻 karna pas main game bisa denger lagu yg ku suka dan diperjalanan atau naik mobil suka pke aplikasi ini👍🏻,5,positif
bagus,5,positif
seru aja,5,positif
Liriknya hilang ga bisa di load.. padahal sebelumnya bisa.. kukasih bintang 1 dlu.. lirik kemarin udh balik tp sekarang malah makin buruk.. masa iya skip lagu cmn 6x per jam apaan coba.. mana harga premium mahal lg cmn buat keunggulan yg kecil.. parah,1,negatif
respect Spotify 👍,5,positif
andai gk bayar,2,negatif
agak gk suka karena aku cari lagu tapi lagu nya salah pokok nya gk suka,2,negatif
"no komen,mantap",5,positif
ini sih temen aku 48 jam sih,5,positif
"kualitas suara lagu bagus, & suara jernih",5,positif
can't play in background app,1,negatif
bagus bagus aja sih menurutku,5,positif
lain kali jangan kasih banyak iklan,5,positif
KLO lagi kerja jadi nya asik bgt seru bgt dah itu aj,5,positif
ok,5,positif
"seru banget lagu lagunya apalagi kalau dipake sambil main game, kalau aku pake ini biasanya di mobile legends langsung jadì asik banget mainnya, tapi aku gatau cara atur atur lagunya jadi kalau aku milih lagu romantis gitu malah jadi lagu sad",4,positif
aku klo lgi galau ke sini dn bisa buat tidur,5,positif
bagus,5,positif
i like song,5,positif
MAU HAJI FURODA LU? 1-3 LAGU YG NOTABENE NYA CUMA 1-4MENIT IKLANNNYA 3-4,1,negatif
iklan nya jan banyak² ya,5,positif
"udahlah, pasrah aja sama Spotify sekarang. mending kalian ganti ke aplikasi lain daripada Spotify. udah mah berdamai sama iklan banyak, sekarang gak bisa pilih lagu sesuka hati lagi. saranku ya, kalian pakai aplikasi lain aja, Spotify udah nggak rekomen banget. nggak akan enjoy kalian",1,negatif
😊,5,positif
bagus banyak lagu,5,positif
Bagus dan jernih suaranya.,5,positif
rata rata iklan di spotfy pada cerewet,5,positif
"bagus, cuma iklannya di kurangin dong, minim 2 iklan aja",4,positif
bagus banget walau banyak iklan pkoknya mantap 🫪,5,positif
"ini gimana si update nya semuanya di batesin mentang mentang gk premium gk boleh ganti lagu bahkan sekarang skip lagu doang bates nya cuma 6kali sehari, kikir lu ah mbud",2,negatif
lagunya komplit. lengkap. apa yg kita cari tersedi,5,positif
bagus banget sumpah malah kalau ada nyanyian itu ada liriknya,5,positif
best sangat,5,positif
"keluar keluaran anjir dr apk, uda gt banyak bgt bgt bgt iklan faghh, iya gua tau harus premium, tp ini keluar keluar mulu setiap denger lagu. gajelas",1,negatif
KEBANYAKAN IKLAN PADAHAL DULU IKLAN CUMAN 1 ATAU 2 SEKARANG 5 TOLONG YA DIKURANGIN MANA GABISA PILIH LAGU LAGI,1,negatif
ok juga sporty,5,positif
enak sih tapii lagu nya ga bisa di ulang ulang tapi aku masi reting 5 bintang,5,positif
"Gak suka, tiap ganti pilih musik kena limit, apa apa harus premium, pas lagi enak denger malah berhenti musik nya",1,negatif
saya menikmati app ini bagus,5,positif
bagus,4,positif
"ga jelas, tiba tiba kalau mau milih lagu yang kami mau malah di suruh bayar atau premium dulu baru bisa buka lagu yg di ingin kan, udh gitu iklan nya banyak. sebenarnya ini aplikasi buat dengar lagu apa buat nagih uang? miskin kah? udah banyak orang yg download spotify kok, banyak banget. kok malah ngelunjak? sori to say but aplikasi nya gak bagus, mendingan youtube music.",2,negatif
wajib download terutama bagi fans Barca,5,positif
gak jelas pas mau pilih lagu harus Premium dulu mana mahal lagi iya gw tau lagu nya lengkap ya tapi gak harus gini juga masa orang mau dengerin musik yang mereka mau malah di suruh Premium dulu aplikasi Rusak!,2,negatif
"Saya sudah 3 tahun pengguna spotify premium, tapi kali ini saya sedikit kecewa kenapa paket berlangganan 1 tahun kok dihilangkan ? sekarang kenapa paket premium diitung perbulanan, gaada lagi kah yang long time langsung?",2,negatif
benci banget pas baru mau dengarin lagu... harus banget premium tiba tiba... pls tolong... saya tidak suka pendapat nya ...,1,negatif
bagus bangett,5,positif
keren,5,positif
gratis background music gratis playlist,5,positif
apps nya sangat bagus👍 jadi aku rating 5 bintang⭐⭐⭐⭐⭐,5,positif
setelah selesai mendengarkan musik jadi iklan gak bisa di skip kayak mana cara skip iklan aku gak pantas kalau iklan terus,1,negatif
Bagus Bngett InI Aplikasi Spotify Cocok Buat Denger Lgu Klo Lgi Santai Bagus Bngett Deh Kukasih Bintang 5 Deh Soalnya Bagus Bngett,5,positif
spotify jelek harus bayar gaa bisa milih lagu dengan bebas kocak tolol,1,negatif
KIKIR AMPE UDAH PUSING DENGERIN SATU DOMBAA DUA DOMBA MASA 1LAGU 3 IKLAN,1,negatif
ini apk iklan . fix apk iklan gak jelas yg di dngrin iklan mulu gak jelasssssssssss,1,negatif
cocok menemani suasana saat santai,5,positif
sangat bagus sekali buat sgalanya,5,positif
banyakan iklannya wkwk,1,negatif
ok,5,positif
good app,5,positif
bagus,5,positif
"Bagus, tapi lagu nya kurang. Kok gak ada were we are (One Direction)",4,positif
aplikasi paling buruk dan tidak pantas untuk di gunakan 👿👿👿👿,1,negatif
"apk yang berguna untuk main game maupun lagi kerja,🙏👍👍",5,positif
"woyy pls lah iklan nya yang logis kek, masa ganti 1 lagu bisa 4 iklan, mana jdi kek di paksa premium lagi. pdhl pengguna lama, ini apk lagu atau iklan dh",2,negatif
bagus bisa mode bsk Gared,5,positif
"iklan Mulu kikir, skip doang dilimit 6 x perhari",1,negatif
apasiii ini padahal nyalain data tapi katanya of,1,negatif
Hai min sudah tidak adakah paket harian / mingguan trims,4,positif
"ini kok saya iklan nya 4 ya setiap ganti lagu-_-, mana lama banget lagi iklan nya, kalo dari yang lain ini best, hampir semua lagu ada",5,positif
"bagus sih, cuman ya boikot",4,positif
tolong benerin sofwaremu karna aku gabisa nyambungin lagunya ke twsku padahal untuk buku youtube bisa tapi dengan spotify kan bodoh,1,negatif
bagus bngt,5,positif
aplikasi bagus dan tidak ada virus,5,positif
kikir parah boz.. mau berangkat haji kayaknya,1,negatif
"bagus banget mantap gacor aku suka aplikasi ini, love",5,positif
aplikasi musik terbaik karna lagunya sesuai selera saya,5,positif
musiknya enak banget buat main game,5,positif
app ny bagus,1,negatif
Spotify sangat baik bagi saya. dan saya terhibur.😃👌💯💯💯💯💯💯💯💯💯💯💯,5,positif
"sebelumnya saya lagi dengerin musik trs gak muncul lirik biasanya muncul naahh saya nyoba liat harga premium tapi gak bisa di akses katanya lagi error naahh saya nyoba laah hapus dulu aplikasinya terus mau nyoba bikin akun baru lagi tapi kok saya gak bisa masuk yaa katanya terjadi kesalahan pada jaringan loohh padahal barusan pas saya instal aplikasi nya cepet banget prosesnya kenapa pas mau di buka gak bisa jaringan dari tadi stabil,kenapa yaaa!!!",1,negatif
sangat senang sekali,5,positif
"banyak iklan, dikit² juga harus premium. bukannya bikin naik mood malah sebaliknya, terlalu maksa premium",1,negatif
"APLIKASI KIKIR,MAKAN TUH IKLAN",1,negatif
gila Spotify hidup guee,5,positif
"kebelet naik haji apa gimana, baru 2 lagu langsung iklan. ga cuma sekali, ini udah berkali kali. mikir dikit gw tuh mau dengerin lagu bukan iklan",5,positif
bisa melihat lirik yang benar Spotify terbagus 👍👍,5,positif
mantap,5,positif
❤️,5,positif
okkeeee,5,positif
bagus,5,positif
pilihan musik banyak dan suaranya sangat jernih,5,positif
sangat bagus,5,positif
bagus enak di bawa tidur,5,positif
"dikit dikit bayar, masa putar lagu doang bayar jirr, mikir kids gimana mau banyak peminatnya bangke emangg",1,negatif
"FULL IKLAN DARI 2 SAMPAI 3 BESOK 5 ATAU 20, SIAPA PREMIUM DIA KALAH",1,negatif
"bagus banget aplikasi nya, aku suka bangett 👍👍",5,positif
cara masuk susah ribet yang lebih mudah ke,1,negatif
"sangat keren, lagu nya sangat jelas/nyaman untuk di dengar, tetapi terkadang iklan dan ga bisa dipercepat",4,positif
"kikir, apa apa iklan",1,negatif
bagus sekali,5,positif
bagus bangettt,5,positif
keep performance stability,5,positif
baguss bangett,5,positif
"baru saja dengar satu lagu udah iklan aja,iklannya dulu cuma satu,eh sekarang malah dua atau tiga iklan sekaligus,udahlah gitu kadang iklan podcast horor kadang ngagetin/nakutin apalagi kalau lagi sendiri",2,negatif
makin banyak iklannya,2,negatif
"kembalikan opsi ""yang baru"" ketika meng-klik bagian profil agar bisa melihat musik terbaru dari artis yang saya ikuti",5,positif
Alhamdulillah semoga bermanfaat,4,positif
oke,4,positif
Ini aplikasi beneran bisa buat temen di perjalanan...,5,positif
mantab,5,positif
banyak iklan but ok,3,netral
keren lagi laginya,5,positif
okey Joss Mantab Cihuy Ahahay syalalalalla weka weka sip Alus apik bagus dll,5,positif
ok bgt,5,positif
bintang lima,5,positif
lagunya ada semua,5,positif
aplikasi yg sangat bagus lagu laguny kumplit dan lancar jaya.,5,positif
mantap bisa dengar lagu meski harus ada paket,5,positif
bagus,5,positif
terlalu bnyak iklan skrang. pretvlah,3,netral
"kebanyakan fitur yg harus premium, mau cepet naik haji ya?",1,negatif
banyak lagu yg saya ingin dengar ada di spotify,5,positif
bagus bgt enak buat didengerin,5,positif
aplikasi yang membantu,5,positif
iklan nya bnyak bnget,1,negatif
lagu nya bagus,5,positif
"saya kasih bintang lima aga terbaca banyak org.saya dulunya suka sama no Spotify tapi karna iklan nya makin banyak,disuruh premium saya semakin malas membuka aplikasi nya.",5,positif
Tq spotify yg selalu menemani sambil sruput kopi,5,positif
aplikasinya bagus aku suka,5,positif
"aplikasi sampah ini sudah tidak menciptakan lagu, tapi pas orang mau dengar dipaksa upgrade premium",1,negatif
harus coba premium.enak bangett,5,positif
-1 kikir🥴,4,positif
"JUJUR JANGGAL, iklannya luamaaaa powuoll, ters kadng pas dipake di latar belakang (lagi main ml) suka mati lagoenya. positif nya adalah, anda bisa mendengar lagu kapanpun dan dimanapun😛✌️",4,positif
Mayan Bisa Dengerin pas Lagi bosen,5,positif
"makin di update, makin lama menjadi jadi, aku keluar di wa sambil dengerin Spotify, langsung hilang 🙄,burikkkkkkkkkk",1,negatif
IKLAN LU BANYAK BANGETTTTT,1,negatif
suka,5,positif
"pdhl aku ga bisa idup tanpa musik, dlu sempet rajin beli premium, pas udh gratis jdinya ga banget capek sama iklan bejibun",1,negatif
boikot!!!!!!!,1,negatif
bagus,5,positif
emg best spotify,5,positif
cocok buat musik,5,positif
aku sangat suka,4,positif
"gua tau lu laper tapi gak 4 juga iklannya, harga lite nya aja 60 ribu sekarang, sekali iklan 4 biji, 4 4 nya ""hai aku rony parulian"", gua jadi males beli premium lu",1,negatif
"aplikasi kikir, milih lagu di suruh premium, dikit' iklan, dikit' premium",1,negatif
mantap,5,positif
enak buat ngerjain sesuatu,5,positif
bagus lengkap,5,positif
is ok,5,positif
kebanyakan iklan,1,negatif
suka aja sih sama spotify0,5,positif
"banyak iklan, apk kikir 😂😂😂",1,negatif
"KIKIRRRR APLIKASI KIKIR minimal kalau ngasih iklan ngotak dikit lah bos, mana kalau nyetel lagu dikit udah kena batasan. dulu suka banget ama nih apk, tapi lama lama gila juga kalau di paksa prem😹",1,negatif
"jujur ini ngapa baru juga play 3 lagu udah gabisa play lagi, ngebet amat harus prem buset, ditambah iklan sekali langsung 4 paan banget.. katanya download ulang,pas di download ulang sama aja gada prubahan. tolong banget kembaliin kaya semula, ga semua orang mampu buat beli prem.",2,negatif
baguus,5,positif
"iklan nya woii, kebelet haji lu min",5,positif
lagu nya ketinggalan dan jadul,1,negatif
sangat bagus,5,positif
dikit² premium,1,negatif
"KE YT MUSIIC AJA GUYSS. YG INI BANYAK IKLAN SYALAANDDD. SEKALI NGIKLAN 4-6 IKLAN, PADAHALBARU 2-3 LAGU YANG KEPUTER. IKLAN NYA GA ENAK DI DENGER PULA. MANA HARGA PREMIUM NYA NAIK TRS. UDAH GW UDAH BERALIH KE YT MUSIC. ENAK DI YT MUSIC BS SKIP IKLAN, DAN KRN YT MUSICNYA BAGUS JDI GW PREMIUMIN",1,negatif
"banyak iklan,kebelet haji",1,negatif
SUKA BANGETTT,5,positif
"kikir jing dikit"" iklan, mana skrg harga premium mahal.",1,negatif
kerana bayar lagu ini bahagia lagi,1,negatif
kebanyakan iklan anjj,1,negatif
oke,4,positif
"aplikasi nya bagus, cuman iklan nya mengganggu",5,positif
aku suka sama Spotify meskipun banyak iklan nya,5,positif
kenapa ya kan saya pake kouta internet kok nga bisa ganti lagu si malahan di suruh premium kan saya ga mau tolong dong di perbaiki lagi jangan gini kalo ga mau premium jangan dipaksa sumpah udah mulai jelek nih apk apa harus premium saya minta tolong ya perbaiki jangan asal suruh cobain premium dan satu lagi tolong dong iklannya tuh ganggu banget 🙏,3,netral
iklan 4 asw,1,negatif
"dari tahun lalu g bisa buat mutar lagu,sampai sekarang",4,positif
"Aplikasi nya bagus buat iklan mungkin buat rehat aja gitu ya saya gk merasa keganggu dgn iklan krn jg lama an lagunya dari pada iklannya jd dimaklumi dan semua fitur nya lengkap dr podcast sampe lagu suka bgt apalagi playlist jd gk usah susah susah nyari klo mau dengerin lagi tp klo bisa iklannya dikurangin atau dihilangin ya min🙏🏻 soalnya buang buang internet, kan gk di situs jg buka nya dan aplikasi nya bagus masa banyak iklan sih min itu aja sih buat yg lain aku suka klo yg lain gk ada min",5,positif
good,5,positif
bisa dengerin lagu sambil makan bisa setel lagu di manapun kapanpun cuma di Spotify 👍🏻👍🏻👍🏻👍👍😃😃😃,5,positif
sangat menyenangkan. lagu nya juga ok.untuk di dengar saat apapun.,5,positif
Asik aplikasinya,5,positif
"sudah bagus, dan smoga lebih ditingkatkan kualitas dan jngn terlalu banyak iklan ya",5,positif
"sekarang kok apa apa bayar, download bayar, lewati lagu bayar, ga bisa putar lagu sesuka hati",1,negatif
dikit dikit premium susah kalau mau dengar lagu banyak yang harus premium,1,negatif
ada iklan nya males,4,positif
"ini aplikasi tidak seperti dulu lagi, sekarang makin aneh di tambah iklan yg tadinya cuma 1 terus ke 2 tambah lagi ke 3 eh sekarang malah 4. Plis lah ini juga kita di batasi buat dengerin lagu. Kalau mau lagu tidak dibatasi ditambah tidak iklan kita harus beli premium. Developer tolong lah iklan dikurangi dan tidak ada batasan lagu untuk Spotify biasa, karena kita juga harus membeli kuota atau paket data untuk mendengarkan lagu. tolong di baca ya developer, terimakasih semoga lebih baik lagi ya.",1,negatif
ihh sekarang spotify iklannya banyak bangett😭kurangin lagi dongg minn🙏🏻,4,positif
bagus sih tp pro isriwil boikot g like,1,negatif
banyak iklan,1,negatif
iklannya ampe 4 njing,4,positif
wuenak puolll,5,positif
bagus,5,positif
Aplikasi nya bagus dengar musik nya lancar bagus lah pokoknya Tapii ini kok iklan nya banyak banget 4 Biji loh apalah satu domba dua domba bosan gw dengar iklan nya kalau bisa iklan nya di kurangin lah 2 aja cukup Mohon bantuannya Spotify🙏🙏,5,positif
bgus,5,positif
"apk kikir, makin byk iklan",1,negatif
bagus buat main ff,5,positif
bagus bagus lagu,5,positif
AKU KASIH 4 KARENA PREMIUMNYA LUMAYAN MAHAL DAN SERING GAK YAMBUNG SAAT PLAYLIST,4,positif
"menjadi teman saat berkendara, thanks.",5,positif
apk boycot dan apk kikir masih banyak yg pakai ckckck 🫪,1,negatif
Sangat cocok untuk yang lagi putus cinta🥹,5,positif
betul betul banget cui,5,positif
apk nya enak buat denger music dan juga music nya lengkap cuman banyak iklann tpi masi ok koo,4,positif
mau pilih lagu aja harus bayar😹😹😹 aplikasi kikir😹😹😹,1,negatif
enak buat sad,5,positif
"iklan terlalu banyak, saya baru saja mendengarkan beberapa lagu sudah iklan.",1,negatif
aplikasi nya bagus tapi sayang harus online,4,positif
saya sangat puas,5,positif
iklan nya plisss kebanyakan banget sekali iklan bisa 3 atau 4,1,negatif
banyak lagunya,5,positif
musicnya bagus bagus,5,positif
"enak banget lagu lagu disini, lengkap lagi",5,positif
baguss bisa dengerin musik gratis...,5,positif
"mantap lagu banyak, harap lebih banyakkan lagi",5,positif
"sangat bagus! sayang kalo mau download nya harus berbayar, tolong di gratisin ya udah bagus kok",5,positif
"saya kasih bintang 5 karena apk nya bagus bisa nyari lagu yg kita mau, bahkan saya juga bisa menemukan song old, sebenarnya saya sudah mendowload apk ini dri lama tpi saya baru me rating nya",5,positif
"spotify sekarang jelek, masa liat lirik aja harus premium?? padahal dulu bebas/sepuasnya liat lirik, sekarang harus bolak balik google buat liat lirik, skrng iklan bnyk bgt sampe 4 maksa bgt buat premium",1,negatif
kata gw mah yah udh di boikot bknnya tambah bener malah iklannya tambah banyak anjr.. tolong lah..,1,negatif
sangat' luar biasa,5,positif
saya bisa mendengar lagu dengan gembira,5,positif
kikir kebanyakan iklan,1,negatif
pemaksaan untuk membeli paket premium yg muncul berulang ulang setiap memilih lagu,1,negatif
iklannya panjang bngt...jdi males mutar lagu ny,2,negatif
kurang suka,2,negatif
ku kira bisa main gem,1,negatif
seru banget bisa dengerin lagu favorit ku. 😋😋😋,5,positif
bagus,5,positif
"suka banget sama aplikasi nya suka deh, bisa dengerin lagu apapun di aplikasi nya ges kalian harus download ini yaaaa jangan lupa bintang 5 buat yang bikin aplikasi.",5,positif
baguss sih apk nya,5,positif
Mantap,5,positif
seru mucix nya bagus,4,positif
gokil banget bisa nyari musik sesuai mood,5,positif
Lagu2nya Mantap👍👍👍,5,positif
sangat bagus,5,positif
kikir,1,negatif
"bagus,tpi sayang nya ad iklan nya",4,positif
"Adain fitur liriknya plis walaupun ga di update, kadang pun udh di update ga semua lagu muncul yg ada liriknya",3,netral
"aplikasi komersil, mending cari media musik lain uda banyak kok yang lain, yg download ini ga mau keluar uang gua jamin kecewa karena lagunya di acak ga bisa kita pilih sendiri, uda ga rekomendasi buat yg cari gratisan.",1,negatif
"apk ini bagus banget , tpi sayangnya ada iklan + klo mau pindah lagu lain hrs yg premium.",5,positif
"sumpah yang bikin iklan orang Indonesia maksa banget ga enak didengar kaya gua ini orang tolol, auto uninstall",1,negatif
lagu nya bagus,5,positif
lengkapp semuaaa laguuu adaaa diiii siniiiiii pokoknyaaaa bintaaaaaang limaaaaaa,5,positif
"musik nya seru , buat nemenin ngapa ngapain!!!",5,positif
aplikasi yang sangat bagus,5,positif
sangat bagus dan sangat kikir😁,5,positif
aku beri rank 1 karna setiap aku denger lagu baru dua kali eh udah iklan aja. gak adil bet,1,negatif
"dikit dikit iklan, ada batasan skip lagu, batasan milih lagu sendiri, pokoknya kurang rekomen download aplikasi Spotify bisa bisa bikin darah tinggi",1,negatif
mantap bos,5,positif
gada iklan nya,5,positif
bagus dan keren,5,positif
bagus banget,5,positif
"apalah aplikasi GK jelas bgt sat, katanya klo premium bisa denger pas ofline,tapi gw nge stuck di loading screen mulu,pdhl jaringan bagus, aslinya pengen tak kasih ★5 tapi gara² gak bisa denger pas ofline jadi gak jadi, emang tujuanku beli premium y buat denger pas ofline,klo enggak ngapain gw beli premium? yg merah bisa aja tuh pas ofline,ah payaah👎",1,negatif
"In the future, please provide updates for Easy Lyrics for songs in languages other than English, such as Korean, Indian, and others, so that the lyrics can be easily read.",5,positif
kurangi iklan yaaaww itu aja lain nya perfect,5,positif
"iklannya gila bnyak bngt, trus suka tiba-tiba hilang lagunya 🤷🏼‍♀️👎🏼",2,negatif
boikott!!,1,negatif
lagu yg ku putar clbk malah yg te STEL bagia lagi,1,negatif
kebanyakan iklan,1,negatif
ᥱᥒᥲk ᥙᥒ𝗍ᥙk mᥱᥒძᥱᥒgᥲr ᥣᥲgᥙ!,5,positif
bagus,5,positif
"min tolong tambahin fitur biar bisa berpesan sama teman kita dong, overall bagus bgt!",5,positif
bagus👍,5,positif
"Apk musik terbagus sih ini, no comment.",5,positif
"sekarang Spotify sering error, kadang gabisa kebuka, udah sering uninstall lalu install lagi, restart, juga tetep gabisa",1,negatif
"pas di buka ngelag parah ampe keluar² mulu dr apk nya, ini cuma apk ny doang yg ngelag, apk lain mah biasa aja ap lg hp nya",1,negatif
SERAKAH IKLAN 4 KALI DALAM 2 LAGU?!. DIPAKSA PREMIUM!. ga masalah dengan iklan nya tapi mengapa seperti DIPAKSA!!!,1,negatif
"bagus sih...tapi kadang kadang suka ada iklan terus Online juga,sama suka ada penawaran premium gituu tapi kata aku ya okelahh...",4,positif
the best music app,5,positif
Bagus lagu2nya saya kasih bintang 8,5,positif
good luck,5,positif
bagus dan kualitas musik yang enak,5,positif
best aplikasu,5,positif
apk musik yang lengkap,4,positif
"Bagus siii ,tapi kenapa pas lagi Mutar lagu Galau tiba2 muncul iklan sopi cod sopi code kenapaaaa aaaaaaa",5,positif
sangat bagus,5,positif
bagus banget,4,positif
"nvm, I hate this map. I can't listen to my music again without buying a stupid premium. I already used Spotify since kid and I didn't expect how greedy the dev, wow.",1,negatif
bagusssss aja gituuu,5,positif
keren cuman itu lah,5,positif
apa² premium,1,negatif
okee,5,positif
jelek disuruh lagu lain malah keganti sendiri jelek huuuuu jelekkk,1,negatif
Bagus banget kalo mau main beberes sering dengerin ini tpi syng nya di tablet ku apk ini udh ga tersedia. .,5,positif
"parah ni apak ngambil untung 1 -2 lagu ikelan nya 2-3 ngak notak ni apk, harusnya walau pengguna geratisan tetap di pedulikan lah, yang bikin apk ini rame kan itu player gratisan yang mendengarkan ikelan tapi ini ikelan bejibun enggak ngotak",1,negatif
beda dari yang lain,1,negatif
"bagus lirik,lagu,irama👍👍",5,positif
seru,5,positif
"saya kasi bintang 3 dan saya juga saranin deh aplikasi nya jangan dibanyakin iklan nya, masa mau putar lagu ini lagu itu harus iklan dulu mana iklan 3 jadi 4 lagi",3,netral
bagus,4,positif
Tiap taun makin kikir ya? milih lagu aja di batasi pake premium. Iklan 4 biji ga cukup kah?,1,negatif
bagus sekali banyak lagu nya,5,positif
cinta,5,positif
"aplikasi ini bagus banget buat dengerin lagu galau,senang,atau bosen bagus deh pokoknya makasih ya udah bisa jadi aplikasi buat dengerin lagu favoritnya semuaa",5,positif
mantab,5,positif
"Spotify dikit"" iklan ini itu iklan , dasar boykott",1,negatif
kurangi iklan,3,netral
aplikasi ini sangat cocok bagi saya,5,positif
sukak,5,positif
sangat bagus untuk mendengar kan lagh,5,positif
"bagus, tp jangan di paksain tiap iklan premium Mulu, tingkatkan, dan jangan sampai membayar ya kalau nnt buka Spotify nya",5,positif
menurut Saya yg pengguna Jarang2an denger musik. harga premiumnya Mahal 80rb/bln dan saya jg bukan mahasiswa. harap jd catatan pengembang. range premium 30rb an gitu...,2,negatif
sangat Bagus bisa mendengar semua lagu,5,positif
"tambahin fitur liat lagu yg disukai temen, biar bisa liat yg disukai temen lagu apaja",5,positif
enak,5,positif
"aplikasi nya bagus banget, lagu-lagu yang di rekomendasikan juga sesuai banget sama yang kita suka atau mood kita. intinya bagus banget lah 😆",5,positif
"banyak iklan nya, mohon di hilangkan iklan nya atau dipendekkan iklan nya",3,netral
bintang 1 karna di paksa premiun,1,negatif
Good,5,positif
ku kasih bintang 4 karena suka aja bisa main game sambil denger musik favorit aku,4,positif
kenapa akun sporty saya gk bisa login tolong di dilihat dlu min🙏,3,netral
sangat bagus,5,positif
baguuuss,5,positif
bagus banget,5,positif
keren,5,positif
bagus kok donwload dah,5,positif
aku sangat suka apk ini cocok sesuai dgn pilihan-pilihan musik yg ku suka dan punya kelebihan tidak terlalu banyak iklannya.,5,positif
kalau lagi galau pasti dengar lagunya disini pokoknya rekomendit dih,5,positif
aslinya bagus tapi ada beberapa kekurangan kaya iklan terus-terusan dan iklan nya juga sama aja,4,positif
bagus,5,positif
"gk bisa putar semua lagu harus bayar.pokoknya jadi gk bagus lagi,padahal dulu udah bagus sekarang gk lagi kecewa",1,negatif
musiknya tidak selengkap yt music,1,negatif
enakkkkk gaadaa halangann buat tidur manta,5,positif
beliin aku Spotify premium dong banyak banget iklan min,5,positif
"APLIKASI ANEH, MASA IKLAN NYA 5??? MAU DENGER LAGI 1 MENIT IKLAN 1:25 MENIT, HELL NAWWWWWWW",1,negatif
ASIK BGT SEMUA LAGU NYA ADA,5,positif
ini apk bagi bngt minus nya cuma di banyak iklan aja sih,5,positif
Spotify kikir banyak iklan,5,positif
𝗹𝗮𝗴𝘂𝗻𝘆𝗮 𝗹𝘂𝗺𝗮𝘆𝗮𝗻 𝗯𝗮𝗻𝘆𝗮𝗸,5,positif
"untuk lagu sebenarnya bagus bagus + lengkap yahh cuman iklannya tolong dikurangin soalnya saya lagi nyanyi tiba tiba iklann, mohon dikurangi yahhh :)",3,netral
banyak iklan baru juga putar 2 lagu udah iklan 4 lagi iklan nya najis mending hapus lagi aja apk nya,1,negatif
"apaan anjir pertama kali copot premium langsung disambut 4 iklan, sekarang 5, gua mah gapapa kalo iklannya setiap 10-15 lagu, tapi ini setiap 4-5 lagu anjir, lu mau gua dengerin lagu apa iklan lu yang lu puter berkali kali sampe otak gua panas?",1,negatif
app kesukaan yg selalu menemani hari² ku,5,positif
bagus bgtt👍,5,positif
"lagu baru kesetel berapa, iklan udh muncul 4 kali 5 kali, edan skrg iklannya, ga banget deh",1,negatif
"sangat bermanfaat, 😍😍",5,positif
karena aku mau belajar menyanyi,5,positif
aplikasi nya bagus,5,positif
good,5,positif
terimakasih sportify hidup jadi lebih bermusic,5,positif
"banyak iklan, keterlaluan bgt sampe 4 iklan? minimal adain yang langganan 2 bulan/3 bulan kek, yakali sebulan harus keluarin duit 70rb cuma buat dengerin musik",1,negatif
pokoknya ★★★★★,5,positif
👍👍,5,positif
boikot,1,negatif
sukses teros spotify.. lagunya bagus2 dah lancar g bnyk iklan..mantap,5,positif
bagus,5,positif
Musik terbaik!! Menurutku di masa Sekarang & Semoga terus menjadi yang terbaik.,5,positif
ini sangat bagus bisa mendengarkan DJ atau lagu sambil main game saya kasih bintang 5 deh jangan lupa download Spotify ya guysssssss,5,positif
kasih dua aja dulu.karna pakai iklan.,2,negatif
𝑏𝑎𝑔𝑢𝑠,4,positif
bagus cuma kadang itu bisa ngelek sama terlalu banyak iklan,4,positif
banyak lagu,5,positif
saya sangat puas dengan apk sportify ini,5,positif
aplikasinya seru banget,5,positif
"mls bet kebanyakan iklan , muter satu lagu langsung 4 iklan",1,negatif
"iklannya kurangin jink, bukannya di tambahin jadi banyak mek, gw mw premium tapi kesannya kayak kalah sama iklan lu y jink.",1,negatif
bagus banget aplikasi ini,5,positif
bagus,5,positif
good,5,positif
"aku sukaa lagu"" di sini",5,positif
"lagu banyak,ada lagu fav juga, walaupun aku gak premium tapi gak ada iklan, the best 👍🏻",5,positif
BAGUS BANGET PLC,5,positif
bagus,5,positif
sangat bagus dan terbaik,5,positif
​Saya merekomendasikan aplikasi ini untuk semua umur karena cara pakainya yang sangat mudah dipelajari. Tidak perlu keahlian khusus untuk bisa mengoperasikannya dengan baik. Benar-benar aplikasi yang sangat inklusif bagi seluruh lapisan masyarakat luas.,5,positif
"mahal bener, mau langganan skg, padahal di pakai pun ga sampai 1 bln full atau 1 minggu full, dan ga sampai 12jam dari 24 jam. makai lama pun hanya pas keluar kota or pulau sambil nyetir.",3,netral
sangat cocok buat nyantai.,5,positif
iklan teros,1,negatif
"akhir akhir ini Spotify sering gak kebaca internetnya, padahal dulu aman. hari ini udah hari ke 3 gak kebaca. pas pake jaringan BY.U, soalnya kalo pake XL aman",2,negatif
sàya suka sekali ...sportify ..mantap,5,positif
"pake aplikasi sportify bagus,keren bgt.kalo bisa iklan2 nya di hilangkam saja pake yang gratisss🤭",5,positif
aku udah pakai Spotify 2 overall bagus bagus aja,5,positif
bagus sekali,5,positif
"Ringan, simpel dan bermanfaat",5,positif
seru,5,positif
apakah nasipnya akan sama kayak apk resso,5,positif
masih setia sampai sekarang menggunakan aplikasi ini😃😃😃,5,positif
Sekarang lagu gx bisa gratis kya dulu... Apa2 byar sportfy kecewa,1,negatif
bagus,5,positif
"kikir, iklan lu kebanyakan",1,negatif
IKLANNYA BANYAK BGT WOI,1,negatif
"iklannya kurang banyak, harusnya per 1 lagu 10 iklan",1,negatif
sangat bagus tapi kalo gratis tanpa iklan dong,5,positif
lagu sangat berkualitas sangat berharga dan pasti banyak orang yng suka🫵🫵🫵🫵🫵🫵🫵🫵,5,positif
"KIKIR BANGETTT, pelit nya lebih dari cina play musik 2x IKLAN nya 5x",1,negatif
aplikasi yang sangat bagus aku suka,5,positif
bagus tapi banyak iklan,5,positif
bagus,5,positif
Mantap,5,positif
"too much iklan jirr mana iklannya lamaaa!!! g wort it inimah, full iklan trus tiap nyetel atau mau ubah lagu",1,negatif
Mantap,5,positif
"kikir jir, boikot",1,negatif
bagus utk denger lagu,5,positif
banyak pilihan lagu,5,positif
"bagus, tapi kalau bisa kurangi iklan nya, terlalu banyak, hanya 3 lagu bisa 2-4 iklan.",5,positif
enak di dengar,5,positif
enak banget lagu nya dan kualitas bagus 😝😝😝😝,5,positif
"iklan 4 durasi 15 detik, damnnn",1,negatif
bagus banget bisa temanin aku kerjain tugas rumah sambil putar lagu menggunakan tws,5,positif
baguss banget aplikasinyaa,5,positif
"gilaaa baru juga 2 lagu udh iklan aja mana iklannya 4 lagi,sebenernya gak papa kalo ada iklan tpi minimal ya jangan 4 juga donggg",1,negatif
aplikasi kikir,1,negatif
"enak sih tapi , kata nya aplikasi ini tampa iklan kok ada iklan wkwk, tpi agk emosi sih lagu nya g nyambung ,poko e enakk kayak yanto 🧢,yeyyy🗿",3,netral
aplikasi ini bagus bisa mendengarkan musik tanpa harus nontonin layar depan sabil liat judul lagu aplikasi ini cocok buat paragemers yang suka dengarin musik sambil main gem aplikasi ini bagus cuman iklan nya cukup mengganggu jadi ku kasih reting 4 dari 5,4,positif
kikir bangat iklan mulu. baru satu lagu udah 4 iklan,2,negatif
bagus,5,positif
"jelek, habis 2 lagu langsung ada iklan, iklannya 3 lagi, muakkk!, terus apa² harus bayar terus sekarang masa gak boleh milih lagu sendiri, terus maunya apa!, HARUS PUNYA UANG KAH KALO MAKE NI APLIKASI?!",1,negatif
apk kikir 👹👹👹 iklannya banyak bgttt! 😡😡😡😡,1,negatif
sering ngilang' dan harus premium mulu :(,5,positif
"ini Spotify kenapa kok ga bisa dibuka, bertuliskan tidak terhubung ke internet. padahal udah 5G loh pake wifi juga",2,negatif
sangat mantap,5,positif
"tolong banget nih iklannya dikurangin, dulu cuma 2 oke lah, sekarang sampe 5,gila"" aja",3,netral
bagu banget sumpa gua suka nyanyinya ada lagu galau kolo kitq galau adalagu ini karna aku galau teman aku pinda rumah andaikan teman ku masi ada aku akan kasi dengar suara bagus ini,5,positif
seru banget sering pake kalo lagi main ibispainr cuma kadang pas lagi milih lagu malah gak bisa💔 yaudah deh semoga di perbaiki ya💗,4,positif
mantap kali,5,positif
bagus sangat,5,positif
apk gak jelas saya baru download tiba-tiba di suruh premium sedangkan punya temen temen saya gak ada yang premium download gratis dengarin musik gratis masa punya saya premium...REAL APK GAK JELAS .. HAPUS PERMANEN AJA NIH,1,negatif
"kalo ngasih iklan tuh yang sejam aja gimana sekalian, udah lagu nya dibatesin trus juga kalo iklan kadang langsung 4 yang nongol, gw udah instal apklu udah bagian dari suport perusahaan lu jangan malah mentang mentang banyak yang dowload lu kasih iklan nya banyakan, TOLOL",1,negatif
The bestt aplication everr,5,positif
aplikasi ini donasi isriwil,1,negatif
"gk rekomen plis, masa baru 1 lagu langsung ad 4 iklan, woi lahhhhh",1,negatif
coba kurangin iklannya,1,negatif
bgus,3,netral
Saluran buat dengerin lagu terbaik.,5,positif
g reat,5,positif
tolong dong kurangin iklannya kikir bgt etdah,1,negatif
baguss banhe5t,5,positif
"kenapa di samsung a54 animasi nya patah2 kek 60hz, padahal sebelumnya mulus2 aja setelah update beberala bulan lalu jadi patah2, tolomg diperbaiki",5,positif
pokok nya enak buat dengerin lagu deh,5,positif
bagus bangettt,5,positif
bagussss bgtttt pkknyaaaa!!!!,4,positif
milih lagu harus premium? big no buat apk ini,1,negatif
masok akal,5,positif
aplikasi nya bagus,5,positif
aku mau masuk ke aplikasi nya susah banget dan ribet padahal mau dengerin musik,3,netral
aplikasi ini sangat bagus untuk galauu 😁,5,positif
okelah tapi iklannya cok kaget gue kalo gk sengaja kebesaran volumenya😭,4,positif
bagus,5,positif
lagunya mantap pull,5,positif
not recommended,1,negatif
apa ni co perasaan iklannya 1 doang ko jadi 4,2,negatif
sangat bagus,5,positif
Mantul 👍👍👍👍👍,5,positif
suka banget aku Ama aplikasinya ketagihan dengar lagu clbk,5,positif
ini sangat bagus,5,positif
"pelit, kikir, kebanyakan iklan, di Bates pula",1,negatif
sangat bagus,5,positif
bisa ga di kurangin harganya,3,netral
banyak iklan,1,negatif
"ga masuk akal lagi sih ini ma namanya pemaksaan premium ga iklanya,ga pas klik lagi yang di suka,ga skip lagu selanjutnya malah dapet limit terus maksa premium.",1,negatif
"saya sangat menyukai aplikasi ini, spotify! media lagu no 1 kesukaan saya 😍",5,positif
kebanyakan iklan,1,negatif
menampilkan lagu yg bagus,5,positif
cara lagu di ya,5,positif
cocok buat aku apli,5,positif
sumpil bgs bgttttt cuyyyy bisaa putar lagu yg wnakk,5,positif
"maksa banget harus premium, udah lama make terus sekarang maksa banget harus premium, ga bisa muetr lagu yang di pengen karna ga premium",2,negatif
"suka banget, walaupun banyak iklan, kecuali berbayar",5,positif
the best,5,positif
menurutku lebih mending treebel karna treebel bisa off dan no iklan treebel juga lagunya bisa urut sedangkan spotify udh banyak iklan ga urut lagunya... maaf kalo menyinggung,1,negatif
jelek maksa banget premium najwiest,2,negatif
terlalu bayak iklan,1,negatif
cinta spotify,5,positif
"bagus sih bintang 4 karna gk ada lagu where we are,ada sih intel inside tapi gk lengkap😮‍💨",4,positif
"lagunya bagus bgt,banyak dan bisa bikin podcast",5,positif
good,5,positif
bagus,5,positif
mantap,5,positif
bagus banget untk ndengerin musik pokoknya debest,5,positif
baguss banget bisa dengar musik bang bruno mars,5,positif
menyenangkan,5,positif
bagus,5,positif
mantap,5,positif
keren,5,positif
"bagus sih bagus, tapi jangan 2 lagu 4 iklan lah, ngotak dikit cikk, ini aplikasi dengar lagu apa iklan",1,negatif
bagus,5,positif
BINGUNG DGR LAGU SIAPA. SARAN,4,positif
Bagus pol,5,positif
bagus bgt semua lagu ada🤭🤭,5,positif
"seru, apa lagi pas lagi belajar, jadi gak terlalu stress",5,positif
ewww,1,negatif
"apk kikir😏 dikit² iklan gabisa milih lagu yg kita MW (bisa sih, cm baru berapa kali kita milih lagu, setelah nya di Sruh premium), agak kesel y say, Awal download happy bgt, sekarang udh 1 bulan download rasa nya udh mw ak geprek ni apk, dikit² iklan, kikir bgt, di suruh gabung ke premium dlu 😹😹😹😹 (bukan nya gmw bersyukur krna tetep bisa dengerin lagu gratis, tp gimana ya, fitur yg bisa dinikmati dikit bgt, KIKIR, wkwkwkwk😹), perbaiki lagi deh kata gw mah, dan jngn lp, JANGAN KIKIR Hhh😹😹",1,negatif
wareg iklan🤰🏻,2,negatif
bisa denger lagu yang aku suka pokoknya debes banget deh,5,positif
"pdhl jaringannya lancar"" aja buat buka apk lain tp kenapa kalo buat buka spotify gbisa sll ada tulisan jaringn tdk stbl",1,negatif
bagus,5,positif
gatau mau nulis apa. tapi yang penting bagus,5,positif
Kikir banget gilak!!,2,negatif
ok keren untuk temanin tidur,5,positif
balikin duit guaaa,1,negatif
maaf tapi aku gaksuka,1,negatif
pe pe apa pokonya mantep dah kata gua,5,positif
woi lah mau nyetel lagu ga bisa harus premium dulu mana mahal lagi 72rb,5,positif
"menurutku saat di tab itu banyak iklan,beda sama kalau di hp",4,positif
josss,5,positif
terlalu banyak iklan,2,negatif
pilihan mudah dan jelas ga ribet,5,positif
mantap,5,positif
apelikasiya Sagat bagus,5,positif
l like this,5,positif
GAK JELAS APA2 KUDU PREMIUM!!,1,negatif
bagusa banget,5,positif
bagus,5,positif
jelek bener,1,negatif
"bagus, tapi aku ada cari lagu, tapi ga ketemu, judul nya ""where we are"" pls rilis dong, bgs bgt lgu nyaaaa",4,positif
knp skrg iklan nya jd 5? gile bgt kebelet naik haji y biasanya jg 1/2 hm jd males ke spotify,4,positif
IKLAN NYA BANYAK BANGET GASUKA🤬😡😡,1,negatif
kebanyakan iklan jir,1,negatif
dulu aku pake ni aplikasi bgs bgt tapii kenapaa pas mau login /masuk akun google hp aku nge freeze gitu,5,positif
"iklan nya bnyak banget 4 kali malahan, dan ngak bisa putar lagu lain! gw jujur aja karena apa??? sebelumnya dulu ngak kayak gini, dan gw juga dulu sering dengerin lagu Thai,KPop, t-pop, sekarang kok malah ngak bisaaaaa, kikir banget sih min deloper!",1,negatif
good,5,positif
bagus,5,positif
bagus,5,positif
CAKEPPP,5,positif
raindance😋,5,positif
bagus,5,positif
aplikasi yang enak buat dengerin lagu,5,positif
wah semakin kikir masa pilih lagu sendiri udah harus premium,1,negatif
kebelet mau dipremium,1,negatif
enak di dengar,5,positif
💯,5,positif
uninstall aja udah ga bisa digunain disuruh premium,1,negatif
"makin sini makin kikir, iklannya 4x apacona😡",1,negatif
setia menemani ketika butuh support,5,positif
bagus,5,positif
dengan pengalaman baik,5,positif
mantep banget,3,netral
bagusss bangettt,5,positif
ok. bagus. semoga lancar trus.,5,positif
"Aplikasi nya jelek bgt,milih lagu sendiri harus bayar premium dlu,klo mau lihat lagu selanjutnya jga harus bayar, gk ngotak bgt sumpah gk jelas,dlu suka bgt spotify, sekarang nggk mahu ku uninstall, gk bagus bgt masa harus denger yg di pilihin, kan kita mau denger lagu yg kita mau denger, gk jelas bgt nib spotify sekrang, kebanyakan premium, gk jelas gj bagus, buruk,lebih mendingan joox dri pada ini, cih",1,negatif
"bagus banget:) kualitas lagunya bagus banget! lyrics juga ada, walaupun beberapa yg gak ada (dikit sih...) dan kadang sering iklan 4 kali. tolong di kurangi ya! ^^",5,positif
banyak lagu nya and bagus bagus,5,positif
enak didengar untuk bekerja,5,positif
"apk haram, banyak iklan",1,negatif
"—50.000/10 •kebanyakan iklan •premium kebanyakan •money hunger & greedy company •mempaksa semua orang yg tidak pakai premium harus memakai premium tetapi aku gak ada uang karena terlalu mahal. •semuanya di bayar, tidak ada yang gratis •orang² yg lagi santai langsung stress •dikit² bukannya isi aplikasi premium eh malah di play store aplikasi di bayar lagi🥀💔",1,negatif
pokok nya debes deh,5,positif
terbaik,5,positif
kadang kadang kalo mau mencet lagu ada aja tulisan harus premium semua lagu udah ku pencet tapi iklannya muncul terus jadi gak seru,1,negatif
𝘴𝘰𝘢𝘭𝘯𝘺𝘢 𝘴𝘢𝘺𝘢 𝘴𝘶𝘬𝘢 𝘥𝘦𝘯𝘨𝘦𝘳𝘪𝘯 𝘭𝘢𝘨𝘶,4,positif
bagus banget,5,positif
"ini baguss bangett sii apknya,apalagi kalo lagi ngerjain aktivitass seharii""",5,positif
"masa baru dengar berapa lagu, langsung di suru premium",1,negatif
tolong iklannya jgn terlalu banyak yah spot,4,positif
enak bgt,5,positif
"saya lagi enak dengerin lagu tapi di pilihin karena ada batasannya, dasar pelit. terus durasi iklannya gak ngotak, gak ada tombol skip iklan. gak work it",1,negatif
ini apk mau nya apasi ngntd jaringan aman wifi kenceng tapi di dalam apk periksa jaringan najis apk pembodohan,1,negatif
baguss banget 🥰🥰,5,positif
iklanya banyak bet jir,4,positif
"apalah, dikit dikit harus premium, mau dengerin musik aja harus premium. Mending pake youtube music dari pada pakai aplikasi yang dikit dikit harus premium",1,negatif
"iklan banyak amat jangan maksa buat premium lah,sewajarnya aja kalau ngasih iklan, butuh uang banget yak...",1,negatif
akuu sangat suka aplikasi ini tapi banyak iklan yahh cokkkk 😑,5,positif
aku sangat suka sama aplikasi mosik satu ini jarang ada iklan jadi pas mau lagi menggambar jadi nyaman,5,positif
banyak Iklan nyaa,1,negatif
"gk recommended bnget, iklannya trlalu bnyak",1,negatif
makan nih premium,1,negatif
enak nyaman banget bisa musikan sambil mandi juga tapi iklannya nambah drastis,4,positif
seru,5,positif
sangat bagus sekali,5,positif
aplikasi ini pelit kuburan sempit sampe mati,1,negatif
aplikasi nya bagus tapi berbayar,4,positif
kekurangannya adalah banyak sekali iklan kalau tidak beli premium lebih dari 3 dan 4 dan durasinya sangat lama kalau bisa di kurangi jumlahnya menjadi 1 iklan dan durasinya menjadi 1 detik dan juga jangan terlalu di batasi untuk memutar lagunya kalau bisa sama seperti beli premium bebas iklan dan bebas putar semua lagu untuk yg lainnya sudah mantap dan bagus lagu lagu semua genre ada di aplikasi ini juga ukuran aplikasinya kalau di perbarui di update jangan membesar kalau bisa 100 MB kebawah,5,positif
bagus banget musiknya dan suaranya,5,positif
"Aplikasi banyak iklannya, premium mahal gak ngotak, gak sepadan sama yang dibayaranya, lagunya ada yang gak bisa dicari dan BOIKOTTTTTT",1,negatif
1 Musik 1 Iklannn,1,negatif
bagus meski ada kiakjya,5,positif
mau naik haji lu apa² di premiumin,1,negatif
jelek masa ganti lagu haruss premium loh ya harus lagu acak gitu ampasss,1,negatif
aku suka bgt lagunya,5,positif
sangat bagus sekali,5,positif
aemua lagu nya bagus dan lengkap sukaaa,5,positif
Bagus👍Tingkatkan Lagi,5,positif
tolonglah iklannya ga ngotak bgt mana gabisa milih lagu pelit bgt dah,3,netral
enjoyable,5,positif
apalah mau login terjadi kesalahan dan coba lagi terus. Padahal jelas-jelas akun sy sudah terdaftar.,2,negatif
"apa apaan ini, dulu denger lagu cuma iklan nya sebentar it's okay, lama lama semua nya aja premium, iklan udah makin lama, terus gak bisa atur durasi lagu itu juga masih gak papa asal bisa denger lagu sesuai yang diinginkan, masalahnya ini sekarang mau denger lagu yang kita ingin kan aja premium, aplikasi babi kayak gini maunya premium, kenapa gak sekalian premium aja downloadnya, pemaksaan banget ini aplikasi terpaksa banget dulu aplikasi ini gua suka sekarang kubenci, FIX HAPUS AJA GUYS",1,negatif
aplikasinya baguss,5,positif
"untuk aplikasi ini menurut ku cukup bagus sih,lagunya ada semua,yah lumayan bagus lah",3,netral
aplikasi kikir,1,negatif
banyak lagu yang enak di dengar tapi ada batasan lagu nya🙏,5,positif
app ini sangat membantu saya dalam mendengarkan musik,4,positif
"aku pengguna lama spotify, tapi makin lama spotify makin ngeselin. iklan smpe 4x dengan durasi panjang, isi iklannya buat premiumin doang lagi. kesannya bener bener maksa buat suruh langganan, dulu bisa pilih lagu yg mau didenger, skrg mau gamau harus denger music yg diplay. jujur untuk kelengkapan music itu mmg udah lengkap bgt. tapi kalo isinya dengerin iklan terus di telinga gaenak, jd ga enjoy dengerin lgu",2,negatif
sangat bagus,5,positif
saya sangat suka banyak lagu yang bisa di dengar kann,5,positif
lagu nya seru,5,positif
bisa didengar kemana aja,5,positif
"aku udh lama pke spotify tpi lama kelamaan iklan ny ga masuk akal bgt, baru stel 1 lagu udh di serbu 4 iklan",3,netral
bagus banget,5,positif
bagus,4,positif
iklan trs.,3,netral
bagus bgt no debat,5,positif
jos jip aplikasinya,5,positif
bangussss polll,5,positif
mantappppo,5,positif
bagus tapi pls jangan ada iklan,5,positif
bestt app for music,5,positif
bagus,5,positif
"iklan terus ya, habis play 1 lagu iklannya 4 gelo",1,negatif
ini sangat bagus saya suka,5,positif
"kikir.. iklan jadi 4 buat apa,, maksa banget buat beli premium semakin lama semakin kikir ya",2,negatif
aplikasi yang bagus,5,positif
lumayan seru da asyiiik,4,positif
sangat senang,5,positif
sukaaa bgttt,5,positif
Mantap... Perjalanan menjadi menyenangkan,5,positif
biasa aj,4,positif
"pelit, banyak iklan, iklannya cringe semua",1,negatif
aku suka aplikasi ini dan lagunya,5,positif
the best 👍😎,5,positif
"ini aplikasi pelit betul,1 lagu 2 iklan makanya aku hapus....tak guna...",1,negatif
nice,5,positif
bnyk bgt iklannya ampe 4 kali trs lama bgt lagi durasi iklannya,1,negatif
oke,4,positif
aplikasi yang sangat bagus,5,positif
kalo bisa sih kasih VIP gratis seminggu,4,positif
ok,5,positif
apa lgi tanpa iklan lebih rame spotifi nya,5,positif
sangat bagus,5,positif
"sebenernya spotipai di boikot, tapi aku gabisa hidup tanpa spotipai.... 😥😥😥😥. gada pengganti apk musik yg lebih baik dari kamuu..... kamu ngecewain, tapi aku sayang kamu... jdi aku kasih bintang 3, kalo nanti kamu udah berubah aku janji aku kasih bintang 5.",3,netral
bagus,5,positif
"kebanyakan iklan,mending Hp waktu jaman bisa download nyimpen lagu pakai memori,",2,negatif
nice,5,positif
BAGUS. itu ajah sih😘,5,positif
"Ini udah bagus sih iklannya gpp lah kalau saya 2•3 iklan masih oke.....TAPI PLEASE BEBASIN KITA BUAT PILIH LAGU NYA😭😭🙏🙏🙏 JANGAN DIBATASIN DONGG BUAT KAYAK SKIP LAGU, MILIH LAGU LAIN ATAU PLAYLIST LAIN😭😭🙏 MAAF KALAU ADA SALAH KATA SEKIAN SEMOGA DIBACA DEVLP😊🙏😊",3,netral
👍,5,positif
bagus banget,5,positif
BAGOS,5,positif
terlalu banyak iklan,2,negatif
Musikk Yang Komplit Dengan Artisnya,5,positif
"tidak bagus lagi, dikit"" iklan dikit"" iklan ,ini kita dengerin iklan dari pada dengerin lagu 👎👎",1,negatif
lagunya enak aku suka,5,positif
seru aja sihh enak bisa denger lagu,5,positif
mantap,5,positif
Milih lagu harus premium pula👎,1,negatif
"iklannya ga ngotak, harga premnya juga",5,positif
baguss,4,positif
"Kenapa makin lama kok iklannya jadi makin panjang? dulu cuma 10 sampai 30 detik tapi kini udah 1 menit sampai 1menit 30 detik. maruk kali minta premium nya, tolong kurangilah iklannya, mana kadang iklan muncul tiap 1 lagu kan kurang ajar.",1,negatif
banyak iklannya jadi tidak puas denger lagu masa 1 lagu 4 iklan konyol,1,negatif
"aplikasi yang membantu, dan gampang digunakan",5,positif
banyak iklanya,3,netral
akun gua kenapa ada yang dngar selain gua aneh bet ajg,1,negatif
yang bener aja gw gak bisa buka ap nya,1,negatif
well,5,positif
"bguss,tpi iklanya dikitin",5,positif
"developer terlalu kikir dikit² iklan bentar-bentar disuruh premium banyak Bett iklan nya lau mau naik haji ape gimane sih? iklan dibanyakin Mulu, terus di saranin premium Mulu Ampe bosen tuh gua dengerinnya. saran mahh kurang-kurangin lah iklannya.",1,negatif
kurang,1,negatif
bagus jarang iklan tapi gtw ntar iklan apa ngga soalnya baru download trus bisa dengerin tapi keluar aplikasi sama pas hp nya di matiin masi tetap bisa denger lagu,5,positif
kebanyakan iklan,1,negatif
enak di dengar,5,positif
terima kasih sudah di baca,5,positif
bagusss,5,positif
gua suka ni apk sejujurnya tapi ni apk kikir bet njir masa iklan nya nambah mana rekomendasi lagu ny jelek jelek lagi gaa suka.,2,negatif
Nice,4,positif
baru mencoba dan saya menikmatinya,5,positif
"kok dibatesin sih dengerin lagunya?? terus iklan nya makin ga masuk akal masa jadi 10 iklan, ga inget lu kalau gue yg temenin lu dari jaman merintis, kocak",1,negatif
"monyet sia Spotify miskin, cenah ridho",1,negatif
mantap pokoknya,5,positif
"Pengucapan pekerja lu banyak tidak baku ""Beberes"" Kalo di KBBI yang benar ""Beres-beres"" Geli gua dengar setiap ada iklan memakai kata kata itu",2,negatif
sangat bagus,5,positif
asikblagunya,5,positif
"udah kebanyakan kikir sekarang apa"" harus bayar bete😑😒",3,netral
"kebanyakan iklan, baru putar 2 music udah muncul aja noh 5 iklan NGESELIN!!!!",2,negatif
"kebanyakan iklan baru 1-2 lagu iklan 3 kali, mau haji loh spotify, mentang mentang udah banyak pengguna, iklan ga kira kira.",1,negatif
bagus,5,positif
iklanya kebanyakan woi,1,negatif
enak tapi pas lagi dengerin tiba¹ ada iklan,4,positif
bagus,5,positif
ya barar hapus pls free semuan,5,positif
"kenapa gw play di laptop tapi pas gw kecilin volume hp malah spotify yg di laptop ngecil, padahal udah di setel di perangkat laptopnya, perbaikin dong bugnya",3,netral
IKLANNYA KURANG BANYAK,2,negatif
bagus banget,5,positif
bagus,5,positif
udah lah go USA Ada seponsornya udalah disuru premium lo Kira kita banyak duit,1,negatif
bagaimana nih gua mau ngerjain pr kok tiba-tiba di batasi duh ini niat bikin apk apa gak sih admin nya,1,negatif
pengguna gratis terlalu banyak iklan dan durasi iklannya melebihi 1 menit sangat tidak enak,1,negatif
"iklan nya gamsuk akal , iklan terus menerus",1,negatif
baguss bangettt,5,positif
aplikasi pemaksaan kalau tidak premium masa tida boleh milih lagu dasar apk miskin sistem pemaksan jelekk👎🏻👎🏻👎🏻,1,negatif
"pokonya permasalahannya di iklannya, tolong bgt yaa",2,negatif
lagunya gk bisa di ulang🗿😭🙏🏽,4,positif
enakk bangett musikkk nyaa asliiii gaaa booonggg,5,positif
all is good 👍,5,positif
terlalu banyak iklan terlalu memaksa untuk langganan premium lagu yang di putar 2 kali tapi iklan 4 kali yg muncul,1,negatif
"suka si sama apk ini tapi lama"" di suruh ke premium jadi kaya gimana gitu ga suka aja, tapi gpp ko meski suka di suruh ke premium tapi aku masi tetep suka sama spotify 💕",3,netral
bagus dan saat gabut,4,positif
kebanyakan iklan,1,negatif
karna sesuai dengan yang saya mau,5,positif
bagus,5,positif
"kikir, aplikasi mulai mengambil keuntungan secara berlebihan dan membuat user experience tidak nyaman sehingga secata tidak langsung memaksa untuk langganan premium",2,negatif
"apknya terlalu buruk,ketika memutarkan lagu baru mendengarkan 2/3 lagu mendapatkan iklan sampai 4× iklan",1,negatif
menyukainya,5,positif
oke lah 👌,5,positif
"2 musik 5 iklan,gelo gelo",1,negatif
dulu di awal menggunakan Spotify ada premium mingguan tapi sekarang harus yg 3 bulan. sedih sih karena fitur yg biasanya tidak lagi tersedia. tapi sejauh ini Spotify memberikan kemudahan untuk menemani diri ini.,4,positif
i don't like your style,1,negatif
untuk spotify sudah bagus mungkin kalo lebih bagus lagi iklanya jangan banyak banyak ya 😅,4,positif
bentar bentar iklan,3,netral
sangat bagus buat hal hal lain atau lagi main sambil denger lagu,5,positif
"aplikasi kikir, kebanyakan iklan",1,negatif
"semakin ke sini semakin sering muncul iklan dan setiap mau ganti lagu suka limit padahal baru beberapa kali cari lagu sama iklan nya juga selalu hampir 5 menitan, kurang suka sama Spotify sekarang",1,negatif
banyak iklan,1,negatif
enak lagu nyaaa,5,positif
"Saya sudah membatalkan langganan sebelum tanggal penagihan, namun tetap dikenakan biaya. Saya tidak menggunakan layanan setelah pembatalan. Mohon pengembalian dana",1,negatif
KLO bisa kasih music offline nya dong min 😁hehe,4,positif
bagus banget 🙂,5,positif
Sistem yang jalan sekarang amat serakah sekali. Memaksa pengguna harus premium terkadang iklan bisa sampai 4 kali. Aku pikir akan menyudahi ini dengan aplikasi lain yg lebih masuk akal terimakasih telah menemani sejak 2016. Goodbye,1,negatif
bagus 👍,5,positif
bagusss bangeTT!! >_<,5,positif
APLIKASI SERAKAH DIPAKSA PREMIUM,1,negatif
Ternyata apl ini kena boikot 👎🏻,1,negatif
"ini habis stop langganan premium Spotify kok ga bisa muter lagu sama sekali kalau mau setel lagu ada tanda ""kamu menemukan fitur premium"" marukkkkkkkk......!!!! tolong ini apk atau pemerasan harus banget premium gitu?",1,negatif
quite good,4,positif
"apk kikir dasar pelit, masa makin kesini kek di paksa pake premium, mau denger musik yang yang mau di puter aka harus premium kalo ga di puterin musik random, stres lama lama apk kikir",1,negatif
yg bilang apk nya banyak iklan tuh ya namanya promosi guysss ini juga apk nya bagussss lengkap lagu lagunyaaa kalo lgi gambar ngerjain pr larinya kesini,5,positif
bagus,5,positif
enak musiknya,5,positif
banyak iklan ih,1,negatif
musik nya enak semuah,5,positif
"makin kesini banyak fitur hilang, jelek bintang 0",1,negatif
ini enak kalo lagi galau,5,positif
sangat baik,5,positif
lagunyaa baguss' terusss bisaa dipakaii buat game/dengerinn sambil belajarrr cocokk dehh pokonyyaa 😻💗,5,positif
kikir banyak iklannya,1,negatif
bagus banget 🤩,5,positif
enak buat main dan seru jadi main bosen,4,positif
sanagt seru karena ada banyak lagu,5,positif
ok,5,positif
so perfect,5,positif
"akuu sukaaa bangettt dehh, jadi hidup ga sepi sepi amat kalo ada Spotify loveee loveee, normalisasikan jangan langsung kritik di publik pikir baik baik dulu baru di rating",5,positif
bagus,4,positif
IKLANNYA TOLONG DIKURANGIN DONG,1,negatif
lumayan,4,positif
what 4 iklan hadeh,1,negatif
"kok engga bisa milih lagu lagi sih, masa milih lagu doang harus premium . . .",2,negatif
bagus,5,positif
Karena berbayar,4,positif
kikir,1,negatif
sangat bagus lagunya,5,positif
terlalu banyak iklan,5,positif
seru banget sama lagu nya enak enak semua kalo penasaran donlot aja gih,5,positif
"sebenarnya ini aplikasi bagus tapi, apk kikir maksa premium",2,negatif
"kikir bgt apk kikir niru capcut , kikir 😹😹😹",1,negatif
lumayan menarik apabila tidak ada iklan ki udah ku beri bintang 5,4,positif
apalah anjir udah kebanyakan iklan terus kalau masuk app lama -0 sih njir udah 1 jam masih aja gak bisa kebuka app nya🙄,1,negatif
"awal nya bagus lancar,70 persen oke tuk isi didalam nya besok harinya gw buka ga bisa selalu eror koneksi padahal kota ga pernah habis intrnetan ini itu lancar jaya gw udah donlod lagu kesukaan di dalam nya untuk bisa gw dengerin di jalan atau di mobil ternyata masih ga bisa pas bisa di buka kembali ke stelan awal bener sumpah ini aplikasi yang sangat kecewa dlm hidup gw pribadi ini hnya share ke kalian semua yng baca jangan donlod aplikasi ini cukup gw aja yg rasain itu saja terima kasih",1,negatif
sangat cocok untuk mu,5,positif
luar biasa,5,positif
memuaskan,5,positif
apk yg bagus,5,positif
sangat wort it,5,positif
aplikasi bagus ni tapi kalo gamau iklan atau putar acak harus premium:),5,positif
"Bagus banget sumpah, jadi lebih gampang kalau mau ngidupin lagu.",5,positif
"GA HARUS PREMIUM Y ANJINGG,YOUTUBE YG LEBIH SUKSES AJA GA MAKSA KAYA LU,HARUS INI HARUS ITU IKLAN SAMPE 6 LIAT TUHH YOUTUBE PALING DIKIT 3 INI APK GW PILIH KARNA SIMPLE JANGAN BANYAK MAU DEHH",1,negatif
buat ngepel enak dengerin laguu,5,positif
"baru satu/ dua musik langsung iklan, mana iklan nya ad 4/5",2,negatif
enak,5,positif
boikot anj,1,negatif
Mantap,5,positif
good,5,positif
"mantuuuulllll,lengkap banget",5,positif
kikir,1,negatif
bagus aja,4,positif
best music ever,5,positif
ok,5,positif
bagus lagu2 update,5,positif
so much fun,5,positif
wow,5,positif
COCOK BUAT AKU YG INTROVERT,5,positif
"mantep, iklannya bnyk bet kyk orang kebelet naek haji, didiemin malah nympe 5 skrng, gabakal prem gw, ntr gw merasa kalah klo prem",5,positif
"Iklan terlalu banyak, kalau 1 atau 2 masih bisa dimaklumi ini dikasih 5 sekaligus, plis kurangi lagi iklannya:(((",1,negatif
bagus sih... tapi iklannya jangan dibanyakin ya! semoga bisa membantu.,5,positif
"nih apk plg kocak sih, bener apkny gratis tp lama-kelamaan pengguna(user) di paksa untuk berlangganan, kek contoh iklan yg makin sering di setiap lagu, ada limit dengerin lagu yg kita inginkan, dan parah ny lagi byk yg bilng nih apk ""pro Israel"" auto boikot sih, udah apk makin lama makin tamak, kalo kalian pgn apk yg bebas iklan bisa pake ""metrolist"", gua udah lama hapus spotify, dan milih untuk pindah apk yg lebih sehat dan ga ada pemaksaan untuk berlangganan, ga kayak apk ini wkwkk",1,negatif
lagu kesukaan gw di hapus seenaknya😭,1,negatif
bagus,5,positif
bagus,5,positif
bagusssssssss sekaliiii ini,5,positif
aplikasi kikir udh bagus 2 iklan malah di tambah jadi 4 cuihhh,1,negatif
music terlengkap,5,positif
aplikasiiii pelitttttttt anjj,1,negatif
makin kesini makin banyak iklan.,1,negatif
"Aplikasi yang bagus, saya menggunakannya saat bekerja/mengerjakan tugas/dan lain-lain, fitur nya yang masih bisa diputar saat keluar aplikasi sangatlah bagus, tetapi ada beberapa lagu yang tidak bisa saya temukan diaplikasi ini.",4,positif
ok,5,positif
kenapa kita gabisa pake lyrics lagi kalo spotify free?,2,negatif
suara nya mantaps..,5,positif
too much ads..and it's really annoying.,1,negatif
tidak bisa ganti lagu sesuka hati,1,negatif
bagus.,5,positif
kecewa,1,negatif
"laperrr, kebanyakan iklan jing udah lagu ga bisa dipilih celeng",1,negatif
mantap,5,positif
baguss bethh,5,positif
"saya lebih memilih YouTube dari pada Spotify, iklan nya banyak seperti memaksa pemakai untuk membuka Spotify premium, ranting 1 ketidak puasan",1,negatif
"banyak iklan!minimal 2 kek iklannya,kebelet hajiii",1,negatif
Bgus bngt suka bngt Ama lagunya,5,positif
iniii baguss bangettt pokoknyaaa,5,positif
terima kasih,5,positif
good,5,positif
"bagus, praktis",5,positif
"Aplikasinya udah bagus tapi mungkin untuk harga premium perbulannya bisa lebih disesuaikan lagi sama mungkin kebanyakan pelajar, yang belum berpenghasilan tetap agar harganya sedikit lebih murah dari sebelumnya. Untuk over all sudah baik dan tetap kasih kenyamanan untuk pengguna aplikasi Spotify, terima kasih!",5,positif
"BAGUS BENER DAH NI TAPI IKLAN NYA LUMAYAN BANYAK JADI SAYA SARAN KAN SUPAYA LEBIH SEDIKIT IKLAN DI APLIKASINYA, TAPI UDAH BAGUS BANGET APLIKASINYA JADI SAÝA KASIH BINTANG 5",5,positif
"Pilihan musik terbaik, banyak bervariasi tidak membosankan dan sesuai mood.",5,positif
saya beli akun premium untuk 3 bulan tetai belum ada 1 bulan kok premiumnya hilang. Mohon penjelasannya,1,negatif
"Oke bangeedd.,",5,positif
bagus,5,positif
joss dah,5,positif
"maksa banget ini Spotify suruh saya beli yg premium aneh aneh jangan maksa tu iklan nya banyak lagi, suruh saya beli yg premium",1,negatif
👍👍👍👍👍,5,positif
enak bagus,5,positif
bagus,5,positif
good,5,positif
aplikasinya sangat bagus,5,positif
sangat menghibur saat istirahat dan menemani aktifitas yang melelahkan sehari hari,5,positif
musiknya banyak dan lengkap disertai lirik pas banget buat karoekean,5,positif
banyak iklan,1,negatif
"spotify tu sebenarnya bagus banget tau😭😭, cuman bapak saya hapus, waktu saya lagi download lagu tiba tiba kata bapak saya HP nya ngeleg kalau msuk di aplikasi lain seperti Facebook data nya nggak bisa di matiin padahal pas aku coba bisa🥲🥲",5,positif
MANTAP,5,positif
selalu memberi semangat pd saat jalan pagi,5,positif
terlalu banyak iklan mending make yt music lebih murah premium+ kalo gak pun iklan cuman 2 gak ampe semenit kikir kikir,1,negatif
jelek banget. bagus youtube music,2,negatif
topp,5,positif
"Orang gilaa kalo iklan kaga kira kira dulu ga bgini dah ,Pengen cepet naik gaji ini aplikasi iklannya banyak pisan",1,negatif
kasih pembayaran qr kocak udah gratisan banyak iklan jwmboat,1,negatif
banyak iklan,3,netral
aplikasinya bnar2 bagus...,5,positif
saya sangat suka musik dari Spotify trimakasih 🙏🙏,5,positif
"sampah banyak iklan batas milih lagu cuma sedikit, batas ganti lgu juga sama hadehhhh sampahhhh",1,negatif
aplikasi nya keren,5,positif
"Iklannya banyak banget, sumpah!!!",1,negatif
lagunya enak semua,5,positif
bagus,5,positif
semua lagu yang ku suka ada,5,positif
"bnyk iklan, kebelet umroh ni admin bisa GK sewajarnya iklan aja? minimal 1-2 iklan aja kocak lama lama ngelunjak lu admin, semua orng GK punya uang buat beli premium. gw cuman mau dengerin musik di hari berat gw malah diganggu iklan yg smpe 5, klo 1-2 gw wajar in karna gw GK beli premium",2,negatif
sangat bagussss,5,positif
"sengaja gw kasi bintang 5 biar kalian liat, saking kepengen kaya nya spotify sampe buat iklan 4 kali hanya buat satu lagu, itu pun masih maksa premium",5,positif
sangat menghibur saya,5,positif
bagus,5,positif
"worth it makasih udah nemenin,pas waktu sedih,senang,apapun itu.... makasih banget udah nyiptain Spotify",5,positif
mantul,5,positif
"Bagusss,Tapi banyak iklan...cape tiap mau ganti lagu harus dengerin 4 iklan...tolong iklan nya jangan banyak²",4,positif
BAGUSSSSSS,5,positif
Sangat bagus🤩🤩🤩🤩🤩,5,positif
bagus sekali walaupun ada iklan tapi tak apa²,5,positif
"gua pengguna Spotify udah lama makin kesini makin Kacau,,Gue bukan peserta premium tapi Gua pake Kuota,Gak gratisan itu beli pake duit dua lagu Iklan nya 4 baru buka app gabisa pilih lagu,Pantes pada Pindah Haluan",1,negatif
"secara keseluruhan sudah bagus, cuma iklan skrg sdh sampe 3-4x, itu pun kadang rentang 2-3 lagu. harga premium standart yang sebelum nya 59k skrg naik menjadi 79k, menurut saya harga segitu lumayan besar, jadi pendapat saya harga nya bisa di kembalikan seperti yang dulu.",2,negatif
"kikir bgt, milih lagu aja bayar, ngeskip lagu terbatas juga.",1,negatif
"spotify ini gratis jadi aku suka banget,semua lagu ada aku sering dengerin spotify, ayo juga download pasti suka dan jadi seneng juga, contohnya kyk aku",5,positif
kenapa sekarang milih lagu aj g bisa?,5,positif
good,5,positif
aku suka bgt..aku dengernya kalau sedang bosen atau sedang sedih.juga aku sering denger lagu tentang astronomi atau lagu galau gitu.gak nyesel dehh download ni aplikasinya,5,positif
bagus banget lagu lagu nya bagus dan enak di dengar tapi kalau bisa yang premium nya jangan kemahalan lah minimal di harga 60rb ke bawah lah,5,positif
"SATU DOMBA, DUA DOMBA, TIGA 🐶. KIKIRRR BETTTT IKLAN SAMPE 4 BIJI, LAGUNYA BARU KEPUTER 2",1,negatif
"aplikasi kikir , milih lagu aja ga bisa dikit² iklan mana 6 biji iklannya 1 lagu",1,negatif
kikir,1,negatif
ok,5,positif
"spotify kalo ga premium nyebelin, masa muterin lagu punk/lagu lagu yg bener bener kita ga tau.",2,negatif
mantap walaupun gk dapet sepuasnya,5,positif
asik banget denger nyaa,5,positif
good apk,5,positif
untuk sekarang makin lama spotify makin banyak iklan,2,negatif
aplikasi ini sangat bagus,5,positif
"Makin kikir aja nih, duitnya habis dipakai untuk bayar gaji pemain barcelona😂",1,negatif
gk bisa ngeskip di suruh premium dulu aplikasi baji ngan,1,negatif
"KIKIRRRR CUMA BOLEH MUTAR 6 LAGU PLS GW GPP DEH SAMA IKLAN NYA, TAPI MASA MAU MILIH LAGU HARUS PREMIUM SIH KIKIR BGT, PLS BISA MILIH LAGU SENDIRI GA BIKIN LO MISKIN!!!!",1,negatif
cocok kalo lagi main game,5,positif
kebanyakan iklan,4,positif
"banyak iklan, apa-apa harus premium, pindah lagu juga harus premium, di suruh premium maksa banget, BANYAK IKLAN.",2,negatif
sinting ya ni spotify iklannya skrg 4,1,negatif
bagus dan seru,4,positif
sangat nagus,5,positif
kebanyakan iklan,1,negatif
kebanyakan iklan ga ngotak baru dengerin satu lagu iklan 2 dengerin lagu berikut nya 4 iklan. iya tau ga premium tapi please lah iklan nya ga gini juga 🙄 saran apl streaming yang iklan nya dikit please Spotify bener bener gak recomed banget 🙄😒,1,negatif
seru,5,positif
bagus.😔👍,4,positif
Spotify sangat bagus,5,positif
makin lama makin banyak iklan,1,negatif
kesel kalo harus mencet lagu lain selalu ada harus premium aku udh hapus ches tapi tetep gitu kalo spotify gini terus aku gk mau lagi. spotify tolong ni akun ku gk semua orang banyak uang nya ya untuk premium,1,negatif
👍👍,5,positif
Sangat cocok,5,positif
bagus banget,5,positif
apk kikir tpi okela,5,positif
utk hiburan saat sdg kerja sendiri,5,positif
enak bgt😑,5,positif
karena lagu timur nya asssik banget😉,5,positif
sukaaaaa bgtt,5,positif
apk ini memang mewajibkan kalian harus premium kalo gak mau iklan dan lagu acak trus setiap kita milih lagu,1,negatif
Aplikasi yang menyenangkan utk putar lagu kesayangan,5,positif
favorit bgt,5,positif
"udaa daa, Spotify kadang yny di rekomendasikan anee,klo mau cri lgu galau kan udh nemu misal bahagia lagi,na klo dh abis mesti ganti ke lgu yng buat yny party jadi males,klo udh pasang lgu galau selanjutnya galau ajaa sii gtu na klo lgi party selanjutnya party ajaa,saran dri gw gtu,sisanya udh bagus² semua,yng gw g suka si cmn itu, klo misall lagi galau ntr pindaa ke musik party,ini ga tau siapa yng sala,atau mungkin gw yng aga kurang yaa ilmu nya,tpi klo menurut gw pribadi biar lebi gampang",4,positif
di aku gaada lirik ny,3,netral
suka bet karena sering kehibur,5,positif
"keren inilah aplikasi yg terbagus saya dapati ,semoga aplikasi ini semakin rame lagi digunakan",5,positif
ad lagu ambatukam kerennnnnnnnnn bgt,5,positif
"muak gw denger suara Rony parulian sama Jerome, hapus napa iklan 2 Brand ambasador lu itu bikin pusing di kepala",2,negatif
bagus sekalii,5,positif
kikir lu,1,negatif
BAGUS BANGET BUAT DENGERIN LAGU,5,positif
makasih Spotify udah sadar diri 😁😁,5,positif
mantap suaranya bagus😎😎👍,5,positif
bagus banget jadi dengerin lagu di sini,5,positif
lagu nya enak enak,5,positif
"bagus, bisa setel semua lagu dan lain² dan juga bisa ngelatih saya bernyanyi",5,positif
karna terdapat jika tidak membayar tidak boleh mendengar kan lagu,4,positif
"masa iya mau dengerin lagu juga ada batas nya? ga bisa milih sesuka hati lagu yang mau di dengar, kalau mau bebas harus premium. apa-apa premium, muak tau ga.",2,negatif
sukak deh,5,positif
bagus tidak ngelag lagu luar biasa aplikasi membantu,5,positif
mantap deh pokoknya lagu² di spotify 👍👍👍,5,positif
enak enak lagu nya,5,positif
"aplikasi kikir, ew",1,negatif
"enak Cok bisa denger lagu tanpa latar belakang minus cuma satu,kalo mau offline harus bayar",4,positif
pokokkknyaaaaa bagussss bgttttt!!!,5,positif
GoodLuck,5,positif
lagunya magus,5,positif
sangat menarik,3,netral
saya rasa ini bagus,4,positif
sekarang apk nya gak guna harus premium baru bisa putar lagu yg di pengen,1,negatif
walaupun sedikit mahal bayar perbulan tapi sesuai lah,5,positif
lagunya stop ditengah jalan lagi...thank you pas buka applikasi shopee...kadang lagu sedang diputar bisa langsung tidak ada suara lagunya... cara menghubungi cs sportify gimana yah caranya...,5,positif
menemani disaat melakukan kegiatan rutin ..,4,positif
ok,5,positif
aku sangat senang kalo dengar lagu di aplikasi ini tapi aku gak bisa noglot padahal tempat orng lain gak bayar ini ko bayar mana mahal lagi gerti in kami dong kami masih anak anak darimana dapat uang semoga aplikasi nya memahami kami ya bagus bagus tapi karena nonglot nya mahal,5,positif
aplikasi tempek,5,positif
bagus tapi sekali iklan sekaligus 3😭,5,positif
aplikasi bagus,5,positif
Lumayan,5,positif
enak enak lagunyaa suka banget di 2 minggu pertama ga ada iklann terus kalo keluar apk masih bisa dengerin lagu bagus bangettt,5,positif
apalah hp gw gk bisa download gw kasih rating 1,1,negatif
iklan nya banyak sekali lebih bagus uninstall aja ni aplikasi,1,negatif
Aplikasi ini sangat menghibur,5,positif
jangan banyak iklan nya lebih seru mungkin,3,netral
"Saya pengguna lama Spotify sangat tidak nyaman untuk update terbaru ini, saya tidak ada masalah dengan banyaknya iklan tapi masalahnya sekarang sudah tidak bisa pilih lagu yang diinginkan, yang diputar random dari aplikasi, sangat tidak nyaman sangat dipaksakan untuk premium tapi harga berlangganan premium terlalu mahal !!!",2,negatif
sangat bagus dan ada liriknya aku suka,5,positif
bagus apk nya tapi ada iklan,5,positif
enak banget kalo dengerin laguuuu,5,positif
"iklan nya loh bejibun banget baru denger 2 lagu udah iklan, mana iklan nya jadi 4 sekarang, gabisa di skip lagi jelek banget sekarang spotify",1,negatif
bagus tapi tolong iklannya di kurangin,4,positif
kurangi iklan nya dongggg,5,positif
bagus,5,positif
bgs sett gilaaa,5,positif
memutar lagi di mobil dg tiada batas,4,positif
i love you more then myself,5,positif
iklan paling buruk,1,negatif
bagus bagus bagus bagus bagus bangetttttt buat yg suka dengerin musik bisa diapk inj,5,positif
"JUARA, cuman iklan nya jadi lebih banyak hehe",5,positif
lagu nya bagus sekali,4,positif
bagus bgt pokonya,5,positif
"baguss sekali sebenernya, cuma mengapa walaupun laga prem makin banyak ni iklan, kurang kurangin ya, kaya dlu lagu dong plsss",3,netral
"RECOMMENDED! Walaupun iklannya lumayan banyak si guys klo kalian ga beli prem, tapi gapapa baguss kok!",5,positif
maksa banget dah nyuruh premium,5,positif
lagu ai đưa em về yang bagus 👍,5,positif
"spotify jangan ngelunjak ya, iklannya 3 bzir",4,positif
bagus tpi kurang lama lagu nya🙏🙏,5,positif
"bagus nanti nyaman untuk di denger,pastikan kalian harus aplikasi ini karena seruu dan bagus",5,positif
"buruk pengguna lama harus ke premium pdahal dgn menggunakan nya aja apk nih dpet cuan musik"" apa aja di paksa bayar",1,negatif
bagus lengkap rekomen,1,negatif
siiip,5,positif
"​""Aplikasi yang sangat luar biasa! Sangat membantu musisi seperti saya untuk mempromosikan lagu dengan kualitas audio yang mantap dan sistem yang sangat proporsional. Apalagi saat mengajukan verifikasi centang artis, tidak ada hambatan dan tidak berbelit-belit. ​Saya sangat suka aplikasi ini karena membantu musisi-musisi lokal maupun musisi dunia untuk mempromosikan karya-karya mereka lewat Spotify. Luar biasa, semangat Spotify! Tidak ada aplikasi yang sebanding dengan kalian, memang luar biasa!",5,positif
apk nya bagus,5,positif
"seruu, bisa sambil nyanyi & bisa sambil dengerin juga sebelum tidur atau pas di jalan",5,positif
bagus ada lagu kesukaan,5,positif
mantap dan tidak membosankan,5,positif
"baguss banget aku suka,tapiiiiiii kadang kadang aku kesel kalo iklan terussss #izinnnn",4,positif
enak banget anjirr 🤙🤙🤙🤙🤙💥🔥🔥🔥,5,positif
i like this app,5,positif
aplikasinya bagus dan bisa dipakai main game,5,positif
sangat berguna! ❤❤,5,positif
mantal,5,positif
terlalu banyak iklan,3,netral
"gak bisa berhenti berlangganan anjingg,saldo gw abis dikuras tiap bulann,emang biadab",1,negatif
cocok buat lagi mandi mau pun tidur,5,positif
"sekalu lagu 4 kali iklan, hebat kamu",1,negatif
"aplikasi nya sangat jelek, setiap saya ingin memilih satu lagu saja langsung 4 iklan yang harus di tunggu. sudah begitu 1 iklan biasa 30 detik, belum lagi baru sebentar atau sedikit lagu yang di pilih langsung kena batas waktu buat memaksa pengguna berlangganan premium. dulu saja waktu saya download masih bisa lihat lirik lagu dengan bebas, sekarang 1× saja langsung kena batas premium lagi. Padahal dulu juga nyaman banget tiap podcast/episode bisa di download dan di dengar secara offline..",1,negatif
bikin tenang,5,positif
sangat baik,5,positif
bagus banget 👌👌,5,positif
lagu lagunya complete 🥰 + semuanya ada di Spotify,5,positif
enak untuk dengerin lagu sambil main gemes terbaik deh pokoknya ⭐⭐⭐⭐⭐,5,positif
really good,5,positif
Bagus,5,positif
baiklah,5,positif
playlist ga beraturan,1,negatif
baik,4,positif
mantap,5,positif
"hadeh iklan banyak bug banyak tiap udah liat iklan tiba tiba ke pause otomatis aplikasi gajelas, ga lama juga digantiin aplikasi lainn",1,negatif
bagus!,5,positif
udh beli paket premium pembayaran lwt Shopee pay tapi keterangan di aplikasi pembayaran ada masalah tapi saldo saya 79900 tidak kembali,3,netral
suaranya jernih dan enak didengar,5,positif
suka banget denger lagu disini,5,positif
mantap,4,positif
oke aja,4,positif
"bukan denger musik tpi denger iklann ,nol",1,negatif
bagussss berformat,5,positif
terlalu banyak iklannnnn,3,netral
"gila semuanya aja di premium in, pilih lagu A malah diputer lagu lain terus muncul ""pilih lagu untuk diputar besok, premium"" jujur gedeg banget, kenapa apa apa premium, iklan² terus mah ga masalah, lah ini ? semuanya di premium in. cari apk lain guys, disini makin banyak iklan & banyak penawaran premium.",1,negatif
bagus asik,5,positif
pas untuk musiknya hiburan dan santai,5,positif
"aplikasi kikir, kebanyakan iklan anjir, mana yang premium tambah mahal di aku",1,negatif
isriwiil,1,negatif
suka bangettttt,5,positif
mantap,5,positif
"masa udah kebanyakan iklan, mau ngeskip lagu aja ada limitnya, cuma bisa 3 kali doang. mau milih lagu yang kita mau juga ada limitnya, semua mua aja di buat premium. mau berangkat umroh apa gimana sih Spotify",1,negatif
bagus bangt pkoknya deh,5,positif
sangat bagus,4,positif
🤗🤗🤗👍👍👍,5,positif
banyak iklan,3,netral
JELEK BAU BANYAK IKLAN DEKIL BAU ASEM,1,negatif
iklannya gak ngotak buat yg tidak premium. mengganggu banget,1,negatif
terlalu banyak iklan,3,netral
keren banget,5,positif
iklannya tambah banyak,4,positif
mntap,5,positif
gak bisa instal lagu. lagu yg gua sukai bahkan gua udah pencet downlod tetapi malah disuruh bayar premium gua udah emosi 😠😠😠😠😠😠😠😠😡😡😡😡😡😡😡😡😡😡😡😠😠😠😠😠😠😠😤😤😤😤😤😤😠😠😠😠 ini namanya penipuan,1,negatif
saya sukaaaaaaa,5,positif
saya suka aplikasi ini,4,positif
uninstal karena terganggu jumlah iklan yang ga ngotak banget. tiap 2 lagu ada 3-4 iklan.. ngeriiii...,2,negatif
Asyiik,5,positif
MAYAN BURIQ,1,negatif
bagus,1,negatif
alus,5,positif
mantap bagus,5,positif
"hhmm.... saya tidak pandai bicara, biarkan bintangnya yang menjelaskan☺️",5,positif
1Lagu iklanya 3 ngaco,1,negatif
"udah beli premium, tapi kenapa sekarang kok gak bisa download dan dipake offline, jadi males😩",1,negatif
Banyak iklannn najisss gw mah ama spoti,1,negatif
apk musik ini bagus tetapi kenapa makin lam makin ngelag untuk dengerin lagu padahal paket saya aktif dan lancar tetapi ngelag sekali untuk dengerin lagu tolong di perbaiki,4,positif
enak kali Wak 👍👍👍👍👍👍👍👍👍👍👍👍👍👍👍👍👍👍👍👍♥️,5,positif
"jujur apk nya bagus musik lengkap minus iklan nya doang kebanyakan sebelum nya 1/2 ini smpe 4 iklan, sama masih bnyak yg blm ad lirik nya. terus untuk kebanyakan org beli premium itu paling gak neko"" buat ngilangin iklan doang, biar denger musik nya juga enk tapi kemahalan banget (untuk kita kaum pengangguran)",3,netral
karna hidup itu enaknya dengerin music,5,positif
tapi kadang kesal karna banyak iklannya,5,positif
gw ksih bintang 5 soalnya apk nya bagus ad lagu Prabowo hidup cangcut 🔥🔥🔥,5,positif
"aplikasi nya bagus larik nya bagus,cuman kurangi iklanya nya ya",5,positif
terimakasih telah mengembalikan fitur pilih lagu lagi. love you spotify,5,positif
bagus,5,positif
LB (lumayan bagus),3,netral
Bagus,5,positif
iklanya di kurangin bisalah biar nambah cakep,4,positif
"ada 4 iklan itu menurut saya sangat banyak, terlalu banyak untuk penggunaan gratis.",1,negatif
Unintstall... since they are become so stinggy and greeedyyy....,1,negatif
XD dan kingdom,5,positif
good,5,positif
saya terkesan dengan aplikasi Spotify yang memiliki lagu terkenal,5,positif
banyak bgt iklannya..,1,negatif
"BOIKOT, KATA TIK TOK WKWKK",1,negatif
mantap la,5,positif
"bagus bgt ini sebenarnya, tapi minusnya iklannya kebanyakan (bisa sampe 3/4), dan pas milih lagu maksimal 3, kaya bro... lu udah bagus bagus bikin aplikasi tapi kualitasnya ga baik, jujur ya, kadang juga klo simpan lagu tiba tiba hilang dari favorit, tolong diperbaiki ya Spotify",5,positif
makin mahal harga langganannya,1,negatif
ʙᴀɴʏᴀᴋ ɪᴋʟᴀɴ ᴍᴇɴᴅᴜᴋᴜɴɢ ɪsʀᴀᴇʟ,1,negatif
kurangin iklanya blok 2 lagu 4 iklan,3,netral
bnyk ikln,1,negatif
sekarang makin dibatasin jd gabisa milih lagu klo ga premium,1,negatif
"good, complete songs, great audio quality, but too many ads and Even choosing songs is limited, but I will never using premium, KARNA KALO GUE SAMPE BELI PREMIUM ITU ARTINYA GUE KALAH BWAHAHAHA",4,positif
mantap,5,positif
"IKLAN E BANYAK, KIKIR BANGETTT",1,negatif
KIKIR BNGT ANJ SEMUANYA AJA LU JADIIN DUIT ANJ,2,negatif
"kok makin update ada iklan muncul ya,Lagi dengerin musik tiba tiba Iklan muncul ganggu banget,dan pas update kok premium Spotify gw Kagak bisa download lagu off padahal baru 2 bulan nyesel gw beli premium,makin lama tambah buruk Ada iklan muncul sering nge bug Tolong kembalikan uang aku",3,netral
lagu yg ada di sini sangat bagus dan suaranya sangat indahh,5,positif
josjis Poko e,5,positif
"apaa apaa haruss bayar,dikit dikit premium, gabisa pilih lagu yang kita mau harus premium dulu heran dah",2,negatif
oke thanks,5,positif
kikir anjenggg,1,negatif
kikir,1,negatif
bagus banget bisa di dengar walaupun hp nya sudah mati,5,positif
sekaramg mau pilih lagu pun harus premium,1,negatif
gk tau mau bilang apa?,5,positif
"kikir beut udah 4-5 iklan cik yang muncul😹😹 mau premium malah makin mahal harganya. kurangin lah iklannya, atau ga sekalian bikin iklannya short movie.",1,negatif
bagus tapi di paksa premium terus,3,netral
bagus semua minesnya kikir banyak iklan klo ga premium🗿,5,positif
apk AP ini ajg mau dengerin lagu ae harus prem masak pilih lagu di playlist harus beli prem apalagi iklannya jadi 4,1,negatif
kikir,1,negatif
"ini kenapa klo landscape pas main ml fitur nya cuma Skip, Replay, pause, mana fitur-fitur yang lain (Ulang (Repeat), Acak (Shuffle), Favorit (Favorite), Equalizer) mana? premium lo, bintang 5 biar semua liat",5,positif
"apalah masa ga bisa pilih lagu,mana di paksa harus premium",1,negatif
spotify premium terbeli otomatis tapi tidak bisa di refund dananya,1,negatif
Terlalu banyak iklan,3,netral
"ini sbnrnya udah bagus bgt aplikasi nya ,dan lagu lagu juga udh lengkap bgtt ,cuman aku kecewa sma Spotify ,aku jga pengguna lama ,dan dulu juga Spotify ga se kikir ini ,sekarang kalo mau nyetel musik harus premium ,kalau gk premium gk bisa banyak dengerin lagu ,dan iklan nya juga banyak bgtt ,aku baru nyetel 3/4 lagu ,trus tiba tiba ikan muncul ,mana banyak bgt ,ada yg 2 dan sampai 3 iklan ,jujur aku kecewa si krna ga segampang dulu klo mau nyetel musik 🙂",2,negatif
suka aja pakai Spotify,5,positif
tolong kurangi iklan nya dan hilang kan premium nya,1,negatif
"banyak iklan, dan kalo dpt musik yg peremium kadang ngak bisa di putar 😭 tpi seru sih karna bisa salin lagu yg di suka dri apk toktok",3,netral
GATA ONLY,5,positif
"pls jgn memaksakan org buat premium yH siyal, nyetel 1 lagu IKLANNYA 4 KALI JIR BAYANGIN UDA MAH IKLANNYA BUA PEMAKSAAN SPOTIFY PREMIUM JIRR GUA... GAMAU... PREMIUM... STOP... mau pilih lagu aja harus prem fak",2,negatif
bagus,5,positif
sangat bagus,5,positif
aplikasinya sangat bagus saya suka,5,positif
nice,4,positif
"iklan mulu woi, baru 3 lagu tapi iklannya udah 5 biji. mana skrg milih lagu dibatesin, kikir amat ni aplikasi",1,negatif
"terlalu banyak iklan, Spotify lapar, kurangi iklan nya!!",1,negatif
el kikir,1,negatif
Enak nyaman di pakai 🤩,5,positif
amazing,5,positif
spotify: Music d... Beri rating aplikasi ini,5,positif
lebih sering dengerin iklan dari pada musik,1,negatif
lopyu Spotify,5,positif
aku suka banget spotiy premium,5,positif
KEBANYAKAN IKLAN,2,negatif
aplikasi nya bgs,3,netral
"udah banyak iklan, mau pilih lagu aja ga bisa",1,negatif
iklannya kebanyakan jir,1,negatif
Sangat suka dengan Spotify yang bisa menemani belajar ku dengan musik musik yang menenangkan hati dan pikiran 😁😊👍🏻👍🏻,5,positif
apk yang bagus banget,5,positif
gatau knp,1,negatif
makin pelit sekarang muter lagu ada limit nya Segala jarang ada iklan tapi apk nya pelit musik mau diputar aja kena limit baru berapa lgu,3,netral
bagus saya suka saya juga sekarang jadi hapal lagu favorite saya gara gara spotify,5,positif
bagus banget pokok nya suka poll,5,positif
bagus banget buat dengerin lagu favorit aku aku suka banget,5,positif
sangat mirip suaranya dengan orang yg asli,5,positif
blok aplikasi kikir harus premium untuk pilih lagu dlu ga sekikir ini dah,1,negatif
"kikir anj masa habis 4 iklan play 1 lagu habis itu 4 iklan lagi,ini suruh dengerin lagu apa iklan sih",2,negatif
bagus,5,positif
app terkikir abad ini,1,negatif
aplikasi ini sangat bagus untuk mendengarkan musik!,5,positif
udah gabisa milih lagu iklannya 4 lagi,1,negatif
"eh mpruy iya gw tau lu mau duit tp gsh kikir jg, cuma sekali pilih lagu dari playlist tbtb udah dipalakin suruh premium, bisa pilih lagi pas seharian full ga pake spotify kan gaje ih",3,netral
"Aplikasi dengar musik❌️ Aplikasi dengar iklan✅️ Sangat tidak direkomendasikan, masih banyak apk musik yg jauh lebih bagus tanpa banyak iklan",1,negatif
apaan udh topup lebih dari harga tawaran nya masih dibilang saldo tidak cukup👎🏻👎🏻👎🏻,1,negatif
pokoknya jos jis tenan👍,5,positif
bagus keren,5,positif
ini lagunya bayar ya kok gak bisa denger lagu tapi enggak papa karena lagunya enak,4,positif
"aplikasi kont, okelah iklan 1 menit asal bisa putar lagu yang banyak, gw baru muter 5× udah kena limit, dlu gw udh pernah langganan karena layana dan lainnya oke, sekarang ampas jadi gw ga bakal langganan lagi",1,negatif
iklan lu noh 4,1,negatif
no coment,4,positif
"kirkir bet anj, pilih lagu aja harus premium belum lagi iklannya 5 trus misal milih lagu ga sesuai yg dipilih karna ga premium",1,negatif
dikit dikit iklan dikit dikit bayar ngga asik ah,1,negatif
"aplikasi sangat bagus dan simpel, tapi kalau bisa kurangi iklannya, saya tau kalau premium iklannya akan hilang tapi tolong dikurangi jadi 1-2 iklan saja jangan 3",5,positif
mantap,5,positif
iklan nya jauh lebih banyak drpd lagunya.,1,negatif
"sekarang dikit dikit iklan, kek maksa banget harus premium gitu..",1,negatif
seru tepi nggak bisa terinstal 😞😞,5,positif
seru aja udah ya seru😘😘😹,5,positif
єηαк ∂ι∂єηgαя,5,positif
"makin pelit, masa milih lagu aja harus premium, sebelumnya aja ada limut milih lagu udah termasuk pelit banget, eh malah sekarang gaada limit langsung disuruh premium. jujur kecewa berat sih, udah paling bener di boikot saja",1,negatif
"iklan nya kalo bisa lebih banyak lagi,10 iklan sekali puter skalian..nanggung amat",3,netral
aplikasinya bagus enak di denger nya,5,positif
bagus,5,positif
aplah iklan udh 4 kali trs suruh premium lagi aplikasi hama,1,negatif
dipaksa berbayar ke premium auto uninstall byeee,1,negatif
2 lagu 1 iklan,1,negatif
"Pengguna free semakin dibatasi, mau milih lagu aja gabisa, jadi kepilihnya acak",1,negatif
kikir amat Udah Bikin Playlist malah ada Lagu YANG DIREKOMENDASIKAN MEMANG YG DIREKOMENDASIKAN BAGUS TAPI SAYA INGIN MENDENGARKAN HANYA DI PLAYLIST TERSEBUT SAYA TERPAKSA MEMBERI BINTANG 0 KARNA PLAY STORE KASIAN ADA APLIKASI ATAU GAME YANG MENDAPATKAN BINTANG 0 MAU CARI PENGGANTI SPOTIFY YG AMAT SANGAT KIKIR INI TAPI GA ADA YG SEBAGUS APLIKASI KIKIR INI.,1,negatif
di suruh bayar,1,negatif
bener' bisa dipakai dikondisi apapun,5,positif
bagus babget,5,positif
bagus banget bisa dengerin lagu,5,positif
"iklannya makin banyak bgt, dulu msh 1/2 durasi sebentar masih oke, tp skrng bisa sampe 4-5 seakan"" maksa harus premium",3,netral
iklan gak ngotan 4 biji tiap 2 lagu,2,negatif
musik kesukaaan dan kenangan ada d sini,5,positif
appnya punya semua lagu ini keren banget auto bintang limalah🖐🖐,5,positif
"akhir-akhir ini Spotify suka ngelag gitu..lagu nya keputar tapi suaranya ga keluar..dikira jaringan tapi sejauh ini jaringan aman"" aja",2,negatif
banyak lagu saya suka jadi aku reting 4/5,4,positif
KENAPA PLAYLIST AING GA MUNCUL DI ORG LAEN?,1,negatif
"bagus,lagunya update",5,positif
"pe maksud gw beli premium kok ga masuk eek,dana gw habis tp premium nya tetap gak ada fanteks",1,negatif
"iklannya makin ga ngotak!! masa ia iklan smpe 5x, sdh dengerin iklannya pas muter baru 1 lagu mncul lg 3x iklan, bkin risihh.",1,negatif
aku suka cerita horor nya naightmir said,5,positif
bagus bgtt,5,positif
best music player,5,positif
"My life literally has a soundtrack thanks to this app. The ""Discover Weekly"" and ""Daily Mix"" playlists are so eerily accurate to my mood—it’s like the app has a soul. The UI is gorgeous, especially with the Canvas videos playing behind the songs. I love the seamless ""Handoff"" feature; I can start a song on my phone and it instantly picks up on my laptop or speakers. It’s the gold standard for music streaming, and the podcast selection is absolutely top-tier.",5,positif
"gua pengguna lama Spotify, tp lama lama ni iklan ngelunjak jg anjg. lu kikir bgt anjg.. iklan ga cuma 1x, 4x. ini gua dpt iklan 9x anjg, pdhl gua mau brngkt sekolah, tp ga mood gara gara ni iklan memekkkk. lu kikir bgtt anjgg, klo bisa di total ni iklan.. kayanya punya gua lebih dari 10 deh, kata gua mah mending uninstall dah Spotify lu pada. ganti apk yg lebih worth it dri pada ni Spotify, ya gua tau lu famous bgt. tp untuk sekedar Prem dgn harga yg hampir 100k??? mending gua pake buat makan..",1,negatif
"kikir level max, saya cuma mau ganti lagu secara manual aja harus ke premium, kikirrrtrrrrrr, gabakal ku download lagi kecuali udah gak maksa premium",1,negatif
Tidak dapat berhenti berlangganan premium. Tidak ada petunjuk tidak ada fasilitas/fitur untuk pembatalan/berhenti paket premium.,2,negatif
kurang suka sama iklan,5,positif
mantappp👍,5,positif
"gratis, tis,, tisss",5,positif
"mau cerita, gw dlu lagi dengerin lagu kids by hindia pas di bagian ""andai kamu ada selamanya"" bapak gw masuk ke kamar terus bilang nenek meninggal",5,positif
yh gitu..sering galau,5,positif
ksih 2 dlu baru nyoba...🙏🙏,2,negatif
Kebanyakan Iklan mana iklan nya 4 lagi tidak si sarankan untuk download,1,negatif
sukaa tapi kadang tiba tiba offline pdhl lagi on,4,positif
"kok punya saya ga bisa muncul lirik nya yaaa, sudah saya coba berkali-kali tetep ga muncul-muncuk liriknya",3,netral
bagus cok untuk ngocot,5,positif
kikir tai,4,positif
bagus,5,positif
kebanyakan iklan,1,negatif
sangat bagus apa lagi klo premium enak banget,5,positif
"ini aplikasi yang bagus apalagi bisa ngedengerin banyak lagu, memang kalu sudah menjadi pengguna lama pasti disuruh premium menurutku sih itu wajar, karna ya mana mungkin lu mau ngedengerin semua lagu gratis njir dan ada yang bilang ini apl serakah bro kalo lu gamau di paksa premium lu tonton tuh di yt gini masih mending lu ngedengerin lagu gak ngabisin kouta karna penggunaan kouta yang sikit",5,positif
👍👍👍🥰🥰🥰,5,positif
"stlh update ga bisa pilih lagu pertama yg mau diputer di koleksiku.. dulu mah bisa.. iklannya juga jd tambah sering.. baru 1 lagu udh iklan 3x.. puter 3 lagu iklan lagi 3x.. GPP sih.. tapi tolong volume iklannya dikecilin dong, pas muter lagu suaranya kecil.. giliran iklannya kok menggelegar jadi bikin kagett.. apalagi aku selalu gunain sebagai pengantar tidur..",3,netral
pelit,2,negatif
mantap,5,positif
enjjoy bintit,5,positif
pas mau mencen lagu nya harus bayar dulu kalau mau milih sendiri ya padahal dulu gak bayar kalau mau pilih sendiri😔,1,negatif
"gajelas, mutar lagu santai yang soft next lagu nya malah heboh harusnya kan menyesuaikan",1,negatif
masa pilih lagu doang harus premium heuft,1,negatif
bagus,5,positif
apk kikir kntl,1,negatif
"apk anj, boikot ini apk, kebanyakan iklan",1,negatif
seru,5,positif
jossss,5,positif
bagus keren banget,5,positif
enak,5,positif
makin lama makin kikir aja kutengok tengok ya,4,positif
"tiap 1 music ada iklan, tolong lah iklan nya dikurangin",1,negatif
"baru aja play 1 lagu langsung iklan 4kali, terus play lagi 1 lagu iklan 4kali lagi apk jelek jangan di donlod",1,negatif
coba kalo bilang buat nonton iklan buat donlot itu haru jadi ya,5,positif
"bagus sih apk nya, cuma tiba tidak ba aja iklan yang awalnya cuma 1/2 iklan malah jadi 4 iklan. udah bosen iklannya banyak, kadang iklannya ""1 domba 2 domba"" udah muak, tolong hapus aja iklan nya. biar dengerin lagunya makin enak gitu ga ke ganggu iklan.",4,positif
"Saya bisa di bilang pengguna lumayan lama, tapi lama-lama di paksa suruh premium. iklannya ngakmasuk akal sampai 4x per satu lagu.",1,negatif
Bagus banget aku bisa setelin lagu - lagu Disney senang banget 😃😃😃😃😃😃😃😃,5,positif
kikir parah,1,negatif
aplikasi enak di dengar,5,positif
seru,5,positif
good🫰,5,positif
bagus,5,positif
bagus tapi hapus yang iklan,5,positif
keren banget euy main game sambil dengerin musik kesukaan jadi kayak ru ok😈😈 dan gw kasih ★★★★ karna pas lagi main sambil berak malem malem iklan nya serem jir,4,positif
favorite andalan gue,5,positif
"temen aku waktu mandi,beres²,nangis karna ada masalah , belajar dll makasi sportify pokonya apk yg berguna",5,positif
0Ke,5,positif
bagusssssss,5,positif
good,5,positif
Aplikasi yang cukup bagus untuk kita kita khususnya yang tinggal di kampung,5,positif
ini aplikasi musik apa aplikasi iklan si banyak banget iklannya. gak bisa di skip pula,1,negatif
Udah bisa batalin langganan lumayan lah devnya fash respon,5,positif
iklan nya ga ngotak pas dulu masih suka karna iklan nya cuman 1 kalo ga 2 sekarang malah 4 trus iklan nya itu itu terus tolong dong perbaiki walaupun harus premium tapi ga se banyak itu iklan ke orang yang make gratis,1,negatif
"setelah update buat milih lagu aja harus premium, mana iklannya makin gak ngotak juga",1,negatif
muasantab. Joss..👍👍👍,5,positif
lagunya lengkap aplikasinya juga bagus tapi kadang banyak iklan sih tapi tetap bagus kok,5,positif
banyak dj,5,positif
kikir banget jir,3,netral
bgus,5,positif
suka sih tapi banyak banget iklan nya terus mb nya tolong di kurangi,4,positif
iklan nya banyak bgt jelek,1,negatif
bagus simpel enak mendengarnya,5,positif
iklan nya byk bgt njir mana bkin bosen semua,1,negatif
mantap,5,positif
"kalau buat ads tuh yang bener, gausah raigbait",1,negatif
"nothing, just because you suppord criminals",1,negatif
iklan makin bertambah,1,negatif
ck no PLO ya rabbal di rumah itu pintu,1,negatif
gw pengguna lama spotify sebenernya gk masalah disuruh denger iklan tapi kenapa sekarang dipaksa banget harus premium jadi gak enak pake aplikasinya,1,negatif
APLIKASI KIKIR,1,negatif
kikir,1,negatif
"sebelumnya bisa dengar lagu yang dipilih, tapi ada batasan setiap hari. Sekarang sudah dishuffle, gak bisa pilih lagu",1,negatif
enak,5,positif
oke baik,5,positif
mantap,5,positif
sangat bagus dan berkualitas suaranya,5,positif
"sekarang iklannya sampai 4 kali, di paksa banget harus premium. maaf aku cari aplikasi lain aja",1,negatif
"IKLAN AJA TERUS, cape banget ngedengerinnya ☺️",1,negatif
waduh makin lama makin banyak iklannya,2,negatif
"haii developer Spotify, ini kenapa ya sekarang Spotify semakin kikir, semua kayak di batasi dan iklannya juga sekarang banyak sekali. saran aku, Spotify jangan kikir-kikir. NANTI AKU BOIKOT YA LU ANJ",1,negatif
Komandan Muda Terbaik Memang Komiu knj,5,positif
pertahankan,4,positif
mantep,5,positif
aplikasi terlalu memaksa untuk beralih kepremium,1,negatif
banyak bat iklan nya jir,4,positif
"mabok premium, kikir",1,negatif
"cara buat ga berlangganan gimana ya? aku ga mau premiumin spotify tapi kebayar sendiri, apa bisa di refund?",1,negatif
aku suka aplikasinya,5,positif
Very good thanks,5,positif
"aplikasi menjijikan iklan nya 4 milih lagu cuma dikit,dulu ngga gini skrgg karna udh laku jadi super kikir",1,negatif
semua lagu enak dan nyaman di dengar,5,positif
bagus banget ✨,5,positif
mencoba jadi kreatif membatasi fitur sebanyak mungkin untuk jualan premium -_-,3,netral
dikit dikit iklan dikit dikit premium apk jelek,1,negatif
ess love you,5,positif
"bohong klo ada yang bilang aplikasi ini ngk bagus ,,,klo Lo ngk mau iklan ya ubah ke premium,,akun ada ingat sandi ,,,play list andalan tetap ada ,,,,terbaik",5,positif
iklan terlalu banyak,1,negatif
masih banyak banget ikalan nya kata ny peremium tapi tidak peremium,1,negatif
kebanyakam iklan,1,negatif
seru banget lah pokoknya,5,positif
hilang rispek sama ni aplikasi makin kesini makin banyak banget iklan semoga sadar diri bahwa ga gitu juga caranya mendapatkan keuntungan dengan menampilkan iklan yang lama.,1,negatif
APLIKASI KIKIRRRR NAJIS KEBELET HAJI,1,negatif
"sekarang pemilihan lagunya terbatas, jadi gabisa buat pilih lagu banyak lagi, dan mohon untuk iklan jangan sampai iklan 4 kali dan durasi iklan juga ga sebentar, ada yang 30 detik sampe-sampe 1 menit",1,negatif
"pilih lagu aja harus premium, kikir bgt!",1,negatif
ini keren banget sih,5,positif
"Saya mulai meninggalkan aplikasi ini karena semakin kikir. Iklan saya sekarang sudah 4 (mencapai 1 menit lebih), besok-besok berapa? 10? Saya sudah mulai beralih ke aplikasi lain yang meskipun ada iklan tapi lagunya tetap terputar dan bebas pilih lagu.",1,negatif
gk bagusss,1,negatif
peduli?,5,positif
lama lama disuruh untuk premium,1,negatif
bad application,1,negatif
makin hari makin premiumin aja semuanya anj,1,negatif
gila iklan nya ada empat maruk bgt kaya 🧃,1,negatif
bagusss jadi inget sama diaaaaa,5,positif
bisa bisanya dipaksa pake premium jadinya mau gak mau gk bisa pilih lagu yg kita mau dan harus premium kalo mau pilih lagu yg mau didengerin,1,negatif
pelit fyy,1,negatif
apk inii sungguh bagus karna menampilkan lirik untuk yg tida hafal lagu nya,5,positif
"balikin limit free harian kita, ga semua orang mau bayar aplikasi kikir ini",1,negatif
IKLAN LU DI YT GANGGU BANGET!,1,negatif
"gasuka iklannya, lagi sedih tiba tiba ada iklan. jadi malu ama diri sendiri😅.",3,netral
lu mau maksa gw sampe kapan pun untuk beli prem gw ga akan prem walaupun lu maksa terus sampe klik lagu yang lagi gw pengen aja HARUS PREM lu yang bener aja lah,1,negatif
aku suka dengan apk ini,3,netral
"aplikasi bukan buat dengar lagu tapi buat denger iklan aja ini, baru tidak bisa di skip lagi sampai 4 iklan loh terlalu lah juga auto langsung uninstall",1,negatif
makin hari makin kikir njir ni aplikasi.,1,negatif
aplikasi kikir,1,negatif
"enak banget cok pake ini, misalnya lagi chattan sambil dengerin lagu, beuhhhh",5,positif
"aku sangat suka aplikasi ini, berguna dengerin lagu lagi belajar/sedang melakukan aktifitas 😍",5,positif
"why did app makin kikir yahh, I like dis app actually karena sering puter musik pake app ini. But now the dis app very force to me pay premium 😞, I'm fine with the adds but not by choosing my own songs to listen to 😭",1,negatif
apk kikir,1,negatif
bagus,5,positif
"apk kikir dan pelit, masa mau putar lagu yg kita mau gak bisa, setiap search lagu mau di putar malah lagu yang lain yaang diputar, lagu yg kita mau gak bisa di putar, harus premium dulu, udah lah iklannya gak ngotak banyaknya, baru putar 1 lagu iklannya banyak bgt durasi panjang2, jadi males pake ini apk, awalnya mau beli yg premium biar lebih enak, ehhh malah begini jadinya ku uninstall.",3,netral
bagus banget nih aplikasi,5,positif
agak di kurang kurangi iklan nya,5,positif
kikir sekalian aja apk nya di buat berbayar,1,negatif
bagus banget,5,positif
aplikasi favorit,5,positif
sukaaa,5,positif
bgus bgtt sih ini mah wkwkwk buat aku yg slalu dngerin musik dlu sih ak klo mau dngerin lgu kyk vocaloid genshin itu di YouTube atau di tiktok sih tpi smenjak tau spotify YouTube ama tiktok dh kgk kepakek lgi buat dnger lgu aplgi klo dicomboin pke headset wahh amazing tpi ni apk agk anzing sih tpi bgus kok,5,positif
kikir,1,negatif
aplikasi ny bagus cuma iklan ny terlalu banyak,4,positif
njir makin kapitalis,1,negatif
Aplikasi yang bagus untuk menikmati lagu yang kita inginkan apalagi kalo di permukaan kita jadi lebih mudah untuk menikmati lagu apapun tanpa internet dan bisa kita dengarkan di mana pun,5,positif
"Gbisa setel lagu secara berurutan, percuma beli premium. semuanya harus berlangganan? mau pergi haji lu",1,negatif
"jujurr ya, spotify sekarang itu banyak iklan 1 sampe 4 gitu, apalagi kan kalo misal pengguna ga premium gitu , yang paaling males gitu , cuma aplikasinya bagus buat dengerin lagu, cuma kurang i iklan laa yaa masa makin lamaa makin makin 🤓",4,positif
bagus bgt ti saja saran dari saya🥰,4,positif
"pilih musik di batasi, maksa bet emg harus ke premium",1,negatif
bagussssss,5,positif
mantap,5,positif
"iklan nya makin banyak aja ya, hebat hebat",3,netral
"makin kikir aja ini apk woi, ngotak dikit lah",1,negatif
"lklannya dikurangin please terlalu mangganggu untuk mendengarkan lagu saat belajar, tidur, dll. kalau 1 atau 2 iklan setelah 4/3 lagu gakpapa, lah ini lagu keputar cuman 1/2 eh iklannya malah 4/3/2 kan sangat mengganggu",1,negatif
kbnykn iklan nih afk,1,negatif
terlalu serakah tidak baik kisanak,1,negatif
"kikir banget heran, padahal udah nyaman tb tb 4 iklan gabisa lg milih lagu buat diputar kocakk😹😹😹",1,negatif
keren deh pokoknya,5,positif
"ini berbayar,juga agak kesel banget sama fasilitasnya tidak falis",4,positif
sangat seru,4,positif
"emang dasarnya yahudi. makin kikir aja sekarang jadi ga bisa milih lagu, mana sekali iklan 4 lagi. tolong dong jangan terlalu diiniin, jangan terlalu maksa buat premium. beli spotify premium = kalah. ayo guys #fixspotify",1,negatif
"buat pihak gratis an mau milih lagu yang disuka aja make limit, emang parah banget developer. mana iklan bisa lewat setiap 2 lagu. [edit] udah gaada puter lagu gratis skrg🤣",1,negatif
Pelangan lame kecaw disuruh premium. walau ada seng upgrade ke premium,1,negatif
"brengsek ah, aku baru banget ya memperbarui langganan tanggal 20 kemarin, ini aku top up malah kesedot lagi. gimana sih? apk ga jelas.",1,negatif
ini spotify ngebug apa gimana sihh??? masa signyal bagus pas msuk ke apk ny malah ofline jadi ny??,1,negatif
cocok sambil mengerjakan tugas kuliah,5,positif
apk paling kikir sedunia,1,negatif
"makin kikir ni apk, gamasuk akalll. iklan 3 kali mah masi di wajarin, 4 kurang ajar, lah ini 5 anjg? gua mw denger lagu bukan iklan. mana bikin pusing lgi iklannya. gmna si apk besar jdi kikir? mw bangkrut kh?",1,negatif
aplikasi kikir,1,negatif
"asik,nyantai 👍👍",5,positif
"sekarang saya sudah berhenti menggunakan Spotify untuk mendengarkan musik, dulu saya tidak apa-apa jika harus mendengarkan iklan tetapi lama kelamaan kok makin banyak iklan bahkan sampai 4x, saya adalah pengguna Spotify sejak lama tetapi sekarang saya sangat risih dengan iklan Spotify. 🫸🫸👎👎👎👎👎👎",1,negatif
"paan bngt dah baru dengerin lagu udah dikasih 5 iklan?bosen,mana itu Mulu iklannya,""1 domba...2 domba..3 domba..""""hai aku ...."" lu bayangin kita baru dengerin lagu bener bener 1 lagu kita dengerin langsung dikasih 5 iklan??orang mah nambah album ini nambah iklan,iklan itu itu Mulu,orang mah kalo mau 5 iklan minimal keluar sebulan sekali,bukan setiap hari,sekali ngeklik lagu yg kita mau malah premium,kebelet haji?apa gimana?bored.",1,negatif
bagus banget tks,5,positif
gajelas nih udah gadibuka 2 minggu mau ngeplay satu lagu langsung disuruh premium???,1,negatif
"makin hari makin pelit, g suka",1,negatif
Perfect,5,positif
"udh makin sepi, malah makin kikir wkwkwk",1,negatif
"apa apaan any, iklan nya makin bnyk NgeT## ,asalnya 2-3 jadi 4 babgkhew😠😹, lol apk, ga sekalian aja download nya juga harus nonton iklan, dikit"" iklan ngEtd😹😹",1,negatif
pokoknya keren recommended bgt buat pecinta musik,5,positif
bagus,5,positif
kikir banget apa apa harus premium sekalian aja login harus premium,1,negatif
"iklan ga ngotak, kelamaan nunggu iklan daripada denger lagu. Aplikasi ampas",1,negatif
"me sbgi pengguna lama agak kecewa karna makin bnyk fitu yang harus di premium kan seperti skip lagu, pilih lagu. DAN BAHKAN 4 IKLAN PDHL BARU DENGERIN 2 LAGU??? WHATT??",2,negatif
terlalu banyak iklan,4,positif
Gokilll🚀🚀,5,positif
kebanyakan iklan kon*ol,1,negatif
"keseringan muncul iklan, ngerusak selera org dengarin Musik aja, aplikasi sampah",1,negatif
Lagunya komplit,5,positif
aplikasi maksa banget buat pke perimium jadi ga bisa dengerin lagu hrus beli perimium bru bisa dengerin lagu,1,negatif
lagu yg berjudul firasat membuat saya dejavu,5,positif
apk yang lumayan,5,positif
"kikirr lhu min kebelet umroh kah?? iklan bejubun ga kelar² 1 domba 2 domba 3 domba apalah, hadeh ga betah gua di apk ini saran apk selain Spotify min😹😹",1,negatif
"Helo Spotify, kenapa saya tidak bisa lagi melihat jumlah streaming tiap lagu dari penyanyi yg saya ikuti? apa sudah tidak bisa dimunculkan lagi? kenapa jumlah pendengar bulanan saja yg bisa dibaca publik?",4,positif
seru baget dengerin musik di spotif ini apa lagi kalau lagi siap² atau ngerjain tugas👍👍👍👍,4,positif
kikir kikir sekali make langsung iklan emang sih gw cuma butuh ketenangan min walaupun bagus tapi tetap aja kikir 😹😹 udah itu aja di perbanyak aja iklan nya jangan DIKIT OKE MAAF,4,positif
bagus saya sangat suka aplikasi ini banyak varian lagu yang bagus,5,positif
kerenlah pokoknya lagu nya juga enak-enak tapi kalo di aku bukan Indonesia lagunya tapi China 😭😭🙏🏻,5,positif
"pilih lagu harus langganan dahulu gak seperti dulu , aplikasi jelek sekarang",1,negatif
"mantap,memuaskan",5,positif
I really enjoy using Sporty because I can play music from artists I like.,5,positif
bagus aplikasinya tapi toling kurangin iklannya,5,positif
soalnya premium semua,1,negatif
"Ya gua tau punya gua ga premium tp tolong dibatesin iklannya yg dulu ada 2 skrg malah 3, minimal klo mau nyari duit tau diri aja ini malah nambahin iklan, gunanya buat apaan?",1,negatif
beuh banyak jir lagu nya dan ada yg kesukaan gua🗿👌,5,positif
banyak iklannya njer,1,negatif
sangat suka,5,positif
sangat bagus banget ini gays,5,positif
"nggak tau mau bilang apa, nilai yang menjelaskan",5,positif
🤍🤍🥰,5,positif
"tolong balikin uang aku yg berlangganan Spotify premium, aku udh berhenti dan saldo aku tb tb kepotong tanpa persetujuan aku, tolong balikin, saya gamau berlangganan lagi balikin uang saya",1,negatif
"kikir banget, gapapa lah kalo iklan bejibun tapi masa milih lagu harus disuruh premium sih? dipaksain banget buat make premium.",2,negatif
apk kikir milih lagu aja dsuru premium,1,negatif
"musiknya enak bangett, tapi cuma jangan kebanyakan fitur yang premium sih, soalnya... meski off aku juga mau denger musik :(",5,positif
ga ngotak banget iklannya,1,negatif
spotijing kikir sekarang ga bisa milih lagu 😂,1,negatif
"GILAK SPOTIFY GILAK, MAU GANTI LAGU AJA HARUS PREMIUM, KEBELET HAJI KAH?",1,negatif
bagus,5,positif
enak bis ngedengerin slank,5,positif
saran ku adalah beri lirik pada lagu yang sedang di putar,5,positif
pelit bgt gabisa pilih lagu lagi di paksa premium dulu padahal ngga kaya gini,1,negatif
berasa di dalam mobil mantap,5,positif
kenapa ya spotify sekarang itu prium harus di bayar dulu apa apa gratis sekarang kok pas mau denger lagu apa yg aku suka gak bisa 😒😒,3,netral
sangat enak membayarnya sangat murah dan sangat simpel memasukangnya,5,positif
saya sudah lama memakai apk ini tapi lama kelamaan semua premium milih dan lihat lagi pun sudah premium semua jadi kami pengguna apk sudah malah memakai apk ini untuk mendengarkan lagu,1,negatif
baguss,5,positif
good jobb...,5,positif
lwguyah mana tapa buat sad,5,positif
suka bangettt,5,positif
Aplikasi ini lumayan menarik untuk mendengarkan playlist lagu yang kita inginkan seperti gendre romans and galau respect,5,positif
"mangkin sering di gunakan mangkin gak beres aplikasinya , aplikasi taik bagusan gunakan you tube ..",1,negatif
keren aplikasi nya,5,positif
dikit dikit harus premium huh dasar apk pengen cepet kaya,1,negatif
"give me mode pesan woi, gak punya gua jierr tapi still like you Spotify.",4,positif
"sangat bagus sekali, pokonya mantep kalian jangan ragu buat download karna ini rekomendasi bangetttttt",5,positif
ok,5,positif
"aplikasi pelit, kere, maksa maksa disuruh premium sampe sampe sekarang milih lagu aja harus premium. yakin kalo ada pesaing yang gratis aplikasi ini bakal sepi",1,negatif
lu pikir bikin iklan sebanyak air di laut bakal bikin gw beli premium? cih jangan harap,1,negatif
kikir,1,negatif
kikir,1,negatif
Listening musics everywhere I want,5,positif
baguss,5,positif
kikir,1,negatif
overall bagus,5,positif
enak banget,5,positif
lagunya mantep',5,positif
sangat baguss🤩🤩🤩🤩🤩🤩🤩🤩🤩🤩🤩🤩🤩🤩🤩🤩🤩🤩🤩🤩🤩🤩,5,positif
"saya sangat suka aplikasi ini, sangat bagus cook untuk mendengar kan lagu, tapi sayang nya sayang masih di bawah umur, dan tidak bisa membeli premium😓",5,positif
"wkwkwk Spotify makin lama kikir, dipaksa beli prem, iklan 4× gak masala, tapi ini ganti lagu sendiri sblum musik habis kok ya harus prem, sblm nya kan engga, parah bet emg bu kali ni apk",5,positif
musik nya enak du dengar,5,positif
"GAJELASS IKLAN 4 KEK MISKIN BANGET IKLAN DI BANYAKIN, GA AKAN GUA PAKE LAGI NI APK",1,negatif
boikottttt jangan mau download,1,negatif
app nya bagus tapi 1 masalah nya banyak iklan sampai 4x,3,netral
bagus bngt.,5,positif
"kurang puas dengan yang di bayarkan untuk di harga segin sangat mahal musik tidak lengkap dan di app lain sudah memberikan kualitas audio lossless di harga yang lebih terjangkau, Spotify payah membosankan lagu lagu tidak lengkap harga mahal dengan kualitas audio yang di berikan ini terakhir kali nya saya berlangganan dan tidak akan kembali beralangan terimakasih.",1,negatif
sangat enak,5,positif
bagus lagunya tidak putus putuss🤩🤩,5,positif
"harus bayar padahal yang minat banyak ,",1,negatif
emang bener gw memang paling nyaman di sportify,5,positif
menurutku bagus cuma.. itu ada iklan loh ganggu,3,netral
aku suka dengan lagu nya,4,positif
keren.,5,positif
"ni apk makin lama makin gila, gw mau milih lagu sendiri di paksa premium, jadi otomatis kepilih sendiri. iklan nya juga makin gak ngotak,sampe 4/5 iklan yg muncul",1,negatif
sangat menyukain semua lagu,5,positif
jadi bisa belajar nyanyi,5,positif
"apk nya kikir, ngotot minta premium dulu mana harga nya kikir lagi",1,negatif
good,5,positif
cocok,4,positif
bagus aku suka sekali sampai sampai ketiduran🤭,5,positif
bagus banget aplikasi nya 👍,1,negatif
bagus cok,5,positif
kehancuran spotify,1,negatif
"iklan apaan smpe 4 gitu, itu iklan atau member blackpink",1,negatif
mau milih lagu sendiri ko bayar si,1,negatif
Adalah pokok ny,5,positif
"aku suka, tapi kenapa ya gabisa disetel trs?",5,positif
suara music bagus,5,positif
kebanyakan iklan,1,negatif
bagus lagunya juga lengkap,5,positif
asik asik lagu nya walau gak semua ada tapi lagu spotify premium ganggu,3,netral
bagus,5,positif
makin lama makin kikir yahh,1,negatif
keren,5,positif
boikot spotify✊️,5,positif
bagus bangetttt,5,positif
"The best lah buat dengerin music aku udh pake selama bertahun"" wkwkw",5,positif
tambah kikir dengerin lagu beberapa kali aja bayar,1,negatif
saya sangat senang karena bisa mendengarkan semua lagu,5,positif
apasih makin kesini makin kikir mau milih lagu buat di play aja harus banget premium?!,1,negatif
"sekarang tuh entah kenapa aku padahal ada kouta udah ku nyalain, udah ku cek masih ada kouta nya, dah iu reinstall tapi masih aja kalo pake data gak bisa malah bilang nya aku offline, kesel banget padahal setiap pulang sekolah aku sering dengerin musik tapi sekarang dah gak bisa karena itu, padahal aku nonton youtube Buka tiktok buka apapun yang online itu bisa tapi kenapa spotify gak bisa bingung dan bikin kesel deh hm.",3,netral
jelek cuh,1,negatif
bagus kali,5,positif
Oky la,5,positif
bagus tapi ku saranin iklan untuk yang gratisan mohon di kurangi.,5,positif
bagus buat santai santai,5,positif
aplikasi apaan masa 2 lagu iklan 2 lagu iklan🙂‍↕️,1,negatif
bagus,3,netral
bgus,3,netral
Muak iklanya banyak banget Uninstal saja !,1,negatif
tiap bulan update..boros,1,negatif
"enak buat dengerin lagu, full lagi bisa buat playlist yang kita suka di beberapa lagu ada yang gak ada lirik dan harus pakai pulsa atau Wi-Fi",5,positif
lagu mantep,5,positif
kenapa sekarang kalau mau pilih lagu harus premium dulu?,1,negatif
"bagusss, minus banyak iklannya. tapi gapapaa",5,positif
👍,5,positif
bagus banget sumpah,5,positif
sangat bagusss👍🏻👍🏻,5,positif
bagus banget 😎😎😎😎😎😎😎,5,positif
masa mau di nyalain sambil main game ga bisa najis,1,negatif
makin lama makin kikir🤮,1,negatif
bagus,5,positif
mantap,5,positif
iklan nya tolong kurangi... Terima kasih,4,positif
aneh tidak bisa main sambil lagu,1,negatif
suka banget pokoknya kalo pake Spotify🥰,5,positif
KEBANYAKAN IKLAN!!!!,1,negatif
iklanya lama,1,negatif
ngga ngabisin memorii sihh,5,positif
kalo maksa premium ngotak dikit lah,1,negatif
"apalah milih lagu aja suruh bayar, klo gitu gk guna dong playlist gw",1,negatif
1 lagu 1 iklan ihh 🙁,3,netral
spotify memang tiada dua nya mantap,5,positif
iklan nya kurang banyak,1,negatif
"makin hari iklannya ga kira kira, baru 1/2 lagu iklan langsung muncul 3x, skrg bisa hampir 4x. dan harga premium/bulan terlalu over menurut saya, dan jarang dapet diskon lagi",3,netral
APLIKASI KIKIR ANJ,1,negatif
Masa iya harus dengerin banyak banget lagu baru dengerin lagu yang akumau,1,negatif
Sangat berguna apa lagi pas lagi sad wkwwkkw canda,5,positif
banyak iklan,1,negatif
kikir kali ni aplikasi milih lagu aja suruh premium padahal dulu engga,1,negatif
kalo mau denger lagu yang mau gw denger aja harus bayar apa gunanya aplikasi ini,1,negatif
Spotify sangat keren,5,positif
kenapa sekarang udah gaada spotify duo lagi?,2,negatif
iklan gila gilaaan dah,1,negatif
sangat bagus dengan tidak ada iklan,5,positif
mantap enak buat gua tidur,5,positif
"apk kikir, maksa buat premium banget nih aplikasi, sekarang emang gaboleh milih lagu sesuai yg kita mau ya?",2,negatif
"parah banget sekarang kalau ga premium iklannya 4-5 kali mana ga bisa dipindahin kudu sampe habis iklannya, sekarang pengguna seolah-olah disuruh atau lebih tepatnya DIPAKSA buat premium. saya sebagai pengguna app ini udah lama jadi nyesek liatnya mau pindah app tapi agak gimana ya udah terlanjur nyaman pake spotify, tapi semenjak banyak iklannya dan disuruh premium mulu jadi mikir lagi😓😓, mana harga premiumnya kurang ramah dikantong pelajar seperti saya",2,negatif
"lama"" makin kikir ni apk dah, kayak orang cina aje",1,negatif
tambahkan fitur alarm dengan pilihan lagu yang bisa dipilih,5,positif
iya iya tau gw muterin lagu loe gratis tapi iklan nya ga harus sampe 4kli min plis🙄,1,negatif
mantap,5,positif
"tolong lah beri kami sebuah kebebasan bagi pengguna gratis, tolong beri kami sebuah kebebasan untuk memilih lagu sendiri seperti dulu, sekarang lama lama tidak nyaman dengan ketentuan spotify terbaru ini, yaitu tidak boleh memilih lagu dengan sesuka hati, tolong kembalikan ketentuan yang dulu, sekarang sungguh kikir",1,negatif
"makin kebanyakan iklan 🥱 suara lagu juga kecil banget. mana harga perbulannya termasuk mahal banget!!! tolong di kondisikan iklannyaa, kalau engga harga perbulannya di turunin",2,negatif
keren,5,positif
"iklannya banyak,bukan 1 bukan 2 tapi 4!",1,negatif
"kikirnya minta ampun, sekelas YouTube aja gada iklan yang sampe 4 biji, mana mau nyetel musik aja harus dipilihin stres",1,negatif
bagus,5,positif
"mff yh, krna BOIKOT jdi saya apus",2,negatif
"kikir finall boss, baru 2 lagu langsung iklan hadeh. kata gw lu balik kaya dulu lgi",1,negatif
"saya suka semua fitur yang ada di spotify, dan beberapa ada lirik nya jadi terbantu jika ingin turut bernyanyi. tapi sekarang spotify jatuhnya memaksa pengguna untuk premium, jadi saya pun pengguna spotify ini lama² risih. mulai dari iklan yang ga berujung, bahkan ingin memutar lagu itu berulang kali tidak bisa lagi, menunggu esok hari untuk mendengarkan kembali. saya pengguna spotify dan merasakan juga perubahan dari spotify ini. saya menyarankan untuk diperbaik lagi, Terima kasih.",4,positif
pler gk bisa dengerin lagu sepuasnya apa2 harus premium dasar kikir 😡,1,negatif
suara musiknya bagus di dengar tapi tolong iklannya di kondisikan lagi,3,netral
aplikasi ini adalah paling top untuk mendengar lagu,5,positif
"ni aplikasi makin lama kok makin kikir ya, buka playlist pilih lagu nggak bisa kamprett harus langganan Cuma.Pilih.Lagu.Doang, dan gue nggak bisa ngedengerin lagu yg gue pengen kl nggak lewat pencarian. lu mau kemana si keliling 100 negara? sampe segitunya. fitur"" lain oke lah kl premium tp ini cuma pilih lagu di playlist doang nyet.",1,negatif
bagus bisa setel tanpa ada paket data,5,positif
mau dengerin lagu aja harus bayar,1,negatif
bagussssd,4,positif
sangat baik untuk hiburan,5,positif
iklan Mulu wkwkwk,5,positif
bagus,5,positif
minusnya cuma pas ada notif latar belakang kaga ada opsinya Berjam jam nyari tapi kaga nemu,1,negatif
"bagus banget,walau jaringan TDK trlalu bagus bisa jg di putar",5,positif
"kikir bukannya 1 iklan atau 2 masih wajar lah, inimah 4 dawg 🥀",1,negatif
"Aplikasinya makin lama makin gk friendly ya, kikir amat segala harus premium dl wkwkwk yg pengguna gratisan gk dpt fitur apa² hadehh iklan kebanyakan, pdhl awal² gk gini² bgt, udhlah info aplikasi lain ajaa yg gk ribet",3,netral
"perasaan dulu iklan ga terus terusan gini dah anjjj,ini gw kebangun gara gara iklan anjj",1,negatif
"aplikasi nya bagus, cuma saya yang jahat",1,negatif
behh semua lagu adaa di spotify kadang dengerin nya pake headset pokoknya bagus deh aplikasi ini,5,positif
makin hari makin kikir liat satu lagu aja disuruh pake premium lalu 4 iklan apa coba mending sepiin aja,1,negatif
lagu-lagu nya bikin nangis,5,positif
"Spotify gblk trs aja di suruh premium, iklan sampe 4, dengerin lagu jdi susah..pls lahh premium sih boleh tp ga gini jg, mnding pindh apk aj gw",1,negatif
lama lama gak jelas,1,negatif
"makin lama makin kikir ni apk jink, dulu iklan cuma 2-3 iklain doang, skrg jdi 5 iklan jir, udh gtu skrg setiap mau pilih lagu yg kita mau dipaksa premium dulu baru bisa denger lagu yg kita mau, klo engga premium ya cuma bisa denger lagu random yg spoty nya puterin.",1,negatif
lagi galau dengerin playlist di apk ini galaw ya ilang emosi yang ada iklanya 4 biji keburu kaga mood dengerin playlist ya 😑,2,negatif
kalo lagi beberes suka pake aplikasi inii,5,positif
"fitur nya makin buruk,kenapa harus langganan,padahal lagu cuman beberapa yang diputar,bukan semua lagu di dengar,kocak ni apk,padahal fitur semua udah dibatasi,udah banyak iklan,entahlah jelasin kayak mana lagi😡😡😡😡😡",1,negatif
gabisa pilih lagu 🙏,2,negatif
"ini aplikasi lama lama malah makin kikir udah kaya capcut, iklannya banyak lama, sebenernya iklan gapapa cuman agak kurangin lah, udah bagus waktu awal rilis makin lama malah makin parah.😹",1,negatif
apa apaan aplikasi musik iklannya suaranya mendem bikin ga nyaman mending iklan sopi suaranya ga mendem,5,positif
bagus,5,positif
"aplikasi kikir, apa apa aja bayar mentang mentang udah hype. milih musik aja harus premium sekalian aja ni aplikasi jadi berbayar, jaman terus berkembang lu ga bakalan terus hype kalo masih kikir setidaknya beri 1 kebebasan buat yang gratisan",1,negatif
"apa apaan jink, gw dengerin lagu 2 doang iklannya 4 kikur amat klo bikin aplikasi",1,negatif
bagussss,5,positif
enk bgt,5,positif
kebanyakan iklan premium mana dibatesin lagi lagu nya gak enak iklan nya juga udh tau lagu masa ad iklan minimal mah iklan 1mt ini 4 menit sendiri udah kayak nonton film aj,1,negatif
"suka sih, enak buat temen belajar",5,positif
APLIKASI KIKIR!!!,1,negatif
"asu aplikasi kikir, sekarang denger lagu aja harus premium",1,negatif
terlalu kikir dan lapar wajib banget kah premium milih lagi gak bisa harus permium,1,negatif
kikir gw gak bisa putar lagu sesuka hati abis kebanyakan putar dan kalo mau putar lagu sesuka hati butuh tunggu besok atau dapetin premium,1,negatif
bagus,5,positif
"terimakasih Spotify, Spotify telah membuat saya semakin semangat setelah perpisahan sekolah.. 🌹",5,positif
kok udah gabisa milih lagu lagi? masa harus pakai premium biar bisa milih lagi,1,negatif
maximal...👍,5,positif
saya SDH TDK pakai Spotify lagi..kenapa masih di potong lewat gopay.. padahal account SDH saya tutup.... mohon penjelasan,1,negatif
"aplikasi kikir,dikit dikit bayar,ngebet haji",5,positif
lagunya bagus² dan mudah di cari,5,positif
apk jelek,1,negatif
bagus sih bagus tapi saya jarang menggunakan aplikasi ini tapi tetap bagus,5,positif
terlalu banyak iklan,1,negatif
"Apk nya bagus cuma bikin kesal kalo ada iklan sampe 2, 4 durasinya lumayan lagi",4,positif
Good,5,positif
banyak iklan nya,1,negatif
"makin kesini,makin gk bisa putar lagu sendiri,padahal udah opsi bagus pilih spotify,tp malh mengecewakan",1,negatif
"sekarang iklannya makin ngga ngotak, baru dua lagu udah iklan, mana iklannya sampe empat lagi",1,negatif
b aja,5,positif
apaan anjir gajelas masa ga bs dengar lagu.,1,negatif
"aplikasi kikir,....",1,negatif
Bagus banget sukaa 🫰🏼,5,positif
bagus banget,5,positif
"ternyata cukup banyak yaa disini yg ""dipaksa"" untuk berlangganan premium.",1,negatif
"kikir banget, udah iklan malah dipaksa premium duh males",1,negatif
top bnget,5,positif
"apk gak jelas pilih lagu harus primium, iklan sampe 4 ngak ngotak . sumpah apk gak jelas banget",1,negatif
banyak iklan!!!!,1,negatif
KEBANYAKAN IKLAN KOCAK,1,negatif
"yatau, kalian bebas ngatur aplikasi kalian. tapi, jangan lah kikir kek tuan crab. secara cuman milih lagu (buat diplay) diplaylist aja, disuruh bayar jir? mending kayak dulu yang gabisa milih gegara ngelebihin maks (PER JAM NYA) buat aku yg harus punya playlist sendiri & krn sekarang gabisa milih lagu diplaylist buat diplay, rasanya kaya gaguna pls. lagipun, dalam playlist bisa kecampur lagu lain. sekalian in aja app nya berbayar.",2,negatif
mNtap,5,positif
"skrg spotify kikir anjir, yg ga premium iklan nambah jdi 4 biji gila cok, lu yg bener aja min",1,negatif
sangat seru dan menyenangkan,5,positif
okee,5,positif
sangat cocok untuk mendengarkan musik,5,positif
saya sangat suka aplikasi ini hanya saja terlalu banyak iklan,5,positif
jarang sih tapi pas keluar app nya 3 menit lagunya berhenti 😌 tapi app nya bagus😃👍,3,netral
aku suka dengerin musik...tapi kenapa sekarang klo milih musik yang mau kita play harus premium sih. agak kecewa apalagi aku masih pelajar mau bayar pake apa buat premium nya😔😔,5,positif
"overall bagus bgt apk nya dari dulu sukakk, cuman iklan nya banyak bgt woii astaga 😭 sekarang iklan nya 5 💔💔",4,positif
"“Audio contains inappropriate sounds and does not match the title/description,please fix it""",4,positif
"kurangi iklannya developer, yth",1,negatif
banyak ikalannnn bikin ga enak ndenger ngehancurin suasana,1,negatif
bagus dan pertahankan lagi okey?,5,positif
"nih aplikasi berat sumpah, kebanyakan loading",2,negatif
aplikasi bagus makasih yg bikin,5,positif
"keren buat anak yg suka musik kayak aku beh enak banget pokoknya, apalagi bisa di setel saat main game beh pokoknya seruu mahh buruan download",5,positif
Bintanglah yang bicara,5,positif
bagus karena anak saya bisa mendengar lagu dan belajar.,5,positif
maksa banget njing premium,1,negatif
"iklan maksimal 2 kek , kalaupun mau 4 durasi iklan nya 15-30 detik , ini ada beberapa yang 1 menit kaliin 4 iklan , apa apa harus premium kikir amat",1,negatif
nice,5,positif
👍,5,positif
bagus,5,positif
"ni apk makin² dah. awal² masih ngewajarin lah dengerin satu atau dua iklan karena ga premium, dan gue terima² aja. tapi makin kesini makin ngga wajar sumpah, iklannya sampe 3 atau 4, dan durasinya panjang², lagi. yang lebih anjay nya lagi, sekarang udah gabisa milih lagu kyk- HRRRRGGHH.",1,negatif
buat paket premium lebih terjangkau lagi,2,negatif
sangat memuaskan,5,positif
bagusss,5,positif
ok,5,positif
😎,5,positif
"sengaja bintang 5 biar kebaca, makin kesini makin ga ngotak, lagu 1 iklan 5, klau 1 atau 2 okelah ini 5 wanjay padahal sebelumnya ga gini",5,positif
bct ni app muncul mulu gngu ajnn,1,negatif
koleksi lagunya lengkap,5,positif
iya bener banget spotifysekarang jadi jelek banget.. masa baru milih beberapa lagu pas nyari lagi lain malah ada notifikasi jadi premium udah gitu maksa.. gapapa kalo misal dengerin iklan.. yang penting jangan maksa... saya mohon untuk Spotify biar diperbaiki lagi yah,2,negatif
alat penghibur,5,positif
"aplikasi kikir, banyak bet iklan nya😭, mahal banget juga beli premium, mending YouTube music bisa di skip iklannya",1,negatif
gk tau kenapa aku suka bgtt spotify ini 🙇🏻‍♀️🤍 banyak lagu² favorit ku disini terimakasih spotify udh tayang kan lagu kesukaan ku🙇🏻‍♀️🤍,5,positif
good,5,positif
"aplikasinya bagus, banyak lagu disini & cari judul lagu bisa dr salah satu liriknya, tp makin kesini apa' hrs premium, milih lagu aja hrs premium",4,positif
"aplikasinya bagus-bagus aja, lagu juga semua ada, cuma mines di iklannya.. 2/3 masih oke aja, malah di kasih 5 iklan.. toh lama banget iklannya lagi.",2,negatif
"aplikasi nya bagus banget💜💜💜 sensasinya kaya denger iklan, soalnya tiap mau denger lagu pasti ada iklan dulu 4 kali💜💜💜 mana si iklan nya ga bisa di skip💜💜💜. walaupun dikit dikit iklan"" Spotify tuh pekaaaa banget..."" (alah mprut) aku akan tetap setia bersama aplikasi pendengar iklan ini💜💜💜💜 rikwes nanti iklan nya ganti jadi tukang bubur naik haji💜💜💜",4,positif
"apk nya bagus,TPI semua harus premium ,bagi yg mau download tpi dompet kosong mending gak usah,karena apk nya makin GK masuk akal masa mau pilih lagu harus premium KLO GK premium yg di putar bukan lagu yg kita mau malah acak",5,positif
banyak iklan,1,negatif
cocok main coc sambil dengerin,5,positif
semakin lama semakin banyak iklan dulu cuman 1-2 sekarang 4 iklan nya,1,negatif
👍👍,1,negatif
"Makin lama makin dibikin kesel sama Spotify, selain harus premium dulu untuk melewati lagi sepuasnya, tapi harus dengerin 4 iklan???? 4 iklan lohh???!! padahal biasanya cuma 2 atau 3 iklan, sekarang malah 4??? belum lagi tiap iklan tuh 1 menitan + 4 = 4 menitan?? 4 menit cuma buat dengerin iklan??? tolong dong jangan makin buruk update nya😭😑",1,negatif
Udah update malah gabisa disetel apa coba kocak makin butut iklan tambah banyak,1,negatif
sekarang malah tidak bisa lagi memilih lagu secara bebas padahal beberapa hari yang lalu masih bisa walau ada limit daily nya,2,negatif
"makin ke sini makin ga jelas, dikit dikit iklan, lebih lama iklan daripada lagunya",1,negatif
mantap,5,positif
"Apk nya bagus, Tapi kalo kita nggak premium Pasti ada iklan terus dibatasin gitu sehari berapa Lagu yang di puter",5,positif
"FITUR CHAT LU BENERIN WOI, AMA IKLAN BANYAK BENER",3,netral
iklan nya jadi 4 loh yaa,1,negatif
saya merasa sangat senang ketika mendengar lagu di Spotify Karena bisa langsung melihat lirik jadi l bih nikmat mendengar lagu sekaligus melihat lirik nya,5,positif
kikir masa 2 lagu iklan nya 4 jir kikir Bae ni orang dan satu lagi 1 lagu empat iklan kikir ni admin,2,negatif
lagu yang bagus,5,positif
seru dan banyak lagu yg gw suka,5,positif
susah.senang..musik y sportify,5,positif
bagus banget,5,positif
nambah kesini nambah ngelunjak iklannya masa 2 lagu 5 iklan lebih lama denger iklan daripada denger lagunya apk busukk,1,negatif
ya menurut saya ini sangat bagus dan cocok pendamping saat bekerja atau belajar juga untuk menemani saat mungkin perjalanan jauh,4,positif
bintang lima tapi bukan ancaman,5,positif
mantabz,5,positif
"apk nya bagus benget, nah tapi kebetulan aku belum premium jadi sering iklan kan. kadang aku tuh dengerin musik pake tws, pas lagu kan volume ku yaa mayan keras lah, nah pas iklan tuh kya apa sih, kenceng banget loh ngomongnya mana pas di telinga lgi🙏🏼, tolong dong itu host nya klo lagi ngiklan ngomongnya dikecilin, rada kaget juga saya denger iklan pas muncul🙏🏼🙏🏼🙏🏼",3,netral
keren,5,positif
best application to listen ads,2,negatif
terlalu banyak iklan 😭😭😭😭,1,negatif
keren banget,1,negatif
bagus lagu apa saja yang kita mau & sukai ada,5,positif
banyak iklan,1,negatif
"bagus, tapi terlalu banyak fitur berbayar, tapi tetep bagus",4,positif
bagus,5,positif
"lagunya lengkap tapi terlalu banyak penawaran premium dan banyak iklan, aku harap penawaran spotify premium'nya dikurangi",2,negatif
bagus.,4,positif
udah dipaksa premium gw . udah gabisa milih lagu lagi . mending uninstall,1,negatif
apk ini asik kalo lagi bosan bisa setel lagu tf family di dalam ini sambil main pollybuzz behh asik bgttt dehhh,5,positif
teman dalam setiap perjalanan hidup,5,positif
"iklan banyak, milih lagu gabisa. kikir amat",1,negatif
sangat bagus,5,positif
pilihan music nya banyak kalo beres beres rumah juga jadi seru,5,positif
pada ngeluh banyak iklan ya tinggal premium aja that simple,5,positif
"bagussssss sekalii, tapi labih baik di tambahkan fitur download music nya",5,positif
bagus,5,positif
Bagus,5,positif
"min saran nya sih sekarang 1 lagu kan 4 iklan, menurut saya kurang banyak kalau bisa mah,30 detik lagu langsung letak 15 iklan biar nggak kepake lagi apk ni",1,negatif
oke,5,positif
"makin menjadi jadi spotify, udah bagus nih aplikasi, eh iklannya ada 4 mana satu iklan satu menit mau keliling dunia lu? dan sekarang ga bisa pilih lagu, pilih lagunya harus premium, satu jam bisa pilih 6 lagu, lah udah ber minggu² tetep aja gitu, tolong di benerin lah",1,negatif
mantap,5,positif
Iklannya terlalu banyak sampai 4 baru 1 2 lagu iklan lagi. terima kasih pengalamannya,3,netral
kebanyakan iklan.,1,negatif
aplikasi kikir dipaksa beli premium,1,negatif
"makin banyak iklan tiap 1 lagu 3 iklan, ga bisa pilih lagu sendiri segalanya harus prem",1,negatif
"saya sangat puas dengan Spotify,karena lagu yang saya cari semua ada di sini.. Spotify membuat saya lebih bersemangat,setiap saya bersih-bersih saya selalu mendengarkan lagu di Spotify...dalam keadaan apapun aku memutar lagu di sini..tetapi kalau Spotify nya tidak prem..banyak iklan... iklannya juga sangat lama..bisa sampai 4 menit...",4,positif
saya menyukai apk musik ini!,5,positif
sangat mudah dan cocok untuk sayaa,5,positif
O FF,5,positif
"saya pengguna Spotify lama , saya bosan dng iklan nya yang mnrh saya utk premium",1,negatif
iklan masih oke kenapa Sekarang milih lagu dibatesi??!!! minimal 3 lagi dulu loh gak harus premium??!!!,1,negatif
"kalo gk premium menyebalkan sekali aplikasi ini gak bebas gak bisa milih lagu makin lama makin di batasi, semoga ada aplikasi tandingan yang tidak menyebalkan kaya gini",3,netral
"gatau sekarang kenapa spotify kikir banget, masa iklan nya banyak banget 1 dari 4. padahal tadi udh nonton iklan, baru denger 1 lagu eh iklan lagi. tolong spotify jangan kikir lah",1,negatif
enakk,5,positif
kenapa di S-moon error pada saat melakukan video musik?,5,positif
"apk Yahudi njir, dikit dikit iklan. Iklan nya sekali lewat 4 kali lagi, mana bates buat dengerin lagi 1 hari 25 kali doang jadi harus nunggu beberapa hari lagu buat ngumpulin jatah dengerin lagu.",5,positif
"iklannya kurangin dong,dulu cuman 1 skarang kadang smpai 4.",1,negatif
iklan kurangin aja...,5,positif
bagus banget gk bayar bisa daftar gratis pokok nya 👍👍👍👍👍👍👍👍🤩,5,positif
"udah mah makin mahal, lyricnya kaga ada terjemahannya kayak dulu, kikir parahhh njir",2,negatif
bagus,5,positif
sangat bgus,5,positif
bagus gak ngelag top satu,5,positif
bagus,5,positif
enak di gunakan saat tidur,5,positif
"aplikasi udah bagus,cmn kebanyakan iklan jadi kek ga enak gitu mau denger lagu karena banyakan iklannya dari pada musik nya jadi ya gak enak aja gitu",3,netral
keren,5,positif
wuenak poll,5,positif
Premium untuk lebih baik 😑,1,negatif
"aku suka sekali aplikasi ini, senang rasanya mendegar disini ketimbang yang main 😄",5,positif
semoga makin sukses Spotify,5,positif
"mantap spotify, sekarang milih musik pun gbsa, wkwkw gabakal balik lgi ke apk burik ini bye",1,negatif
bnyk iklan udh gbisa pilih lagu sendiri,1,negatif
apk ini cocok buat pas di rumah atau kafe,5,positif
milih lagu doang kudu premium?. lebih kikir dari bersyukur impact,1,negatif
Enak bgt kalau lagi gabut,5,positif
"apk bagus banget. paling kalo gk mau kena iklan terus harus premium. tapi aku gk masalah sama iklannya, walaupun mau sampai 30 detik doang",5,positif
kereen bangett,5,positif
gabisa play musik yang di inginkan kalo play musik harus prem skip musik harus prem sekali iklan langsung 4 mana 30 detik lebih lagi iklan sangat tidak disarankan untuk didownload,1,negatif
"keren , walaupun banya iklannya",5,positif
bagus dan enak di gunakan,5,positif
enak didenger+hujan+lagu galau sambil pake headphone,5,positif
tambahin fitur bisa memperpanjang premium tanpa nunggu masa tenggangnya habis dong,5,positif
kebanyakan ga bisa karna di suruh premium,1,negatif
sangat bagus,5,positif
"Iklannya terlalu banyak, kemarin 3 sekarang 4",4,positif
iklannya sampai 5 iklan dalam satu iklan,1,negatif
"makin kesini makin ngebet bgt hrs premiumm, heyyy jgn smpe aku jadiin pepes ikan ya... ak ksi bintang 1, bujuk aku dlu baru ak ksi 2",1,negatif
makin banyak tuh iklan gw liat²,1,negatif
kikirr final boss👎👎👎👎👎,1,negatif
bagussss⭐⭐⭐⭐⭐⭐,4,positif
kebanyakan iklan,5,positif
1 lagu 4 iklan . 😂 sangat tidak di rekomendasikan,1,negatif
"tolong di perbaiki g ya,masa iy baru stgh lagu udh mati aj gk idup idup g tuh musik",2,negatif
"terlalu banyak iklan tidak seperti sebelumnya, iklan nya bukan 1 tapi sekarang sudah 5",4,positif
"kikir makin kikir aja ni apk, sebelumnya masih bisa pilih lagu bebas 1-10 lagu, sekarang pilih 1 aja g bisa seharinya? udah iklannya banyak, 1-4 iklan. itupun sampe 2 menitan satu iklannya kadang. maksa bgt buat beli prem",2,negatif
aplikasi goblog,1,negatif
makin kikir woi apaan sekarang gabisa milih lagu yang mau diputar??,2,negatif
luar biasa,5,positif
ni aplikasi makin kikir,1,negatif
mau mutar musik malah disuruh langganan,1,negatif
"iklannya banyak banget, tidak ramah untuk usser gratisan",1,negatif
"aplikasi kikir. akun gratisan nggak bisa milih lagu, malah diputar acak. harus premium dlu baru bisa mutar lagu sesuka hati. kikir bgt lo. minta sini premium gratis biar gw bisa dengerin lagu lagi.",1,negatif
apk ini keren,5,positif
terimakasih Spotify semua lagu kenangan semua ada di Spotify. sukses SPOTIFY ❤️,5,positif
rasa ya aplikasi ini sangat bagus,5,positif
kabenyakan iklanya,1,negatif
bagus untuk galau atau untuk menderkan musik pokoknya sipp,5,positif
lagu sangat bagus,5,positif
is the best,5,positif
bagusssssss,5,positif
sangatbaik pelayanannya 🙏,4,positif
bagus,5,positif
kikir,1,negatif
mantap,5,positif
"ga ngotak iklan sampe 5x, 2-3x iklan aja keganggu ini malahan sampe 5 gini",1,negatif
dikit² iklan,3,netral
kikir spotify download musik aja premium apalahh udah bagus tadi bisa download musik sekarang mah harus premium jirr lah kecewa berat,1,negatif
makin gajelas ..disuruh bayar ..kalo ngga beli premium milih lagu ga bisa..kan udah pake data pindah lah ke toko lain..,1,negatif
sedap,5,positif
iklan lo sampe 4x pea,1,negatif
"dikit dikit iklan baru 2 atau 3 lagu dah iklan lagi aja,dan iklannya kadang ampe 5x jugaa",1,negatif
"bnyak iklan,terlalu prioritas kan premium, serba bayar, bagus YouTube music. saya uninstall",1,negatif
"kikir banget spotify sekarang, masa lagu satu aja iklan nya EMPAT JIRR!! tolong dong jangan terlalu banyak iklan kalau 1 atau 2 juga tidak apa apa",3,netral
bguss skli saya seneng sekali,5,positif
iklannya banyak kali,2,negatif
"aplikasi nya bagus, cocok untuk yang suka nyanyi""",5,positif
kikir,1,negatif
"apk kikir, iklan 5 kali, setiap 1-3 lagu pasti ada iklan 5 kali",1,negatif
uhuuu,5,positif
apk banyak iklan ny,1,negatif
"kacau.. sekarang milih lagu aja harus premium, di iklan ""bebas pilih lagu sesuai mood kamu"" giliran milih lagu disuruh premium. lucu ni aplikasi, okelah saya ga masalah sama iklannya yg banyak, tapi ini apaan? milih lagu aja bayar.. kecewa berat",1,negatif
bagus bet ini,5,positif
"ini iklan nya Kok jadi nambah terus sih Ampe 3 mana sama terus lagi, dan terlalu sering! masa di aku tiap 1 lagu iklan terus entah 2/3 iklan persatu lagu, segitu nya kah nyuruh pengguna buat premium?",2,negatif
"Anyink mau nikmati lossless semahal itu, emang sih untuk mendukung. cuma apa yah kikir banget anjir",1,negatif
"makin lama makin anj. iklan mlu kemaren maren ampe 4, ini nambah ampe 6 njsss",1,negatif
baguss,5,positif
aplikasi ini lebih bagus dari pada Metube aku perna coba lebih susah dari pada Spotify aku jamin 5/5,5,positif
dikit dikit iklan dikit dikit premium,1,negatif
"enak banget dan suka suka aja, tapi iklan nya tolong kurangi plc, awalnya cuman 1 atau 3 dan yaudah, tapi ini ada yg 5 bejir",5,positif
"saya mewakili pengguna lama di sini jujur kami tidak masalah dengan iklan yang beruntun dan lama tetapi masalah nya sekarang pilih lagu pas di klik harus premium saya tidak masalah mau di tambah iklan nya atau bagaimana tetapi tolong biarkan kami mendengar lagu yang kami ingin kan jangan di paksa premium, ini pesan dari kami, kami berharap agar sistem seperti itu di hapus atau tambah saja iklan nya kami berharap agar Dev memikirkan pengguna aplikasi kami harap kedepannya lebih baik lagi dah.",1,negatif
"Benar Benar Sangat Bagus,Lagu2nya Lengkap,Good Job",5,positif
dengerin iklan apa musik,1,negatif
banyak bug,1,negatif
banyak iklan anjj masa i di suruh dengerin iklan muluu,1,negatif
"kikir parah! sekarang iklannya 4 sendiri, malahan pernah kena 5. gilaaakkk",1,negatif
suka tapi aplikasi ini tidak menampilkan lirik dan lebih banyak iklan:( tpi saya tetap sukakkk🤍🤍🤍🤍,3,netral
good,5,positif
"apl yg simpel,cuma iklan kadang terlalu lama",4,positif
banyak iklan,1,negatif
oke update,5,positif
kurang banyak iklan nya mau banyak banyak lagi🫰🏻,1,negatif
"iklan nya ga ngotak, aplikasi kikir keburu haji nih jadi gini nih apa apa harus premium. dikit dikit iklan wae terus durasinya ga ngotak",1,negatif
"MAKIN JELEKKKKK 0/10 SUMPAAA MAKIN JELEKKK SEMUA DI PREMIUMIN YANG TADINYA MAU GANTI LAGU SEBEBASNYA SEKATANG JADI GABISA HATUS PREMIUM, UDAH DI PREMIUMIN SEMUA AJA SAMPE MAU BUKA APLIKASINYA PREMIUMIN DULU SEMUA AJA, MENTANG MENTANG BANYAK YG MAKE UDAH HITS SEMUANYA DI PREMIUMIN, MAKIN GA NGOTAKKKKKK",1,negatif
"apa"" premium skrg. bhkn pilih lagu doang? emg bner"" makin kesini apa"" premium y",1,negatif
"WOIIIII, aplikasi kikir woiiii. Masa gw gabisa milih lagu sesuai segera gw, bahkan gw gabisa skip lagu lebih dari 6, nyetel playlist malah ke lagu laen. Dulu spotify bagus, skrng kok gini?? ada utang ama barca kahh?!",1,negatif
kikir iklan nya nambah banyak,1,negatif
"woyy kikir, ngotak jing!! iklan sampe 5 biji, salak aja 1 sape 3 bijinya, ini lima biji iklan. benget sia hideung lamun te ngurangan iklan, perampokan berkedok iklan lu jigg kuota gw abis cuma buat iklan, mana temen suka hotspot makin ber double double kesedot kouta gw pas lagi di sekolah.",1,negatif
Tolong Kalo saya Premium digratiskan Full malas setiap kali ganti lagu harus ada iklan Premium,5,positif
jelek kikir dikit dikit iklan apa apa membership lapar bet Spotify IZIN 🙏,1,negatif
🫶🏻💐,5,positif
enak banget di denger lagu lagu nya,5,positif
"Ini aplikasi kalo ngasih iklan bisa gak sih jangan terlalu banyak, Tolong lah di kurangin minimal iklan nya 2 lah, ini di kasih iklan 3 atau 4 parah banget niat mau dengerin musik malah jadi dengerin iklan, Dan juga durasi iklan nya lama, Iya tau ada premium buat ngilangin iklan tapi kan gak semua orang bisa beli premium apalagi kayak aku yang kerja bayaran nya di bawah rata-rata, Tolong lah pengertian nya untuk yang gratisan gak nuntut banyak kok cuma pengen di kurangin aja iklan nya jadi 2.",1,negatif
okey,3,netral
"Spotify sekarang benar benar kayak maksa banget harus berlangganan padahal cuman milih lagu doang, plis dong kembalikan Spotify duluu",1,negatif
"banyak banget iklan, benci banget gw",1,negatif
aku kasi 4 bintang dulu,4,positif
aplikasi kikirrr mending download apk dngr musik yg lain dahhh klau pake ini apk lbih bnyk iklannya daripada musih yg di play,1,negatif
teu bisa login kunaon iyeuuuuuu,1,negatif
biar ga kesepian,5,positif
terimakasih atas lagu-lagunya,5,positif
kalo dengerin musik enk ap lgi sambil main,5,positif
apk kikir kebanyakan iklan,1,negatif
just good nothing special.,3,netral
Bagus,5,positif
seruu bgt karna kalo nyetel lagu luar tuh ada translate nya hehe,5,positif
makin gak jelasss masa pilih lagu harus premium jugaa. yang normal normal aja fy spotify,1,negatif
maksa banget harus premiyum,1,negatif
Spotify kikir,1,negatif
sangat bagus,5,positif
"jujur ini apk musik paling enak tapi iklan nya sekali putar 3 biji bjir,semenit kaya nya ada deh,tapi namanya juga gw pake gratisan,kata gw sih udah worth it,nih apk keren kok,minus nya di iklan doang (just my opinion guys)",5,positif
sangat bermanfaat terimakasih,5,positif
karena lagu nya enak di dengar dan bisa buat tidur jadi asikk,5,positif
dasar kikir mau buka lagu lain kasih lain aneh aplikasi kikir di dunia suruh orang premium dari iklan hanya 3 hanya 4 kikir.,2,negatif
"sekarang kalo mau pilih lagu harus premium dulu, otw pindah ke sebelah",1,negatif
baru denger sekali iklan ampe 4 itu otaknya dimana,1,negatif
aplikasi bagus apa lagi fitur bagus banget tapi kalau belum berlangganan iklan nya banyak ya harus sabar,5,positif
gila makin kikir,1,negatif
aku dengerin lagu ini sangat perfect,5,positif
"selama ini tidak ada masalah,semoga tetap memberikan kenyamanan",5,positif
"aplikasi kikir parah, versi non premium bisa iklan sampe 10",1,negatif
"gajelas haus laper duit, apa-apa harus premium ngebet banget premium, pilih lagu aja harus prem, karena gabisa pilih lagu niat ngeskip malah dibatesin juga, ulangi musik harus premium, apaan jelekk, gila premium, udah gak layak pakai.",1,negatif
"playlist lagu gk bisa milih lgi harus acak, kalau gk mau acak harus berbayar",1,negatif
ga masuk akal ga bisa pilih lagu suruh premium,1,negatif
mantap,5,positif
suka,5,positif
ok,5,positif
baguss,5,positif
maksa amat nyuruh premium!!!,2,negatif
aplikasi kikir,1,negatif
"banyakkk iklan fefekkkkk,, ya gapapa iklan tapi jangan 1 langu 5 iklan lah",2,negatif
"pake spotify udah lumayan lama btw, boleh lah kalau ada iklan nya mah mau banyak atau sedikit wajar ga premium tapi ini mau nyari lagu yang pas buat suasana pas di pencet eh malah di suruh premium jadi acak lagunya ga sesuai dengan apa yang mau kita denger. kesel banget mending pindah apk aja lah lama lama kalau gini terus mah",1,negatif
enak buat didengerin lagu,5,positif
lagu lagunya enak,5,positif
aplikasi ini sangat bagus bisa dengarkan semua lagu ini juga bisa di sambung di headset macam macam dengarkan lagu jadi makin seru dengan aplikasi Spotify enak dengarnya nyaman pake nya,5,positif
bagus,5,positif
"iklan lu berlebihan banget, baru login terus mau dengerin musik malah iklan dulu, ribet nyusahin",1,negatif
banyak iklan,1,negatif
terlalu banyak iklan dan pas mau ganti lagu gk bisa malah di suruh premium,1,negatif
"udah lama banget ga buka Spotify, tadi pas dengerin beberapa lagu yang saya sukai, ternyata memang dipaksa harus premium, iklan nya banyak banget, milih lagu premium, jadi kayak ""lu boleh dengerin lagu tapi gw (Spotify) yang milih"" terus saya nikmatin aplikasi nya gimana? premium? fiturnya sama aja kayak Spotify dulu, gada fitur yang menarik dan mengharuskan saya untuk berlangganan.",1,negatif
"memang terbaik!! , banyak sekali lagu yang cocok untuk saya dan ingin mendengarkannya di waktu tertentu.",4,positif
"SPOTIFY KIKIR ANJIRR, ADAIN LAGI GAK FAMILY BULAN DEPAN. YA ALLAH",3,netral
sangat bersahabat dalam mengemudi,5,positif
mampus tuh aplikasi lagu kikir,1,negatif
baik,5,positif
milih lagu aj GK bisa masak harus premium dlu sih padahal mau milih lagu loh,1,negatif
"aku suka aplikasinya,enak buat denger lagu,gak perlu sinyal banyak""juga tetep lancar lagunya cinta spotify❣️",5,positif
lagu ya menarik,4,positif
keren udah laku keras nih iklan nya nambah terus mantap wk,1,negatif
bagos,5,positif
maksa bnget harus premium,2,negatif
aku saka bangat lagu,5,positif
"apa apa harus premium sekarang, spotify terlalu greedy",1,negatif
"yang bener aje, iklan nya 5 biji😭😭",3,netral
"Spotify kikir, pelit. Banyak iklan nya, 1:4 lagu sama iklannya, pilih lagu pakai batas harian.",1,negatif
bagus kok,5,positif
tapi booh sebenarnya aku kasih bintang 5,2,negatif
bagus bet dah jir gw mutar lagu terus nepus ff sampe renk master,5,positif
bagus aku suka bgt aku main Spotify kalo lagi main Roblox terus block blast seruuuuuuu,5,positif
kikirr kah?maksa banget buat premium lagu baru 2-3 iklannya 4.kerennnn pokoknya lagi enak denger musik iklan terus.keren deh dua jempol untuk developer 👍🏼👍🏼,1,negatif
"MAKIN KESINI MAKIN KIKIR AJA LU,GAADA KITA2 YG PAKE NI APK JG GABAKAL LAKU NI APK,APAAN MILIH LAGU BAE DISURUH PREMIUM,THE HIGHEST LEVEL OF KIKIR",1,negatif
bagus banget bisa dengar lagu favorit aku gampang lagi daftar nya,5,positif
"ini bukan lagi bintang 1, tapi ga ada bintang, ga rekomen, dikit dikit iklan, mau lagu ini mau lagu itu harus ke premium, benar benar ga rekomen, lebih ke youtube drpd di sini udah iklan ga ada henti nya, habis tu di paksa ke premium lagi, ga banget aplikasi nya, aku nyesel mendownload apk ini, cuma bikin memori penuh + kesel. GA BANGET APK NYA",1,negatif
berguna buat setelnya,5,positif
apknya bagus banget tapi soal langganan bagusnya jangka waktu di perbanyak minimal 1 tahun soalnya apk musik banyak kalo jangka waktu ditentukan seperti itu membuat pengguna ragu untuk berlangganan bukan bearti tidak mau seperti sya serta lirik tidak ada bagusnya ada min,5,positif
sangat bagus lagunnya banyak juga lagi lagunya,5,positif
"siapa yang ngga tauu ini aplikasiii, gilaa bagus bgttt bagi kalian yg suka dengerin lagu, podcast atau yg lainn lainn. lebih asikk lagi kalau premiummm",5,positif
satu bintang gugur karena liriknya ga ada/kosong,4,positif
bagus,5,positif
bagus bangett,4,positif
mantap,5,positif
kikir,1,negatif
"bingung.. hrus boikot or no😭💔💔 nanti playlist mac demarco, malcolm todd, beabadoobe,tokio hotel, oasis, nirvana, slipknot, my chemical romance, metallica, radiohead, rebzyyx, alan walker, dan rex orange gua mau dikemanainn 😭💔💔",2,negatif
sangat seru singkat padat cepat,5,positif
tidak bisa milih lagu sekarang karena harus banget premium 😠😠🥀🥀,1,negatif
KIKIR BGT ANJ IKLAN NYA💔💔💔💔💔,2,negatif
lumayan,4,positif
jujur bagus banget tapi lebih bagus kalo gak ada iklannya,5,positif
"kualitas audio emang bagus ga bisa dipungkiri, tapi iklannya? 5 COKK WHAT THE HELL, CRAZY LAH",2,negatif
"Aplikasinya sangat bagus suara dari lagunya sangat jernih, ekonomi ataupun premium sama² bagus.",5,positif
kenapa pilih lagu sendiri juga harus bayar kikir bgt,1,negatif
"dipaksa beli premium wkwkw, aplikasi hama",1,negatif
bagus kasih gratis lah,5,positif
"bagus, keren dan top deh, walaupun kalo lagi bokek gak premium banyak fitur yang gak bisa dipake.",5,positif
muter lagu nya ngacak.,4,positif
lagu nya bagus bagus,5,positif
iklannya banya banget,1,negatif
good app,5,positif
Untuk aplikasi nya bagus bagus aja tapi Iklan Nya Yang Paling Banyak,2,negatif
udah gabisa milih lagu sendiri,1,negatif
iklan nya bejibun gak kaya dulu gak ada iklan ngerasa kecewa download lagi,2,negatif
"ribet apa"" berbayar.",1,negatif
"Halo, kok spotify saya gabisa batal premium ya? tiap bulan kesedot saldo saya, udah saya batalin by web malah akun saya skrg ga connect sama email manapun tolong dong urusin males bgt begini mau disetting pas masuk setting tulisannya offline. aneh!",1,negatif
"Susah kalo sekarang buat di pakai mendengarkan musik, terhalang oleh premium yang semuanya serba terbatas. Kita ini mau dengar musik atau dengar iklan yang muncul 4 dijit dalam 1 lagu atau musik di aplikasi yang nggak mendukung sama sekali buat pendengar nya.",1,negatif
joss.. jisss..,5,positif
mantap,5,positif
mantap superkeren,5,positif
bagus,5,positif
"kikir, mosok buat dengerin 2 lagu harus denger iklan dulu",1,negatif
makin kesini makin ngaco untuk disuruh premium,1,negatif
apk maksa,1,negatif
bagus bisa nemenin waktu sibuk dan santai,5,positif
ga normal setiap nyetel 2 lagu langsung ada 3-4 iklan yang ga bisa di skip,1,negatif
baik,5,positif
apk kikir banget gile masa gabisa milih lagu sendiri sekarang 😹,1,negatif
mantap 👍🏻👍🏻👍🏻,5,positif
aplikasi nya bagus sekali,5,positif
bagus,5,positif
"algoritma lagunya dah bagus banget jujur tpi iklannya maksa banget, premium nya jg makin lama makin mahal, ga worth it",3,netral
"bagus min apknya ,( - ) nya itu di iklan. iklan 1/2 iklan aja hampir 2 menit , saranku si kurangi durasi iklannya. makasi yaa min , overall bintang ⭐⭐⭐⭐",4,positif
"padahl bagus banget aplikasi nya, walaupun iklan bnyak masih bisa ditoleransi memang hrs premium supya g ada iklan, tapi kok sekarang mau pilih lagu aja harus premium sihh? jadinya ga bisa milih lagu ga suka banget",1,negatif
bagus buat di dengerin bareng bareng,5,positif
aplikasi nya bagus sekali bisa mendengar kan musik sampai main game,5,positif
bagus,5,positif
minimal iklan 2 aja kebanyakan kalo 4,3,netral
lama kelamaan apk ini makin kikir akun saya biasanya walaupun ngak langganan bisa pilih lagu bebas walaupun dikasih 8 kesempatan buat ganti lagi 😠 sekarang malah tiba-tiba ngak bisa apalagi kebanyakan iklan lagi💢,2,negatif
kikir lu Spotify,1,negatif
benar benar bapuk tidak bisa memilih lagu yang sesuai dan malah diarahkan ke lagu lain secara acak,1,negatif
"kikir bgt jir fitur basic aja harus premium, baru muter 1 lagu langsung iklan",1,negatif
"kikir najis males bet gw,milih lagu aja harus premium",1,negatif
aplikasi terbaik,5,positif
"makin ngelunjak sumpah,pilih lagu yang mau diputer aja harus premium",2,negatif
bagus bnyk lagu trend,5,positif
"pas milih lagu di suruh premium gak ada pilihan buat gak premium, maksa banget sih menurut ku apalagi yg gak premium banyak iklannya",2,negatif
kikir,1,negatif
mau dengerin makin lama makin disuruh bayar,1,negatif
Ga wort it banyak iklan,1,negatif
"saya pengguna lama yg terpaksa harus un install karna ini apk maksa bngt harus ke premium,kalo free jadi ga nyaman dipake.lebih baik pindah ke sebelah lebih realistis menggunakannya!",1,negatif
Gimana ini saya udh beli paket standard udh masuk di email tapo gak berfungsi masih iklan dan gak bsa milih sesuka hati...padahal biasanya kalau sy berlangganan paket selalu langsung berfungsi,3,netral
"apaan banget anjir, iklan aja bisa 3 sekaligus, 1 menit lagi",2,negatif
kikir bgt iklan ampe 6,1,negatif
sekarang GK bisa milih lagu bebas kayak dulu harus bayar premium 🥀💔,2,negatif
"kebanyakan iklan, baru dengerin satu lagu langsung muncul 4 iklan. mending make aplikasi lain kalo gitu",1,negatif
bagus sii tapi lama kelamaan kenapa gabisa dengerin lagu harus bayar dulu,2,negatif
"muak banget, dikit dikit iklan anjir, di paksa jadi premium nih kita?, dikira semua orang bisa prem?, kagak, ini bikin males, baru beberapa lagu langsung iklan, kan kayak, arghh, ini iklan juga biasa nya serasa bikin kita supaya premium, males bgt tau g?",1,negatif
Ok,5,positif
sukaa banget dengerin lagu dii sinii pokoknya the best deh,5,positif
kurang lwngkap sih menurutku,3,netral
ribet dari awal,1,negatif
"Sumpah bukannya Spotify itu max milih lagunya diriset perhari ya? kok aku udah mau 5 hari tetap aja dibilangnya sudah habis disuruh premium, padahal ya karena gabisa milih kadang jadinya gapernah dengerin tapi tiap login besoknya tetap aja sama begitu terus. Ga mood dengerin Spotify karena begini. Tolong perbaiki!",2,negatif
"what-whatan jir, baru milih lagu 3x udh disuruh premium, aplgi iklannya skrg udh setara denger 1 lagu awowkwk, mikir kids",1,negatif
keren banget,5,positif
kikir banget ni aplikasi,4,positif
karena saya bisa bermain game sambil dengar musik,5,positif
intinya ga bgus.,1,negatif
"ini knpa pas iklan suka error sih???? iklannya kan ada 4 disalah satu iklannya bikin hp error bahkan ga bisa di sentuh selama 2 menit, iklan yang lain normal tapi setiap iklan itu muncul selalu keluar dari aplikasi dan bikin layar hitam bahkan sekarang sampe wallpaper hp aku juga hitam!!! aku hapus kalau sering kek gini bikin rusak hp aku aja! nyebelin banget padahal mau dengerin lagu dengan tenang!!!! wallpaper aku masih hitam udah 5 menit, yang bener aja?? GA AKAN LAGI DENGERIN MUSIK DISINI",1,negatif
kebanyakan iklan,2,negatif
pilih lagu sendiri sekarang harus premium dulu ya? aneh bgt!! yg bnr aja nih sistemnya!! mana iklan banyak bgt busett g ngotak,1,negatif
jadi ga gratis makin sini spotipy makin ga minat,1,negatif
aplikasi musik yang mudah digunakan,5,positif
bagus tapi kikir,1,negatif
"app kikir kebanyakan iklan, inimah saya dengerin iklan bukan lagu. Apa apaan iklan bisa sampai 4 kali yg bener aja ni app kikirrr",1,negatif
"boikot guysss, ku saranin kita stop pake ni aplikasi",1,negatif
"senang dan puas dgn Spotify krn koleksi lagu2nya lengkap poll, Bravo Spotify",5,positif
boikot,1,negatif
mantap,5,positif
bagus,5,positif
bisa buat sambil main game,5,positif
"bagus banget ya tuhan, ni Spotify bener bener nemenin gwajh, lofyu Spotify 😖🌹",5,positif
harus banget kah kalau 1-2 lagu harus 3-4 iklan mana yang dibahas cuman premium premium premium aja terus-menerus,3,netral
"lagu nya banyak, jadi bisa pilih apa saja termasuk lagu luar negara tapi masalahnya 1 IKLAN mau dengerin lagu tapi ada iklan, gak cuma 1 tapi 5 iklan yg mau didengerin sebelum lagu. kalo gk mau iklan ya premium... tapi bayarnya pake apa kalau gk punya dompet digital TOLONGLAH IKLAN DI HAPUS DIKIT, NGAK NGOTAK IKLANNYA SANGKING BANYAKNYA",3,netral
"sangat sangat pelit,smua smua harus berbayar sekarang",1,negatif
mantap👌,5,positif
kebanyakan iklan,4,positif
banyak iklan,5,positif
"banyak banget iklan, dikit dikit premium. BOIKOT!!!!!!",1,negatif
"parah banget, masa mau dengerin lagu yang dimau aja udah ga bisa, pas klik lagu yang di mau malah di suruh premium dulu😭 jadinya terpaksa dengerin lagu yang udah berjalan😌😌 mana iklannya banyak banget lagi😂",1,negatif
banyak iklan,1,negatif
koleksi lagunya lengkap cocok untuk didengar di situasi apa pun,5,positif
oke,5,positif
baguss👍🏻👍🏻👍🏻👍🏻👍🏻👍🏻,5,positif
jelekkk,1,negatif
"makin kikir ni aplikasi lama-lama, udh iklannya banyak, dan sekarang pilih lagu pun udh g bisa 1x pun??",1,negatif
spotify kerennn..,5,positif
Kikir jir🗿,1,negatif
lagunya asik bener jadi ngedije stiap hari,5,positif
ok,5,positif
bagus karena ada encep,5,positif
bebayar,1,negatif
bagus ini ada nama ku bento,5,positif
"aplikasinya bagus, cuman banyak iklannya kaya hpnya xiaomi",3,netral
"makin kesini makin banyak iklan nya.udh gitu di paksa lgi premium. padahal sy udh lama pake apk spotifi.dari tahun 2017 sy udh pake apk ini, dulu enak² aja gada iklan dll. tpi dalam 2tahun ini udah mulai serakah yg buat apk ini tamba tahun tambah parah,",1,negatif
"banyak iklan, playlist aja di batasin,milih lagu aja harus premiun.ngelunjak banget. no recommend 😹👎👎",1,negatif
bagusa aku suka sama spotify tapi kok ga bisa di Download ny,5,positif
"setelah di perbarui gak bisa pilih lagu, harus premium dulu baru bisa pilih lagu.. sedih yg pengguna grtisan 😞",4,positif
terbaik di antara yg lain,5,positif
auto uninstall karena udh ga gratis,1,negatif
"Keren, dan bagus",3,netral
Sukaaa bangeettt,5,positif
"kikir final boss, mau dengerin lagu yang mau di putar premium lohya, pen naik haji lu",1,negatif
bagus banget,5,positif
"semua serba berbayar, udh mulai gk nyaman",3,netral
ini bisa mendengarkan lagu yang sangat super saya suka,3,netral
kurang banyak iklan nya,1,negatif
iklannya banyak banget,1,negatif
bagus,5,positif
semoga banyak promo berlangganan premium dan lagu- lagu makin berkualitas lebih tinggi,5,positif
udah jarang banget ada promo per 3 bulan nya,1,negatif
"aplikasi kikir milih lagu aja gak boleh, harus premium dulu",1,negatif
bagus,5,positif
inti nya puas baget gitu aja....,5,positif
kikir,1,negatif
banyak iklan,1,negatif
iklannya parah baru aja 1-2 lagu muncul iklannya,1,negatif
makin lama makin gajelas,1,negatif
bagus,5,positif
bagus,4,positif
"aplikasi kikir, makin lama makin banyak iklan, iklan nya ga ngotak sampe 4 anjr, masa baru denger 1 lagu aja udah ada iklan, terus batasan waktu pagi pengguna gratis nya malah diperpendek, baru juga denger 4 lagu udah disuruh premium, ga sekalian aja dowload nya pun harus bayar?",1,negatif
apk kikir jir,1,negatif
2 lagu 4 iklan ANJ,1,negatif
bagus,5,positif
"baguss n fungsionall bgt! aku paling suka fitur pengatur tidur, cara nutupnya pelan bgt jd suka. minus nya di iklan nya, setiap 1 lagu itu pasti ada 3 iklan, dan hampir 1 menitan. itu iklan apa yt short? itu nyebelin bgt sbnrnya. dan juga di premium, knp spotify student cuma bisa universitas? mungkin bkl sangat membantu klo ada paket pelajar utk SD—SMA dgn harga yg lebih terjangkau.",3,netral
"sukaa banggeett sama apk inii,",5,positif
g bisa milih lagu jirlah,1,negatif
mantap,5,positif
"kikir jir. mau dengerin lagu aja mesti bayar. ""DENGERIN"" lagu loh ya 😹 tp ya soal suara lancar dan bagus, iklan masih bisa di maklumin. Yg sama ku ga banget tu banyak banget fitur yg harus premium. itu aj si",3,netral
tolong untuk di pertimbangkan lagi untuk iklan yang muncul. 3 iklan dengan durasi 2 menit itu sangat tidak banyak diinginkan semua orang!!!!,1,negatif
sekarang milih lagu harus premium 🗿,1,negatif
jelek,1,negatif
Bagus sekali,4,positif
bolehlah bolehlah,5,positif
BERGUNA BGT NIH APK.. UDAH NEMENIN AKU SEHARI-HARI.,5,positif
"iklannya parah. 1 iklan 30dtk/1mnt. dan tiap habis 2 lagu langsung ada 4 iklan, jadi nunggu skitar 2 menit for next song. sekarang juga gabisa putar lagu sesuai keinginan lagi, saya baru milih"" bbrp lagu langsung gabisa lagi dan disuruh premium. ok emg premium bagus, cuman gausah over promosii karena jujur saya terganggu jadinya, ga semua orang can afford premium(ada kebutuhan lain). shuffle nya juga makin lama makin parah, masa hbd dengerin rnb tiba tiba shuffle ke hipdut? ga cocok tauk",3,netral
ok,5,positif
Aplikasi nya bagus banget buat dengerin musik dan lagu,5,positif
saya suka banget sama aplikasi ini tapi sayang tidak bisa diputar offline 😞 tapi lagu disini lengkap dan menarik untuk didengar kan🥰,5,positif
bagus seru,4,positif
suka😀😀😀,5,positif
1 iklan oh GPP 2 iklan ya udah lah jangan banyak² 3 iklan wah mulai serakah 4 iklan kekejaman Fir'aun level final boss ampun dah,1,negatif
"Apasih makin ga jelas, dulu emang pemutaran lagunya acak, diambil dari playlist yang dipilih. Masa sekarang ga bisa request lagu, niatnya search lagu ya karena mau dengerin lagu itu, malah diputerin lagu yang lain. males banget",1,negatif
musik musik nya oke cuman again banyak island nya,4,positif
kikir banget,1,negatif
"aplikasinya sih bgs,soal iklan gw gk masalah,tapi masa baru dengerin 4-5 lagu langsung disuruh premium,makin lama makin Dikit,jan kikir bgt lh,kalo gini terus mending download aplikasi lain dh",1,negatif
"kikir banget, mau muter musik dari playlist aja harus premium",1,negatif
kebanyakan iklan masa sehari banyak iklannya daripada musiknya mana premium makin mahal,1,negatif
bagus!!,5,positif
sangat bgus,5,positif
-1 kemanusiaan,1,negatif
good,5,positif
bagus tapi tiba tiba pas buka lagu kamu menemukan fitur premium tolong hilangin saja 🙏🙏,5,positif
apk pelit baru jg login mw dengerin musik suruh beralih ke premium,1,negatif
mantul,5,positif
aplikasi nya bagusss bgtt,5,positif
mantap banget,5,positif
Spotify makin hari makin aneh. misal gw udh tambah lagu B ke antrean eh pas lagu A selesai malah nyambung ke lagu lain ga sesuai antrean. Lol,1,negatif
"Udah makin gak jelas ni spotify, masa iya mau milih lagu aj harus pakai Premium dulu. ""APK kikir""",1,negatif
verry good nice.....,5,positif
"Dikit' premium aih, iklan biasanya 3 itu 1 menitan semua loh. Apalagi sekarang milih lagu aja harus premium jir.",1,negatif
"Agak kesel sih apa2 harus premium, mau pilih lagu sendiri juga harus premium, jadi kalo pas premiumnya habis tuh ga bisa pick lagu sendiri",1,negatif
lengkap,5,positif
banyak referensi lagu2,5,positif
bagus mantap poll,5,positif
Sangat bantu,5,positif
"ya,enak2 aja didengar dan diputar🙆‍♂",3,netral
kereen saya sangat menikmati dg adanya aplikasi Spotify,5,positif
njs apk kikir😹 skrng iklan jdi 4 mana lama bgt lgi,1,negatif
enakkkkk banget dehhh⭐⭐⭐⭐⭐,5,positif
cukup baik untuk mendengarkan musik saat santai.,4,positif
SANGATTT BAGUSSSS AKUUYUUUUU sukaaaaaaaaaaaaaaaaa bangetttttttttt,5,positif
bagus,5,positif
niceeeee,5,positif
"aplikasi nya bagus dan bisa untuk main tapi ada iklannya jadi pas lagi main itu iklannya sering muncul, dan kalo bisa jangan banyak2 iklannya",3,netral
iklan nya 5,1,negatif
good app,5,positif
bagus,5,positif
"update sekarang, fitur yang seharusnya gratis jadi berbayar. jelek sekali",1,negatif
"dengerin lagu okelah, tapi ini aku coba dengerin lagu mau milih lagu yang aku suka masa harus beli premium?? aku udah coba di hp lain juga, sama aja, kebelet apa sih nih Spotify?? kesel bgt gabisa milih lagu yg kita suka hrs beli premium, padahal kemarin' engga, iklan okelah gamasalah ini?? kita mw denger aja hrs beli premium, wkwkw.",2,negatif
kalau bisa iklan yg premium gak usah banyak² kalo aplikasi nya udh bagus,5,positif
"LU BGS SI, tp plis atulah jgn kebanyakan iklan jgn terlalu mencari duit karena dunia gaada abisnya. sekian thanks uda ada di dunia yg 1 kali ini💝",4,positif
rekomendasi bgt,5,positif
"ah maksa harus premiun, masak milih lagu aja harus x berlangganan",1,negatif
"kikir banget dih, milih lagu doang masa harus prem, inimah pemaksaan secara pelan. mana iklan nya banyak lagi, hilang mood mau prem ni apk",1,negatif
baikkkk,3,netral
sangat memuaskan,5,positif
"aplikasi sampah banyak iklan, muter lagu yang kita mau gabisa, not recommended.",2,negatif
"yang suka dengerin musik sebelum tidur wajib download sih,.",5,positif
lagu x keren2,5,positif
"bagus sih suaranya lancar & jernih. cuman banyak iklan, terus dikit hatus premium jadi kayak terlalu memprioritaskan yang premium gitu masa ngeskip lagu lebih dari 6 lagu itu harus premium dll",4,positif
aplikasinya bagus kalo buat bersih² juga tenang bagus sekali,5,positif
"makin banyak iklan, mau ini itu harus berlangganan atau nungguin iklan yang lewatnya ngalahin kereta full muatan.",2,negatif
daripada denger radio gemresek,5,positif
"Aplikasi Spotify sangat luar biasa untuk streaming musik. Koleksi lagunya lengkap dari berbagai genre, playlist-nya kreatif, dan kualitas suaranya jernih. Fitur seperti rekomendasi lagu berdasarkan selera juga sangat membantu menemukan musik baru. Tampilannya user-friendly dan navigasinya mudah. Sangat recommended untuk penggemar musik 👍",5,positif
bagus tapi iklan mulu,5,positif
makin kikir,1,negatif
"pilih lagu aja dsuruh premium lama"" jelek nih sportyfy",2,negatif
cakap,5,positif
terbaik,5,positif
good,4,positif
Mantap,4,positif
Makin di update makin kebanyakan iklan dan dipaksa banget harus premium pelit banget ngasih musik yang free sekarang payah huuuuhhh,1,negatif
ga bisa pilih lagu sendiri harus premium,3,netral
seruu,5,positif
"jangan terlalu banyak iklan,musik nya suka mati sendiri",4,positif
ini aplikasi makin ke sini makin bikin orang berhenti peke ni aplikasi... pilih lagu aja sekarang harus bayar 😂😂 udah paling bener ga usah download,1,negatif
aplikasi paling pelit kikir najis cuh,1,negatif
"app kikir lama' di suruh premium, maksa banget mana sekarang udah ga di kasi pilih lagu dan iklannya makin banyak👎🏻🤢",1,negatif
"gile kapitalis banget, masa baru dengerin lagu satu udah ada iklan 4 + sekarang bagi pengguna gratis gabisa milih lagu, dulu anda tidak seperti ini. sekalian aja download nya gausa di gratisin",1,negatif
harus banget premium ?,1,negatif
bagus cocok buat nyantai,5,positif
gasuka aja,1,negatif
iklannya kacau kagak cukup sekali,2,negatif
"iklan pada aplikasi ini terlalu berlebihan untuk sekelas aplikasi musik seperti spotify, lagu yang seharusnya membuat pendengarnya menikmati namun malah membuatnya setres dan muak karena iklannya yang terlalu banyak dan durasinya yang lumayan panjang..",1,negatif
"Spotify sekarang ngeselin kita buka buat denger lagu yang kita mau, tapi malah nggak bisa milih bebas. Padahal dulu masih bisa pilih lagu walaupun ada iklan, sekarang malah makin dibatasi. Jadi kayak… buat apa juga kalau nggak bisa play lagu yang kita pengen",1,negatif
menyenangkan,5,positif
hdh makin lama makin pelit fitur serba premium,1,negatif
"apk kikir, ga kaya dulu, baru dengerin 2-3 lagu udah ada 3 iklan",1,negatif
"Iklannya mulai terlalu banyak, padahal saat awal saya gunakan tahun lalu iklan hanya muncul sesekali, namun sekarang iklan muncul setiap satu lagu, dan iklannya berkemungkinan lebih dari satu, lalu banyak fitur yang dibatasi sebelum membeli premium, bahkan fitur sederhana seperti urutan lagi berikutnya, kalau begini jadinya lebih baik saya mendengar lagi di youtube",1,negatif
"gatau ya lama lama apk ini masuk definisi kaum lu mampu lu bisa dengerin lagu lu ga mampu lu ga bisa dengerin apa apa, per iklan yg muncul 5 dong? dr selisih brbrpa lagu, hadeuh",1,negatif
suara bagus buat di dengar,5,positif
apk bodo kikir,1,negatif
sangat menghibur,5,positif
sangat baguss,5,positif
gak bisa pilih lagu harus bayar terlebih,1,negatif
"Bagus tapi kikir, kalo iklan ngotak dong, masa 5 iklan rata rata 25 - 30 detik",3,netral
apk tbtb gaada koneksi internet padahal lancar aja sinyalnya,2,negatif
jelek,1,negatif
bagus,5,positif
sangat asik 😎,5,positif
"Aplikasinya sangat bagus, Banyak lagu dan sangat recommended",5,positif
"terbaiklah, sepanjang jalan ga putus2 lagu👍",5,positif
"sekarang kalau milih lagu udah gabisa, harus bayar",1,negatif
lengkap lagunya,5,positif
gg cuy,5,positif
bagus sekali,5,positif
sangat memuaskan 👌🏽👌🏽👌🏽,5,positif
enak nyaman tapi sekarang spotify kayak orang kebelet haji..apa'bayar jadi agak gimana gitu,4,positif
i really enjoyed using this app.,5,positif
sangat bgus,5,positif
kikir banget njing,1,negatif
internet lancar di aplikasi lain seperti youtube ataupun browser. mau streaming di spotify ditulis nya tidak ada koneksi,1,negatif
ᑲᥲgᥙss ᑲᥲᥒgᥱ𝗍 ᥲkᥙ sᥙkᥲ sіһ ᥒ᥆ ᥴ᥆mmᥱᥒ𝗍,5,positif
ITS okey,4,positif
menurut saya apk sudah bagus banget sih 😀,5,positif
bagus,5,positif
banyak iklan,3,netral
oke aja si,3,netral
bagus,5,positif
Sekarang cuman mau pilih lagu harus langganan. Cuman pilih lagu doang kck,1,negatif
jadi g bisa milih lagu sendiri? ampas bgt,1,negatif
"23 Jan 2025 saya bilang : Terimakasih sdh bikin aplikasi ini . Lagu²nya lengkap ❤ 26 Maret 2026 : Wah, baru search lagu trus diputer buat tau gimana bunyinya aja ga bisa. Harus bayar dulu 79 ribu buat 3 bulan. yang udh kita bikin play list jg ga bisa diputer pilih sendiri harus aplikasi yg puterin. udah gitu iklan tiap brp lagu. Dobel Kill, luar biasa!",1,negatif
"males dah makin ke sini makin dikit dikit iklan, kebelet beli beras lu iklan terus, penggunaannya juga butuh nikmatin lagu nyaman, boleh iklan asal ga sebanyak ini, tolong lah pengguna yang lain juga butuh kenikmatan buat dengerin lagu, bukan dengerin iklan...",2,negatif
APLIKASI KIKIR! MENDING MAKE YOUTUBE MUSIK!,1,negatif
yaudah saya maafkan,4,positif
dikit dikit premium !!,1,negatif
bagus banget,5,positif
apakalasi nya bgs saya sudah pernah menghapusnya,5,positif
ini bisa dengerin lagu,4,positif
"gini nih kalo udah rame,apa apa harus premium kan iklan juga gapapa,mau iklan nya lima kali juga gua tungguin,eh inimah mau pilih lagu doang juga malah dipaksa suruh premium,Kecewa......",1,negatif
"gilaa makin butuh duit ni apk, 4x iklan brokk",2,negatif
banyak iklan,1,negatif
kikir,1,negatif
aplikasinya pelit pilih lagu sendiri harus bayar,1,negatif
iklan mulu heran,3,netral
boikot aj,1,negatif
"hadehh ini spotify butuh duit bgt kah dikit dikit disuru premium,udlh gw pindah apk lain aja.",1,negatif
"kenapa ya makin sini makin harus prenium, apakah ini aplikasi buat orang kaya doang? mau pilih lagu di pencarian aja harus prenium😓saya sebernya pingin tahu kenapa semua ini terjadi?",3,netral
aplikasi kikir,1,negatif
"aplikasi kikir, di paksa premium",1,negatif
"terlalu banyak iklan skrg, ga kaya dulu, benci bgt, kaya ganiat gratisin skrg, kenapa si jd gini spotify, pdhl enak bgt dengerin lagu d spotify, tp skrg jd banyak BANGET iklannya, dulu ga sebanyak ini pls..",1,negatif
huuuuuu pelit,1,negatif
"bjirr sekarang udah ga bisa pilih lagu buat diplay, sekarang cuma bisa random lagu nya, udh bnyak iklan nya juga:(, please balikin kaya dlu",1,negatif
saat mau beli yang premium mesti error.. padahal apps sudah terbarui,1,negatif
"bagus banget ini apk tapi banyak bgt iklannya ya resiko si harus prem gpp kok cuman mau kasi saran gmn klo setiap lagu dikasih tentang makna lagu soalnya kadang"" gue mau cri tapi males",5,positif
pengalaman musik yang bagus suara juga jernih saya suka banget,5,positif
bagus banget musiknya juga lengkap mantap deh pokoknya tapi ada yang salah tolong iklannya di dikit kan durasinya please,5,positif
"salah satu apk musik terbaik menurut aku. cuman di lirknya kok ga ada fitur terjemahannya ya, udah premium, stelan bahasa udah bahasa indonesia. tapi tetep ga ada fitur terjemahan di lagu non-indo. udah di update, udah dicoba juga di beberapa lagu populer tetep ga ada fitur terjemahannya",5,positif
lgune enak² 👍,5,positif
apk nya jelek sekali kalo mau dengerin lagu yang kita pilih harus premium dulu banyak iklan lagi sangat jelek sekali apk gk guna,1,negatif
terlalu banyak iklan,1,negatif
sangat bagus,5,positif
"aplikasi nya udah bagus banget, putar lagu jadi lebih asik tapi kalo milih lagu kenapa harus terbatas jadi di minta beli premium buat pilih lagu yg gw mau 😭",3,netral
bagus,5,positif
"Spotify sebenarnya bagus, tapi sekarang harga premium cukup mahal di bandingkan kompetitor lainnya",2,negatif
"Tolong adakan cara untuk bisa mengurutkan album Playlist yang ditampilkan di profil akun, terima kasih.",4,positif
aplikasi Spotify udah bagus tapi kurang nya cuma di paksa premium padahal gapapa dengerin iklan sementing gratis apk nya sekarang jadi susah buat denger lagu yg di sukai,1,negatif
bagus,5,positif
"kalo ngasih iklan ke yang bukan premium ngotak lahh,jangan banyak banyakk",2,negatif
"males, sekarang kebanyakan iklan",1,negatif
suka banget musik nya lengkap tapi akan lebih baik jika lagu nya berurutan,4,positif
sangat bagus,5,positif
bagus di sportif daripada di gootube banyak iklan nya .,5,positif
kebanyakan iklan,2,negatif
aplikasi bagus,5,positif
👍,5,positif
24/7 make ni aplikasi 💜,5,positif
kaya kontollllllllll,5,positif
iklanya banyak banget wok,1,negatif
"makin banyak iklan,makin nggak bgt penawarannya,milih lagu aja kudu berlangganan dl.cih",1,negatif
sangat bagus cocok buat stel lagu,4,positif
milih lagu doang harus premium,1,negatif
top markotop,5,positif
sangat suka karena dapat lebih cepat Nemu lagu yang kita mau,5,positif
bagus.,4,positif
seru banget!,5,positif
"ni aplikasi kok lama lama ngaco banget anjir,masa iya setiap 2 lagu langsung iklan 4 biji?disuruh dengerin iklan nih?",2,negatif
"ngaco bet ini lama², mau pilih lagu yg mau saya putar harus premium hadeh,dipaksa dengerin lagu yg ga saya suka, aneh dah",1,negatif
"Aplikasi musik atau aplikasi iklan, mau denger lagu suruh bayar dulu..kalau nggak di random lagunya.",1,negatif
bisa dibilang apk ini memang sangat bagus untuk mendengarkan musik tapi ada juga loh keburukan nya yang sangat engga banget yaitu IKLAN NYA sangat menggangu iklan lebih dari 2 aja sudah 2 menit jadi ya gimana ya aga menganggu tapi gapapa lahh mau gimana lagi kalo mau bebas iklan ya harus premium. tapi tetep the best 🫶👍🏻💞,5,positif
sangat baik dan bagus,5,positif
aplikasinya jelek banyak iklan trus sekarang ga bisa milih lagi dari playlist cuman bisa random aj yg dibuat Spotify padahal ga ada di playlist,1,negatif
iklan sampah,1,negatif
ini sangat bagus sekali karena lagu yg saya cari ada,5,positif
sampah iklan doang,2,negatif
bguss bgtt,4,positif
"APLIKASI KIKIR, SEKARANG SEARCHING LAGU AJA HARUS PREMIUM APA NGGA PELIT BANGET YANG PUNYA APLIKASI INI!!!",1,negatif
mantap dan keren,5,positif
app kikir,3,netral
bagussss,4,positif
bisa mendengar kan musik dengan main game,5,positif
iklan nya kebangetan😭😭😭,1,negatif
aplikasi lagu terkikir yg perna gw download,1,negatif
"apk nya bagus, ya.. cuman mau pilih lagu harus premium dulu, ga kayak dulu masih bisa pilih lagu gratis",2,negatif
"masa sekarang punya ku ga bisa buat milih lagu, harus bgt premium ya? di buat milih di playlist nanti muncul coba langgana selama 3 hari , se harus itu kah premium?",1,negatif
boikot aja,1,negatif
aplikasi ini bagus sekali,5,positif
"AMPUNNNN DEH GUE, masa mau milih lagu ga bisa, harus berlangganan dulu sih? trs juga masa iklan yang biasanya ada 2 atau paling banyak 3 deh, ini masa ada 4/5?!!! tolonglah spotify... jangan kaya capcut, apa-apa harus premium",1,negatif
ga sekalian iklan nya 10 aja?,1,negatif
"bagus bisa buat bersih atau yg lain""࿆. ℒ𝓸𝓿𝒆 𝔂𝓸𝓾",5,positif
"aplikasinya yang sangat bagus,bisa menemani sepanjang hari",5,positif
ini bagus ko cmn kadang ada iklan gituuu JD agak ribet gituh udh sekian terima gajii dari sayaa btw good night,5,positif
ok banget sangat membantu untuk musik waktu jogging,5,positif
keren lagu nya lengkap,5,positif
suaranya bagus baget mirip banget sampai aku kasi deh 5,5,positif
"kikir bgt aelah,denger lagu 1/2 iklannya 4,mana milih lagu sehari dibatesin,iklannya sebenarnya gk masalah tapi kebanyakan.iklan cukup 1/2 aj sih kata ku,udh pada mulai boycott,ati² aja klo masih kikir bisa² yg gk premium bisa pindah semua,apalagi udh banyak yg ngasih rekomendasi buat pindah dari Spotify,premiumnya juga terlalu mahal kata ku.",1,negatif
oke banget kaga bikin nyesel?,5,positif
"1. kenapa saya tidak bisa berlangganan ya, 2. terlalu banyak iklan yg tadinya 3 sekarang jadi 4",1,negatif
karna bisa buat santai sama main game gitu sih,5,positif
"kikir bet anying,, mau milih lagu ae disuruh premium,, gacukup ap iklan 3 biji?",1,negatif
saya sangat suka,5,positif
jadiin aplikasi berbayar aja bos,1,negatif
jelek,1,negatif
perfect deh pokonya,4,positif
bro iklan mulu sekalian aja 1 lagu 99iklan no biar mantap 😹😹😹😹. padahal gw suka UI nya loh tapi yah iklannya aja sih,1,negatif
"apandah, bagi pengguna gratis seperti saya/orang lain masa apa"" harus premium? skip lagu? premium, milih lagu? premium. walaupun premium itu bisa ngilangin iklan yang membandel it's ok la, tapi gak semua orang mampu buat beli premium. lama"" aplikasi nya banyak yang uninstall karna kesel dikit"" harus premium",1,negatif
menyenangkan dan menghibur,5,positif
bagus walaupun iklan,5,positif
"🗿 iklan masih bisa lah toleransi, tapi pilih lagu yang pengen di putar harus premium dulu baru putar?",1,negatif
kikir,1,negatif
cepet update lg lagu yg uda di tambahin ke fav pada ilang terus akun ny jg ilang cepet cepet d benerin dah,2,negatif
Sekarang saya tidak bisa memilih lagu secara bebas dan harus membeli premium. Pembaruan ini sangat mengganggu kenyamanan dalam mendengarkan lagu.,1,negatif
"awal awal suka dengerin pake Spotify, lama lama kok ngeselin ya. 4 iklan sekaligus setiap 3/4 lagu masih ok walau ngeselin. lah ini udh 3 hari gabisa milih lagu dan disuruh upgrade ke premium??? kikir bet anjir lg bangkrut ato gmn si heran. hampir tiap hari dpt notif Spotify suruh upgrade ke premium",1,negatif
bagus,5,positif
i kinda having love with music,5,positif
"masih suka sih, walau dulu ada kendala. tapi buat Spotify, itu bagus buat yang suka dengerin musik seperti ku, banyak pilihan.",5,positif
"apk kikir, apa apa premiun",1,negatif
spotify ini sagat bagus karna ada kayut nya,5,positif
kadang masih ada iklannya,3,netral
"jelek. ga worth it dipaksa buat beli premium, apa apa harus premium",1,negatif
ok,5,positif
"lama lama makin ngelunjak, mau play lagu di playlist aja harus langganan kikir kikir",1,negatif
woilah kenapa maksa banget premium padahal awal awal boleh milih lagu sendiri walaupun dibatasi sekarang malah gabisa malah random dan harus premium,4,positif
👍👍👍👍👍,5,positif
"suka banget,soalnya bisa dengerin musik",5,positif
baguss banget banget,5,positif
nice to hearing music app,5,positif
aplikasi ini sangat keren dan bayak sekali pilihan lagunya,5,positif
wajib premium yaa sekarang? hahaha,1,negatif
"semua lagu ada di Spotify,dan lagu baru juga bakalan muncul saat kita lagi ketik judul nya",5,positif
bad,1,negatif
"baguss sih, cmn iklan nya yaAllah..",4,positif
kikir,1,negatif
"bagus, suka banget hari² ditekani sportify",5,positif
iklan nya ga ngotak,1,negatif
apa apa harus bayar,1,negatif
"banyak bgt iklannya terus juga kalo nyetel lagu selalu di batesin dan harus bayar, plis ilangin jangan bayar kan udah banyak yang download udah kaya juga, ilangin plis yang ngga mampu kasian 🤬🤬🤬",1,negatif
"semakin lama iklan semakin banyak, jadi males,",1,negatif
bagus banget aplikasi nya,5,positif
sngat trhbr,5,positif
lagunya enak👍👍👍,5,positif
"Apaan ini? Gua malah kaga bisa milih lagu sama sekali. Makin lama ini apk makin greedy, segitunya ya butuh duit? Padahal udah ada penghasilan dari iklan, kami bahkan dibatasi dalam memilih lagu dan akan tidak diberi akses memilih lagu setelah beberapa putaran selama 24 jam! Kecewa berat sih, terlalu rakus anda, premium pula kau paksa gw untuk beli? Tch, tidak akan.",1,negatif
Nice,1,negatif
apli nya mantap bingit,5,positif
mustahil lagi di rekomendasiin dia.kita pilih lagu gak bisa. harus membership dulu kikir emang,1,negatif
saya suka menggunakan dalam sehari hari tapi terlalu banyak iklan,5,positif
ok,5,positif
"makin kesini makin banyak IKLAN kmrn"" masi oke 2 ini skrng uda 5 IKLAN, lama"" semua lagu di ganti iklan aja, gajelas",1,negatif
sangat bagus,4,positif
bagus dan enak,5,positif
mantap,5,positif
"kikir banget kacau, mau milih lagu aja harus premium. ga cukup iklan 2 kali tiap ganti musik?",1,negatif
ga bagus nih apk,1,negatif
iklan semakin lama,3,netral
bgud,5,positif
"iklannya terlalu banyak, 1 lagu 1 iklan apalah",1,negatif
wow,5,positif
tujh me rab dekhe tahe Yana oo ya karon,3,netral
"Gila ni aplikasi,makin hari makin kikir",1,negatif
"iklan nya, kurang banyak",3,netral
ini bagus sih aplnya udah dari dulu saya download Spotify soalnya lagu lagu nya komplit+lagu lagu yang pengen kita cari ada semua di Spotify apalagi kalo ditambahin fitur premium tambah enak buat mutar lagu,5,positif
kerennnn,5,positif
semakin kesini iklannya gak ngotak bahkan sampe 5 iklannya #boykotSpotify,1,negatif
enak didenger lagu nya juga banyak,5,positif
"APLKASI KIKIR, USER DIPAKSA PREMIUM KOCAK",1,negatif
sampah,1,negatif
baguss bagat,5,positif
boikot,1,negatif
"skrg jadi jelek, masa mau dengerin aj hrs premium, maksa bgt sih?",1,negatif
terbaik,5,positif
apk kikir,1,negatif
kikir monyed,1,negatif
masa mau putar lagu harus premium,1,negatif
"iklannya bikin ngelus dada, banyak kali cielah",1,negatif
"kikirnya tuh kikir bgt cik, Gw dengerin lagu langsung iklan, Lgi galau tiba tiba bgt iklan, ""1 domba 2 domba 357 domba 🙏💔🥀"" Males bgt denger itu💔🥀, Makin kesini makin banyak iklannya, 4 lagi iklannya, Kesel, Udah iklan banyak, durasi iklan banyak, Tolong di kurangi iklannya, biar ga kesel lagi, Semoga di perbaikin💔",1,negatif
bagus,5,positif
"lama² makin gk suka sama Spotify, kyak maksa harus premium jir, iklannya aja sekarang sampe 4x gk kyak dlu jarang² iklannya",2,negatif
mantap,5,positif
semuanya aja harus premium. dasarr.,1,negatif
ok,5,positif
bagus,5,positif
sangat bagus dan memuaskan,5,positif
lagunya bagus banget,1,negatif
"jelek, iklannya kebanyakan, ada batas milih lagu, harus premium",1,negatif
"JELEK, MASA MAU DENGERIN LAGU YANG AKU MAU HARUS PREM. KEBELET HAJI KAH????",1,negatif
"banyak iklan buat beli premium di aplikasinya, terus Mau pilih lagu aja susah kaya harus berbayar. Aplikasinya jelek pelit. harus boikot",1,negatif
Apa² harus premium gajelas bat dah,1,negatif
saya sangat suka karena lagi di tiktok bisa langsung terkoneksi ke spotify,4,positif
sangat lah baik ole baik😭,5,positif
"BAGUS VANET SUKAK MUWAH, btw iklanbya d ilgin pls bwt yg g premium, kn ak syedih klo ad ikln🫰🫰🫰",5,positif
"lebih suka pake spotify, karna menurut saya ini lebih gampang, minusnya cm hrs beli premium biar ga ada iklan aja, tapi keren si ni apk, suka banget sama apk ini, kalian jangan lupa download yaa!",5,positif
too much ads,1,negatif
Apk kikir,2,negatif
aplikasi kikir pantekk,1,negatif
makin lama makin naik harga nya,4,positif
"enak sih enak, TAPI KENAPA SEKARANG KEMAROK KALI SIH, kebelet naik haji? lagi butuh duit?, dikit² iklan kocak😹😹😹",1,negatif
kikir,1,negatif
kikir,1,negatif
bagus banget aplikasi nya,5,positif
iklan aja terus,1,negatif
"gajelas ni aplikasi udah 1 Minggu ga bisa di buka tulisan nya periksa koneksi internet padahal sinyal di sini aman"" aja dan koneksi nya normal cuma di apk ini aja yang begitu muncul periksa koneksi internet terus sudah saya coba hapus dan install ulang pas saya buka apk nya terjadi kesalahan terus tulisan nya",1,negatif
terlalu banyak iklan,1,negatif
TERLALU BANYAK IKLAN!,1,negatif
seru,1,negatif
aku kasih 4 soalnya nggak bisa ofline plus ada iklanya,4,positif
"kikir bangke, masa milih lagu di paksa pake premium dulu, gausah haus uang deh, kyk koruptor aja",1,negatif
aplikasi nya bagus cmn selalu hilang akun kita jadi disuruh daftar terus terusan sama spotify nya tp apl nya tetap bagus kok,3,netral
"kikir, ganti lagi doang iklan",2,negatif
ini sisi bagus seruh lagu nya cernih sisi buruk nya banyak sekali iklan 4 iklan,3,netral
enak,5,positif
kikir banget dah sekarang. emng sepenting itu kah buat premium sekalian bikin ini aplikasi berbayar,1,negatif
lebih mudah,5,positif
Aku suka app nya tapi tolong iklan nya di turunin durasi nya jadi 1 menit aja,4,positif
suka bangett,5,positif
"lama lama ini aplikasi makin kikir mau skip lagu bayar, mau pilih lagu bayar juga masalah nya napa si",2,negatif
"kok eror muluh sih,",1,negatif
terimakasih,5,positif
"bagus, dan semua musik lengkap poll😍",5,positif
bagus buat dengerin lagu pas main atau pas belajar. cuma iklannya kurangi,5,positif
"kebelet haji apa gimana, mau denger musik aja harus premium, pusing tau ga",1,negatif
top,5,positif
sura nya bgs,5,positif
👍👍👍,5,positif
"as an old user sebenarnya nih aplikasi lengkap, fitur nya juga menarik menarik, tapi iklannya itu loh. dulu sebenarnya saya gapapa harus denger iklan, tapi makin kesini makin gila aja, 1 lagu 3 iklan, bingung, ini saya mau denger lagu apa denger iklan. rasanya dipaksa banget biar user nya upgrade premium",1,negatif
mau denger lagu yg dipilih malah disuruh beli prem anj dh tau orng sederhana masih aj dipaksa,1,negatif
"spotify titisan capcut,dikit dikit iklan,dikit dikit premium👎👎",1,negatif
"saya udah melapor dan udah bener masalah nya, pelayanan operator bagus kerena langsung menerima keluhan saya, tapi kalo masalah nya dateng lagi saya kasih bintang 1 lagi, sekian makasih",5,positif
bagus,5,positif
"Makin Kapitalis ae nih apk, milih lagu aja harus premium sekarang",1,negatif
mau ngasih bingtang5 cuma masih ada iklan nya😀☺️,4,positif
kikir suruh ujicoba lalu bayar 75.000/ bulab malah bayar di muka,1,negatif
masak pilih lagu jatuh premium itu niat ngasih kennyamanan ke pengguna atau mbajak pengguna oi jangan mata duitan,1,negatif
aplikasi musik terlengkap pokoknya mah,5,positif
bagus aj app ny,5,positif
boikot!!!,1,negatif
makin lama makin gajelas,1,negatif
mantap,5,positif
good luck to Spotify,5,positif
bagus banyak pilihan lagu nya,5,positif
saya yakin aplikasi ini bagus 👏👏👏👏,5,positif
ada banyak lagu termasuk lagu perpisahan 🙂🙂,5,positif
apk kikir boikot aja guys,1,negatif
gacor,5,positif
lagu nya cocok untuk yg lgi galau,5,positif
full iklan🤢,1,negatif
iklannya banyak banget,4,positif
"aku kasih bintang 2 mohon di baca ulasan aku, ada pertanyaan kalo spotify sekarang susah di buka, ngelag, jangan di premium, aku gak suka sama spotify yang sekarang, yang susah di buka, tambah ngelag, susah, gak suka, berikan pengupdate an baru, supaya spotify nya gak susah di buka nya, sama gak ngelag, saya benci dengan apl ini",2,negatif
aplikasi kikir😹 mau milih lagu aja kudu premium anjr😂 mana iklan ga ngotak sekali iklan Ampe 3 mana panjang lagi kikir bener ni apl😹😹😹,1,negatif
bagus,5,positif
"mntp, bs dgr musik smbl gmon",5,positif
aplikasi yg sangat membantu,5,positif
Sangat membantu dan menghibur dalam perjalanan,5,positif
good job,5,positif
bnyak iklann sdh 4iklan,1,negatif
"apknya sih bagus-bagus aja, tapi ada beberapa lagu yang ga ada. trs iklannya bejibun. dulu 4 sekarang nambah lagi jadi lima. baru dengerin lagu tiba-tiba iklan lagi, mana iklan nya itu² aja, padahal udah di dislike. ini suruh dengerin iklannya nih daripada lagunya?",1,negatif
masa harus bayar 79.000 untuk dengerin satu lagu pilih sendiri lagunya aja harus bayar.apalah🙃,1,negatif
"SUKA BANGETT, apalagi aku penyuka music. tpi kdang' aku nambahin satu music di antrean, music nya tuh ga keputar. padahal apk nya baik' aja, gaada masalah. but it's okay, ga sering' banget kok.",5,positif
teman setia setiap saat,5,positif
spotify sekarang kalo mau milih lagu harus premium 😮‍💨. itu fitur basic di buat premium woylah,1,negatif
harga buat premiumnya dikurangin dong min 🙈,5,positif
mantap,5,positif
"overall udh bagus bgt, tapi harga premium nya kurang worth it untuk sebulan",5,positif
kok aku pencet lagu nya malah keputar yang lain,5,positif
keren,5,positif
aplikasi makin kikir gak bisaa putar lagu dipilih harus premium,1,negatif
"iklannya bnyk ,terus lama lagi jdi gaa mood dengar musiknya",1,negatif
awesome,5,positif
"apa apa berbayar terus dikit dikit iklan, maksa banget buat orang jadiin premium 🥀",2,negatif
ok,5,positif
"bagus banget kualitas suaranya, tapi tolong developer buat kurangin iklannya.",4,positif
sekarang harus beli premium dulu baru bs milih lagu gak kayak dulu,1,negatif
"sang pemberi kebijakan lagi kejar setoran yaaaaa, ngapaa jadi gak boleh pilih lagu meskipun bukan pengguna premium, maksa bgt harus ke premium, selagu 4 iklan skrng di paksa ke premium dan gak bisa pilih lagu, kejar setoran bgt wkwkwk, mari kita berpindah apk #semuaorang",1,negatif
apaan coba baru aja di download beberapa menit kemudian udh ke hapus lagi sendiri nya jadi males gua harus download login download login bosen gua,1,negatif
"spotify lama² jadi you tube, hrs nya video yg di tampilkan yg berhungan dgn musik misal konser musik atau pun tentang history para musisi bukan nya podcast² sampah di tampilkan #parah",1,negatif
sangat membantu q saat sibuk dgn tugas kerja at rmh,5,positif
menyenangkan karena enak lagu enak suaranya nyanyi dan bisa jumpa arti masing-masing,5,positif
enk bgt buat dengerin pas mau tidur,5,positif
aplikasi nya bagus lagu nya lengkap semua dan saya suka lagunya,5,positif
aplikasi nya bagus saya suka semua musik ada disini👍🫰,5,positif
"Bingung, cuman mau bilang aplikasi nya pokoknya The best👍",5,positif
"lagunya bagus dan gratis cuman,iklan yang mengganggu lagi asyik asyiknya dengerin lagu sedih malah ada iklan gak bisa di lewatin lagi harus tunggu baru bisa nonton lagi..",4,positif
"banyak iklan, ok lah ada iklannya tapi ga segitunya juga banyak banget GA NYAMAN",1,negatif
bagus buat dngar musik,5,positif
kikir banget udah gak bisa milih lagu lagi kalo gak premium,1,negatif
bisa mendengarkan musik yang sangat bagus,5,positif
"aplikasi kikir,baru 1 lagu udh iklan 4kali",1,negatif
top,5,positif
aplikasi yg kikir,1,negatif
kenapa gak bisa pilih lagu sendiri kikir,1,negatif
"Spotify ini tuh mantap apalagi KLO nyalain lagu"" favorit kuu makin enakkk",5,positif
iklan lu kebanyak nora,1,negatif
"baru kali ini ada aplikasi umum yang sangat kikir, memaksa orang untuk membayar premium, fitur yang di persempit, bahkan memilih lagu dan skip lagu sudah tidak bisa, dasar aplikasi sampah!!!!!.",1,negatif
terlalu banyak iklan,1,negatif
ga banget.,1,negatif
kikir masa dengerin lagu 3 kali iklannya 6 kali,1,negatif
yah kikir kaya yang lain,1,negatif
cukup bagus,5,positif
anj milih lagu harus bayar 40 rebu,1,negatif
Spotify telah membantu ku untuk fokus saat bermain dan lagunya tidak ada yang pernah gagal! Terima kasih Spotify telah menemani hari hariku :),5,positif
"ni apk kikir bet anj, apa² harus premium, mana iklannya 4 co",1,negatif
mau galau aja harus denger iklan dulu :(,3,netral
baguss bangett bisa dengerin laguu favorit tapi saran aku beli premium karna iklan nya lumayan banyakk,5,positif
"sekarang kikir nya minta ampun, mutar lagu maksimal 3 , kalo mau nyetel lagi lagu favorite nya harus premium dulu, maaf sporty kamu ku uninstall",1,negatif
"demi apa ko spotify boros kuota si,terus iklannya yaallah 1/4,ga semua orang punya duit buat bayar premium ya🙏🙏 disini aku bukan ngejekin atau apa ya perasaan dulu spotify ga gini semenjak ada premium jadi ribet,iklan juga kalau 1/2 masi oke itu kadang 4/3,baru 2 lagu langsung iklan jadi kaya ga leluasa juga makenya kaya apa ya aplikasi iklan jadinya🙏🙏🙏",1,negatif
hanya memilih lagu untuk diputar harus langganan premium?,1,negatif
"yeh ajg udah paling bener iklan maksimal 4, malah nambah 5 bangsatt. spotify semiskin apasih sekarang? kasih toleransi dikit buat yang non premium, tolong banget inimah",1,negatif
kikir amat ni app masa mau pilih lagu yang mau di denger harus premium dlu,1,negatif
"aplikasi kikir banget sumpah masak iya nyari lagu buat disetel malah bilang ""mau milih lagu sendiri? bayar premium 3 bulan dst"" kalo ga niat bikin aplikasi lagu jan kikir kikir lah masak iya mau milih lagu disuruh bayar premium dulu? mana mahal lagi, masak cuman pen dengerin lagu yang diinginkan harus sampe ngeluarin ratusan ribu? mohon direspon yah",1,negatif
"makin kikir aja nih lama lama😂,milih lagu aja harus prem, keren banget begitu 😹",1,negatif
mantul,5,positif
mantap,5,positif
makin kesini makin kikir,1,negatif
"Kikir banget,iklan bejibunn 👎",1,negatif
"monyet iklan mulu, satu domba.. dua domba.. tiga ratus lima puluh tujuh domba..",1,negatif
"gk lama kayanya klo cari lagu harus premium dulu, lagu yg disukai aja harus premium dulu baru bisa putar lagu yg kita mau",2,negatif
"kikir bet dah mau pencet lagu harus beliiii beliii apalahh, enak yang dulu dah sprotifay sekarang kayak butuh duit bangett keree bilang",1,negatif
sangat keren,5,positif
iklannya terlalu banyak masa sampai 4-5 iklan kalau 2 iklan gapapa lah ini 4-5 iklan apa kagak kebanyakan tah intinya spotify iklan mending kurangin deh jangan sampai 4-5 iklan setidaknya iklannya 1-2 dikurangi yang penting gak terlalu banyak,1,negatif
good,5,positif
"Saking keselnya aku sama iklan, mau ga mau aku jd harus berlangganan sialan!! Tolong kalo masang iklan 1 aja lah bree!! Ini sekali iklan 4 bjirrr, mana ga bisa diskip lagi kocak benerr!!",2,negatif
"makin muak sama apk ini, kenapa? because setiap mau pilih lagu, eh disuruh bayar, apa coba? apk kikir mau nya duit doang, sekarang malah ada 4 iklan, masa setiap satu lagu selesai langsung iklan, buset dah 😂✌",1,negatif
bagus,5,positif
"makin kesini kok milih lagu doang bayar,lu kira kita Banyak harta apa? kita cuma nikmatin apk lu,Lu juga dapet duit dari hasil kami download apk Kalo gini caranya namanya Monopoli",1,negatif
jgn berbayar dong aku masih bocill lho,5,positif
aplikasi kikir dan kapitalis the next level😹,1,negatif
kebanyakan iklan sekalian aja buat konser iklan,1,negatif
ni spotify buat main ml jga enak co bikin mod main di tengah malam,5,positif
semoga ke depan nya lebih baik lagi sukses selalu spotify forever music in the world,5,positif
"bagus banget, kikirnya",1,negatif
sangat banyak sekali musik nya,5,positif
terimakasih atas ke baikan kalian saya sekarang bisa memutar musik,5,positif
Karena lagu nya enak,5,positif
aplikasinya bagus cocok banget buat dengerin lagu dan mantap deh saya kasih bintang nol karena saya jahat 😡,1,negatif
"APLIKASI KIKIR BGT ANJIRR, IKLAN 2-3 OKE INI 3-5 APA GAK WARAS, MANA GUE BARU MILIH 3 LAGU UDAH KENA LIMIT SEOLAH GUE UDAH MILIH 30 LAGU CIKMAY, pls ak uninstal km karena km kikir, aku mau premium pun harga nya mahal dah gak minat",2,negatif
"pas awal nyetel musik gk ad lirik nya saya bingung, Edit: BAGUS BGT Iklan nya nambah sekarang jdi 3/4 , Maksa bgt buat beli spotify premium anj",2,negatif
"tidak bisa membuka aplikasi muncul notifikasi terjadi kesalahan, padahal masih berlangganan premium, padahal internet lancar sia"" premium nya",1,negatif
bagusss,5,positif
aplikasi ga jelas tiba tiba nyedot dana maksa premuim,1,negatif
"jangan karena kita gak premium jadi iklan trus, iya banyak yang gratis tapi gak bisa di peke Berjam jam",2,negatif
spotify ini bagus untuk nge lagu pas lagi galau🙃,5,positif
aku sangat suka dengan Spotify,5,positif
"pelit banget, yang awalnya bebas pilih lagu tiba-tiba jadi 3 lagu bebas pilih ehhh sekarang malah gak bisa milih sama sekali!! bahkan iklan nya ada 4, plis turunin lah ya pelit nya apa karna apk nya udah terkenal banget kali ya sampe sepelit itu, brengsek sih",1,negatif
"spotify kikirr!!! sekarang gabisa milih lagu sama sekali, harus premium. dan kalo iklan pun sekarang 4? 4 iklan?? ga kaya dulu, dulu masi bisa milih lagu sendiri walau nanti ada iklannya its oke, lah sekarang ga bisa samsekk harus premium. kecewaa👎👎👎",1,negatif
masa sekali iklan langsung 3 iklan,1,negatif
baguss bgtt,5,positif
"maaf ini sebelumnya gw g masalah sama iklan masuk,toh gw juga blm premium,tapi ini kok lama"" iklan nya tambah""dri durasi Ny tambah lama sama jumlah iklan nya 3-4 skrg sampe 5? tolong lh,iy gw blm premium tapi masa 1 lagu iklan ny 5,1 durasi iklan ny 1 menit kadang lebih,ini lumayan over dan agak mengangu iklan ny, tolong di lakukan penyesuaian",1,negatif
mantap,5,positif
awesome,5,positif
seruuuuu,5,positif
boikot,1,negatif
makin kikir njing,1,negatif
"saya perasaan ga dengerin musik setiap hari, pas aku masuk ke spotify kenapa tiba-tiba premium pas mau dengerin musik?",3,netral
"Spotify is an amazing app for music lovers. It has a huge collection of songs, smooth performance, and easy-to-use interface. Great for discovering new music anytime. Highly recommended!",5,positif
apk kikir iklan banyak,1,negatif
kebanyakan iklan ente,1,negatif
pilih lagu aja harus berbayar,1,negatif
"knp skrg gbsa milih lagu sendiri sih malah hrus premium dulu, klo pas dulu kan msh bisa pilih lagu ya walaupun kema limit, tpi skrg samsek gbsa pilih lagu, klo masalah iklan ya gpp sih walaupun emng banyak bgt.",1,negatif
"apa njir, skrng dikit dikit iklan, dikit dikit harus premium",2,negatif
"sebenernya ni apk bisa jadi apk streaming musik fav gue kalo aja GAK KIKIR. PELIT BANGET heran, iklan mulu, bukannya ga mampu langganan, tapi gue GAMAU karna berarti gue KALAH dr iklan iklan ni apk, lagian ownernya mau bangkrut apa gmn sih, butuh uang banget kah, padahal tanpa kalian peras peras uang kita juga ni apk udh jadi apk streaming musik paling terkenal kan? plis lah dermawan dikit, kasian penyanyi & band fav byk org streamernya jd berkurang gr gr iklan kalian kebanyakan",1,negatif
iklannya 4,1,negatif
Keren,5,positif
"saya kasih bintang lima supaya saya berada dk atas,untuk kalian yg ingin mendengar lagu jangan mendowload ini apk yg sangat rakus menurut saya karena,saat saya ingin memdengar lagu saja butuh berbayar.JADI SAYA SARAN KAN JANGANN MENDOWLOAD APLIKASI INI!!!!",5,positif
ngotak dikitlah kalo ngasih iklan,1,negatif
"ga enak banget waktu dengerin lagu tetiba iklan, dan iklan nya ga satu atau dua iklan tapi LIMA?!!!",1,negatif
"kikir bgt udah iklannya banyak baru satu lagu udah 4 iklan mana sok tau banget lagi ""lagi ngedaki tumpukan setrikaan""? orang gua lagi di jalan naik motor bukan lagi nyetrika dihhh",1,negatif
wkwk makin pelit bahkan mutar lagu di playlist udah gabisa milih lagi 🤣,1,negatif
"makin lama makin kikir, apa apa dibatasi, apa apa harus premium ga waras kikir tingkat dewa",1,negatif
banyak iklan,1,negatif
"aneh, semakin hari makin ngga jelas🗿",2,negatif
mantap betul,5,positif
"apa apaan ini, sekarang mau mutar lagu yang lagi pengen didengar di playlist sendiri, udh ga bisa, muter lagu acak. kalo mau muter lagu apapun yang kita pengen denger harus langganan. makin lama makin jelek, udah gitu baru puter lagu sekali iklan bisa 3 kali atau lebih.",1,negatif
ini kenapa saya tidak bisa melihat playlist saya ya? pada udh update sama internet saya lancar? tolong perbaiki,1,negatif
sangat jelek,1,negatif
bayak iklan ini menurut ku,3,netral
baru 2 lagu langsung di suruh beli premium bangke🗿. . . mana di masing masing lagu ada iklannya lagi *sampe 4 iklan loh ya *🤌🤌,1,negatif
too much add👎,1,negatif
"dulu masih bisa milih lagu (batasannya 6) tapi sekarang gabisa milih SATUPUN, bisa memilih pun setelahnya IKLAN SAMPAI 4. awalnya bagus sih, semakin kesini semakin kurang buat nyaman, terimakasih.",1,negatif
makin kikir,1,negatif
bagus bisa sambil gambar biar fokus makasih untuk kualitas dan aplikasi nya keren,5,positif
"apaan nirrr disuruh bayarr truss,gak msalah sih.. cuman masa hrus prem dlu bru bisa milih lagu selalu ngasih lagu yang direkomendasikan untuk anda.. apaan nirr bagusan yang tahun lalu kayak taii,pelangi.",2,negatif
"spotify ini aplikasinya emang bermasalah apa emang lunya udah kikir dah. kan setiap pergantian hari pasti bakal ke reset biar bisa milih lagu kan. tapi kenapa spotify gua udah gabisa di reset biar bisa milih lagu. ini udah hampir seminggu gua kaya gini. kalo emang bug tolong benerin bugnya, tapi kalo emang lunya yang kikir ya yaudah cukup tau aja gua",1,negatif
baguss,5,positif
"makin kikir aja ni aplikasi, masa ngeplay playlist sendiri aja harus premium/ tunggu besok untuk memilih lagu apaan dah, udah iklan nya 3, ditambah gabisa ngeplay musik yang di pengen",1,negatif
jelek bet mau ganti lagu masa harus bayar maksa bet,1,negatif
"bebas iklan jadi seru dengerin lagu nya , lagu nya banyak jg",5,positif
sangat bagus saya bisa dengerin lagu sambil buka WhatsApp dan aplikasi yang lainnya,5,positif
boikot,1,negatif
"Makin kikir ya, iklan banyak bet, kadang sampe ada banner iklan ngehalangin cover ama di beranda, sama juga sekarang kok gabisa pilih lagu sendiri ???!!! kikir final boss.",1,negatif
"ya ok lah, tapi kebanyakan iklan, premium juga keterlaluan, tidak semua pengguna ada duit yh anjir, gila banget sama premium, sekarang mau milih lagu aja mesti premium, apa apa premium, ngaco",2,negatif
iklannya banyak,4,positif
iklan nya lebih banyak dari lagunya,1,negatif
ikan nya 4 😂,2,negatif
"sukaaaa cmn banyak iklannya ih, GPP kl satu atau dua, inimh kadang empat",4,positif
"terlalu banyak iklan, trus sekarang udh gabisa piling lagu sendiri?! kalo pun mau pilih lagu harus pake premium. jadi makin males buat denger lagu nya. tapi dulu ga separah ini, malah dulu ini apk favorit",2,negatif
Karena kebanyakan iklan,4,positif
semua nya VIP harus bayar ga asik ih mana mahal banget lagi harganya,1,negatif
GAK SUKA BANGET!!! ketika mau pilih lagu sendiri harus premium???!!,1,negatif
"bagus bgt sih tapi kadang"" ada lagu yg ditiktok padahal bagus, tapi gak masuk dispotify, apalagi DJ"" yg keren, mohon kerjasamanya Spotify 🙏🙏☺️",5,positif
kikir,3,netral
wnak,5,positif
bagus njir sumoah,5,positif
"banyak lagi kesukaan yang bisa saya dengar dengan gratis disini, saya suka apk ini apa adanya jadi kalau ada update baru saya akan memilih tidak meng-update nya😚☺️",5,positif
naguss,5,positif
bintang 1 pun gak layak aplikasi yg sangat laparr kebanyakan iklan mending hapus byee.,1,negatif
serakah bgt anj masa pilih lagu harus premium bloon bgt 😹,1,negatif
dev laper + nyawit,1,negatif
kenapa selalu error waktu di buka? ketika mau switch account malah hilang semua akunnya? jadi nggak bisa dinikmati dong klo kaya gini....,2,negatif
"Mau pilih lagu aja harus premium,kebelet haji apa gimana buset 😭",1,negatif
"kikir,makin banyak iklan",1,negatif
APK NYA PEMAKSAAN MINIMAL BISA PILIH LAGU YG INGIN DI PUTAR LAH,1,negatif
"apk kikir, mau ganti lagu disuruh premium dulu makin kesini kikirnya keliatan banget🗿",1,negatif
makin ga jelas apa' harus prem,1,negatif
adalah pokoknya,5,positif
kikir banget astaga,1,negatif
"this is really great, this app is very useful and helps me to listen to songs more calmly, my only suggestion is, please provide a feature to download the song to enter the mp3 file, okay?",5,positif
bagus lagunya,5,positif
"apk serakah 🤮 dikit2 premium, hapus aja gusy ganti apk lain",1,negatif
"mantap musiknya asik,album band lengkap suka",5,positif
banyak iklan,3,netral
bagus sekali kualitas nya,5,positif
"banyak iklan nya, ga rekomen banget.",1,negatif
"boikot spotify, aplikasi kikir, dikit2 iklan",1,negatif
spotify lu knp hrus boikot si?,1,negatif
baik,4,positif
"ini Spotify gua kenapa dah? masa gabisa masuk, error terus, padahal sinyal full, kuota banyak",1,negatif
"makin nyeleneh ini aplikasi, milih lagu cuma bisa 1 kali, seterusnya harus premium, kalo mau milih sendiri harus nunggu besokannya, itu pun sama aja cuma bisa milih 1 kali, iklan lama + banyak, woi ngotak dikit lah, berasa ga dianggep pengguna nih yang ga premium, apa² harus premium dulu. SEKARANG MAKIN JADI WOI, GABISA MILIH LAGU SAMA SEKALI, HARUS PREMIUM DULU, EMANG GA DIANGGEP NIH PENGGUNA NON PREMIUM",1,negatif
huwww boikot,1,negatif
bagus,4,positif
aplikasi kikir cik 😹,1,negatif
"semua serba premium, uninstall",1,negatif
bagus,4,positif
we can't even choose the music now?,1,negatif
cmn farming uang doank,1,negatif
kurangin iklan nya dong kaya waktu itu muak dngr iklan. ga smw org ada uwang bg buat prem,2,negatif
sangat seru dan gratis,5,positif
kebanyakan iklan goblog,1,negatif
bagus ban,5,positif
"aplikasi kikir jembod, mending pindah ke aplikasi metrolist, spotify milih lagu aja harus beli premium, gw kasih bintang 5 biar ulasan gw keliatan di atas",5,positif
"apa apan, milih lagu pun harus premium dan g bisa milih sendiri tapi harus di acak. untuk skrg bintang 1",1,negatif
sangat bagus membantu kegabutan,5,positif
all old song is exist in spotify THANK YOU😁,5,positif
"semakin lama terlalu komersil, ga memikirkan kepuasan pelanggan...",1,negatif
Please Spotify dengarkan kritik dari user kalau masih mau bertahan.Sekarang makin pelit aja.Iklan semakin banyak dan setiap selesai dengar lagu pasti ada iklan dan iklan nya pun ga sedikit bisa sampe 5 sekaligus.Untuk pilih lagu pun sekarang dibatasi maksimal 3 lagu setelah itu ga bisa.Kita dengerin lagu juga modal pake kuota yg semakin mahal.Sekarang kalau semuanya harus bayar lama2 mending uninstall aja ga guna juga,1,negatif
woy apa apaan 1 lagu 5 iklan edan,1,negatif
menghibur......lagunya selalu update,5,positif
Nice,5,positif
kikir,1,negatif
suka iklan karena ga premium and ga urut lagunya,4,positif
"too many ads, only 2 songs then there are ads up to 4, too many and annoying.",1,negatif
saya suka,5,positif
"aplikasi kikir dikit dikit iklan, dipaksa premium",2,negatif
down grade' njir,1,negatif
mantap musik,5,positif
kikir parah gng💔💔🥀🙏 masa mau pilih lagu sendiri harus premium kocak mana iklan nya langsung 4 lagi siapa sih yang bikin apk ini,1,negatif
favorit banget inimah 😛🤤,5,positif
"makin lama makin kikir harus premium,ga sekalian bayar aja pas download nya😂",1,negatif
"apk kikir, makin lama iklan nya makin banyak. sekarang 2 lagu 4 iklan cok, dah lagi kena pembatasan.",1,negatif
Aplikasi yang paling bagus banget saya suka sama musik indonesia dan musik barat.,5,positif
terima kasih selalu yang terbaik,5,positif
masa skrng milih lagu juga harus premium? iyaiya gd yg free didunia ini,1,negatif
kenapa sih skr kalo mau dengerin lagu yg udah difaforitin harus premium! terus sekarang juga udah gabisa dengerin lagu pake mode yg satu lagi itu bisa diulang terus terusan😡😡,1,negatif
Bagus ya,4,positif
apk pelit banget putar lagu aja harus berbayar sekarang ga bisa sesuai keinginan untuk iklan udah gapapa masih banyak sampai 4 iklan tapi ini ga bisa mutar lagu yang di inginka harus berbayar mau uninstal aja dah,1,negatif
makin pelit ajj suu,1,negatif
"ga ngotak iklan sekarang sampai 4x, unskipable. Ditambah lagi kalau kaga premium ga bisa milih lagu. Kulihat banget pengen maksa penggunaannya antara kabur uninstall atau beli premium",1,negatif
bagus sih cuman setiap mau pilih lagu mesti aja ada iklan,1,negatif
aplikasi yang bagus tadinya saya mau kasi bintang 5 tapi gak jadi karna saya kesal dengan iklan nya,4,positif
bagus,5,positif
semua nya bagus .lebih bagus lagi klo semua lagu ada lirik nya.,5,positif
busuk,1,negatif
udah bener bener kikir ni aplikasi milih lagu aja harus premium,1,negatif
baguss buat dengerin musik apa lagi pas lagi bosen' nyaa cuman sayang nya kalo offline harus bayarr,5,positif
bagus,5,positif
"yang benar aja kau, duitku udh ke potong t tapi tiba""aja ada masalah dengan perpajang membersip.🫵🏻",1,negatif
"tolong lah jangan apa apa harus premium, milih lagu yang mau di dengar aja harus premium, mana banyak iklan pula baru dengar 1-2 lagu aja udah muncul 3-4 iklan aduh",1,negatif
"app music lain iklannya 1/2 tpi yg ini 1/4, beda dari yang lain🥰 kelas king",1,negatif
"sekalian aja jadiin app berbayar dn*o, kikir amat gratisan dikasih 4 iklan yang lama + gabisa di skip, trs gabisa milih lagu juga, shuffle random yang ga jelas, jelek lah sekarang ini mending diapus",1,negatif
"bagus sih bagus,tapi mulai gak enak,iklan nya 4 , apalagi orangnya sama terussss, sekarang juga lagu gak bisa pilih sendiri,kalau mau pilih harus premium, awalnya bintang 5 sekarang 2,kalau saya lebih prefer joytify",2,negatif
"apk kikir klo g bisa putar sepuasnya minimal iklan jgn 5, 2 aja udh lama apalagi 5 gimana taun depan? mau 10 iklan ha😹?",1,negatif
"bro, what's this update? you can't pick what song again? usually you gave us a limit to choice, like three choices before you can't, but now? you didn't even give us any",1,negatif
bagus,5,positif
delete ah makin lama makin kikir,1,negatif
bagus,5,positif
lagu nya enak enak,5,positif
enak sih tapi aku lupa update udah update ada yang baru bisa buat pyalist sendiri pas aku mau dengerin lagu yang suka eh kok harus beli premium ini gimn kayk ini aja ( ayok pikirkan secara logika gimana ini mojang sptify tolong perbaiki 😭😭😭😭😭💦💦💦💦aku hancurrr,2,negatif
sesuai Ekspetesi ku,5,positif
"Ini gw bukan maksud buat ngejatuhin atau gimana, saran gw buat lu pada mending download""Rhythm Music "" ketimbang spotify, kenapa gw bilang gitu? 1.rhythm Music bisa didenger secara offline kalau kita download(gk lama kok) 2.iklan memang banyak, tapi gk sebanyak iklan di SPOTIFY 3.KGK PELIT KAYAK SPOTIFY ini gw bukan dibayar apa gimana, tapi ini asli pendapat gw pribadi, ""terus kenapa kasih bintang 5 kalo lu gk suka spotify? "" ya supaya ulasan gw di atas lah, pokoknya saran dari gw gitu aja",5,positif
lagunya asik,5,positif
"Overall, aplikasi kalian bagus, the audio is clear dan banyak pilihan lagu. I don't know about your financial situation, tapi makin lama, makin banyak yang berbayar. I don't really mind the ads, but now I can't even pick the specific song I want to hear? Seriously? I'm starting to enjoy it less, and honestly, I’m losing interest.",2,negatif
premium jelek developer nya juga jelek aku kasih bintang 1,1,negatif
kenapa kurang soalnya berbayar harus premium dulu baru bisa tapi aku gak ada uang nya aku lagi nabung buat beli tablet :(,1,negatif
𝒔𝒂𝒏𝒈𝒂𝒕 𝒔𝒆𝒏𝒂𝒏𝒈 𝒍𝒂𝒈𝒖𝒏𝒚𝒂 𝒆𝒏𝒂𝒌,5,positif
"semakin kesini semakin gajelas, sudah beberapa hari mau play music di aplikasi ini langsung disuruh premium. Bagaimana ini sangat sangat sangat terbatas sekali",1,negatif
Bagus sih,1,negatif
seru tapi iklan nya banyak banget😔 but it's ok,5,positif
suaranya jernih,5,positif
hai aplikasi nya bagus banget,4,positif
bnyk iklan,1,negatif
"mau pilih lagi sendiri aja sekarang premium, premium semuaa ajaa",1,negatif
makin kikir,2,negatif
baguss💯 tapi iklan nya ganggu🙂‍↕️,5,positif
untuk musik,5,positif
intinya bagus,5,positif
suka ngeleg,4,positif
fitur ngntt semuanya ber bayar,1,negatif
"apa apaan, udah gabisa milih musik lagi, mana harus bayar 70 ribu lagi. kalo kikir jangan kikir2 banget, ngeskip lagu juga bayar apaan dah. tolong ini aku udah nunggu 1mingguan tapi masih belum bisa milih lagu.",1,negatif
jangan terlalu kikir kaya capcut 😜🙏,1,negatif
bagus sekali lagi BAGUS BANGET,5,positif
bagus bisa lebih fokus sama tenang,5,positif
seru,5,positif
gk banget padahal kemaren aku masih bisa dengerin tapi tadi saat aku mau putar lagunya malah ke mati sendiri pas balik ke home ada tulisan ad yang bermasalah aneh banget? TOLONG DI PERBAIKI!!,1,negatif
"baru denger satu lagu loh?, udah iklan aja mana sampe 3 iklan lagi kalo ga 3 ya 4 sumpahh ih knp bisa gitu?, ga masalah sih setiap denger lagu baru satu ya kan terus iklan , ya tapi gak sampe 4 iklan juga lahh mana lama lagi durasi nya, minimal satu iklan aja ga papa kok iklan melulu🥰",3,netral
tapi banyak iklan,5,positif
"kenapa ini spotify tidak bisa diatur maju mundur pas di setel lagu nya, tolong di perbaiki ya agar bisa maju mundur",2,negatif
knp makin ksini haruus bayar si,2,negatif
"kikir kali cok, iklan bisa smpe 4. kecewa sih, pdhl apk nya bagus, tpi dev nya mlh kikir parah dgn ngasih iklan yg bnyak bgt gitu. mw prem jg mahal pdhl cuman paketan lite. Spotify jangan kikir' gitulah wok",2,negatif
"kalo pake prem mantep si, tapi klo ga prem kaya kikir gitu gasi",5,positif
"Spotify=capcut, sama sama kikir, masih mending iklan cuma 2, lah ini malah di kali 2, iklan kaga ngotak",1,negatif
anda luar biasa👍🏼👍🏼👍🏼,5,positif
sangat buruk dan jelek,1,negatif
karna udh jarang beli prem tetep gaada iklan awikwok,5,positif
Ini bagus sekali,5,positif
kikir.,1,negatif
kikir 😹,1,negatif
Sorry gw uninstall karena udh terlalu kikir,1,negatif
aplikasi ini bagus banget bisa jadi temen galau hhh aplikasi ini juga gak banyak sponsor nya pokoknya bagus banget deh,4,positif
terhibur dan bernostalgia,4,positif
𝐤𝐚𝐝𝐚𝐧𝐠 𝐣𝐞𝐥𝐚𝐬 𝐤𝐚𝐝𝐚𝐧𝐠 𝐞𝐧𝐠𝐠𝐚𝐤 𝐛𝐢𝐬𝐚 𝐝𝐢 𝐩𝐞𝐧𝐜𝐞𝐭,3,netral
"jujur apk terbaikkkkk, cocok buat mood harian",5,positif
Buah nangka buah selasih Ko iklannya banyak sih,3,netral
apk kikir yang biaaanya milih lagu buat kita denger kok ini saya mau milih lagu aaya ga biaa malah ada tuliaan harus prem dulu apaan coba kaya begitu udah mah iklannya banyak dasae kikir,2,negatif
baguss,5,positif
aplikasi nya bagus tapi mohon kedepannya di tambahin fitur-fitur yang bagus 👍 itu aja,5,positif
4 ads for 1 song? really?! i'm done,2,negatif
"kocaq, iyasih ga prem. tapi masa 1 lagu 5 iklan, lebih panjang durasi iklan daripada lagu, udh gabisa diskip. mending yt music.",1,negatif
bagus aku sering pake pas lagi main roblox,5,positif
bagus,5,positif
"ni kalau bisa kasih bintang setengah kasih setengah, gelo iklan bisa 5-6 kikir berkedok harus premium. intinya MAKIN KIKIR.",1,negatif
bagus enak,5,positif
"makin ngawur ni spotify, skrng baru buka aja udh gabisa pilih lagu, langsung di suruh premium, jujur kalau iklan masih okelaa, cuma ini mau muter lagu yg kita inginkan eh gabisa di suruh premium, jujurr ni ye mending sekalian aja jadiin ni app berbayar dah, download nya suruh bayar gituu",1,negatif
kebanyakan iklan woiii,1,negatif
Subscription fees are too expensive compared to apple music or other,1,negatif
mantab,4,positif
spotify banyaj music pilihan,5,positif
biarkan kami memilih lagu sendiri,1,negatif
"kikir bagus aku make mod, masa mau dengar lagu yang di inginkan malah harus premium, kikir bagus apk nya aja yg berbayar trus kalau mau aktifkan fitur² penting harus premium, ini malah mau dengar musik yg diinginkan malah milih acak kon...... kebanyakan nyawit lu kon",1,negatif
baguss,5,positif
udh apk bagus malah supp 1bls kecewa,1,negatif
kurangin iklan nya lahh udah 3 aja nih iklan nya Min,4,positif
seru sih bisa denger lagu tapi banyak iklan nya njirr,4,positif
"mantapp, supeerrr",5,positif
baik,5,positif
aplikasi kikir,1,negatif
saya suka mendengar kan lagu saat beraktivitas,5,positif
bagus,5,positif
asli jadi kikir bet sekarang ga bisa pilih lagu yg mau di stel harus premium,2,negatif
"aplikasi kikir on ol mau milih lagu sesuai keinginan malah ditentuin sendiri kudu premium dulu jadinya ga sesuai 🥀(apalah kolot tetep kolot kikir, sama aja gabisa milih lagu sesuai keinginan mesti random mulu, harus premium dulu)",1,negatif
"sengaja saya kasih bintang lima biar keliatan, jujur sebenernya ini aplikasi kikir banget kalo ga premium, masa iklan yang tadi nya 3 jadi 4, udah mah durasi iklan nya ga ngotak, saya yang udah nunggu buat nikmatin musik harus sabar, tolong lah admin kurangin iklan nya.",5,positif
gua emang selalu berlangganan disini. tapi kenapa ko ada riwayat transaksi yg kepotong 2x dalam 1 bulan dari Spotify? dalam 1 bulan loh. Yg bener aja dong,1,negatif
iklannya gila,2,negatif
udah gak bisa dengerin musik yang kita cari dan harus bayar dulu?? hati hati lama lama kaliam kayak joox karena gila uang,1,negatif
sangat cocok untuk saya,5,positif
"apk apaan yg nge wajib pengguna nya premium, kalo bisa kasih bintang minus mah mending kasih bintang minus deh. udh gitu ada iklan nya banyak, tp tetep disuruh premium ew",1,negatif
spotify musik 30% iklan 70%,4,positif
apk kikir,1,negatif
"KIKIR BANGET JADI APLIKASI, JINK",1,negatif
lagu yg bagus,5,positif
good,5,positif
musik gw banget,5,positif
bagus banget buat yang suka dengerin lagu,5,positif
kikirr apaan baru denger 1 lagu iklan nya 4 kikirr kikirr....,1,negatif
kikir,1,negatif
makin kikir,1,negatif
di tablet ngga bisa milih lagu selalu ke acak sendiri,2,negatif
"makin lama makin kikir + kumat😹 1/2 lagu iklan 4 makin nambah aja si kikir ini, mending serbu rating 1 aja di play store geys😹",1,negatif
"iklannya makin banyak, awal"" cuma 1 trus nambah jd 2, nambah lg jd 3, sekarang iklannya 4 lama"" nambah terus ngelebihin durasi 1 lagu, bukannya gk mampu langganan premium, tp tidak semua org juga bisa langganan premium.",1,negatif
terlalu banyak iklan lol apa yg buat anda rugi klo kmi tidak premium,1,negatif
"apk yg uda ga enak, uda kebanyakan iklan ini nambah lagi ga bisa pilih lagu sendiri. pantesan aja masuk daftar boikot",1,negatif
TAII KALO NGGAK PREMIUM NGGAK BISA MILIH LAGU. KAPITALIS PARAHH,1,negatif
"sekarang banyak banget iklan nya, kadang suka kesel gitu, mohon maaf sekali iklan nya di kurangi 🙏",2,negatif
makin hari makin kikir mau pindah lagu aja harus premium mana 1 lagu banyak bet lagi iklan nya mata duitan dasar mending youtube music ae lah,1,negatif
keren,5,positif
perangkat error.. semua aplikasi tdk bisa dibuka apalagi digunakan.. mohon bantuan krn saya gaptek..🙏🙏,1,negatif
"Aplikasi gampang dicari, lagu dan musiknya pun nyaman",5,positif
ngelunjak,1,negatif
"apalah, iklannya makin ga ngotak, 1/4-5. maksa premium banget",1,negatif
apk favoritsaya,5,positif
jadi asyik bisa dengerin lagu apa aja bisa buat santai,5,positif
"lagu-lagunya lengkap, tapi makin kesini kenapa updatenya tambah aneh ya?? sekarang gak bisa milih lagu lagi, saya sudah membaca respon dari developer, tidak ada update yang dibutuhkan, tolong jangan terlalu membatasi ya 🙏",2,negatif
sangat baik,5,positif
lagunya bagus-bagus,5,positif
mantap 👍👍👍,5,positif
"jangan dinaikkan harga premiumnya, saya merasa sangat kecewa",1,negatif
mantap sekali 👍🏻👍🏻👍🏻,5,positif
"saran aja jangan download ini, sekian.",1,negatif
👍,5,positif
sangat Jozzzz,5,positif
kikir iklan 4 ekok sangat pelit,1,negatif
apk kikir,1,negatif
ya seru gitu di buat sambil tidur,5,positif
"aplikasi ter kikir makin lama makin banyak banget iklan nya sampe 4 dulu 1-2 skrng 4,lama² jadi 10 nih kek nya",1,negatif
bagus,5,positif
baik,5,positif
"iklannya tolong dikondisikan,saya sudah muak dengan iklan yang diulang terus menerus,dan bahkan iklannya ditambah menjadi 4klip dan durasi sampai 1menit panas"" dah telinga mana diulang' terus iklannya kan ngeselin , bahkan putar lagu pun dibatasi dan saya sebagai user Spotify kurang senang dengan layanan seperti ini!",1,negatif
kualitas nya bagus lagu lagu nya seru semua,5,positif
"kikirr bgt, masa iklan nyampe 4?",1,negatif
makin kesini makin agak lain 1 lagu udah iklan apcb,1,negatif
sangat berguna banget bagi aku,5,positif
"bagus bngt enak pokoknya buat dengerin lagu apa aja, wajib dowload buat yang suka lagu 🤍",5,positif
😋😋😋😋,5,positif
"mau dengerin lagu harus premium dulu, gpp dah klo iklan dulu tp skrng gabisa dengerin lagu yang kita cari",2,negatif
"saudara nya capcut ini mah, kikir bgt busedddd, 4 iklan 1 lagu???, baru dengerin satu lagu, udh di suguhi 4 iklan? deymn mikirnya melebihi capcut",2,negatif
kikir,1,negatif
"ini kenapa saya sudah ditagih untuk pembayaran paket padahal tertulis bahwa paket berakhir pada 23/4/2026, sekarang masih tanggal berapa coba? aplikasi tidak jelas",3,netral
boikot buriq,1,negatif
so happy:),5,positif
bagusss,5,positif
"gila kali, baru muter beberapa music udh iklan, mnaa iklan nya ga ngotak anjir smpe 4,eh d tambah ga bisa milih lagi, ga sekalian aja dowload hrs byar 😮‍💨😮‍💨",1,negatif
baik,5,positif
okelah dia tau genre lagu yg gua banget. tp kikir bet jir harga premium ny naek dah ga mmpu gua jd nya. mana iklan jadi banya bet. masa sekali iklan 4.,5,positif
mantap,5,positif
apapun harus premium,1,negatif
pokoknya ok...✨️✊️🙏,5,positif
"jujur spotify makin kikir deh, sebagai pengguna berlangganan, bisa sampe 80k tuh gimana ceritanyaa🥲 kalau gratisan aku ga sanggup iklannya, huft pls adain paket duo lagi🥲",2,negatif
sekarang ga premium gabisa milih lagu yang mau di puter🗿🗿,1,negatif
"bagus' aja sebenernya sih, cuma buat skrg engga. apa' bayar apa' bayar perkara milih lagu doang ga bisa.. klo dlu mah oke masih bisa walau ada batasan skrg udh ga bisa sm sekali anjir? kalo masalah iklan mah masih wajar ya walau kebanyakan, tpi ini udh mah iklan banyak, ga bisa milih lagu lgi bener' skrg apa' bayar anjir ga enak bgt",1,negatif
gajelas updatenya,1,negatif
yaelah lu parah lu milih lagu doang disuruh bayar kapitalis lu,1,negatif
"menurut gue oke aja, cmn kita pas si lagu yg candu dgn nadany it ngk bisa di ulang njir, lagu ny ngk terlalu jelas di beranda ny jd harus nyari judul sendiri sendiri",2,negatif
lumayan aja sih,5,positif
apk ngetod banyak iklan,1,negatif
"emng bgus sih apknya, tpi knp makin kikir ya? skrg milih lgu sendiri aja pake premium segala pdhl dlu bisa walaupun dibatesin tpi ya bgtu lah",2,negatif
terbaik lah nih apk,5,positif
"dikit dikit ngasih iklan jir, malah iklan nya banyak durasi nya panjang busyet baru satu lagu doank udah di spam iklan😂",2,negatif
bag🤮,5,positif
suka bgt sama spotify soal sya suka kpop,5,positif
aplikasi kikir jr,1,negatif
bnyk iklan,1,negatif
apk jelek terlalu banyak iklan dan di paksa bayar ke premium,1,negatif
kereee,5,positif
Ini spaylater saya kenapa main tarik2 aja yah untuk langganan? gak ada persetujuan saya loh. Ini yang pihak spotify tarik bukan saldo. Tapi limit spaylater saya. Ini gimana solusinya? Saya tidak pakai langganan tersebut. Dibantu untuk refund nya,1,negatif
banyak iklan,1,negatif
apk kikir😹,1,negatif
Tidak untuk member gratis...,1,negatif
kikir bet sumpah,2,negatif
iklan bngsat bnyk bngt,1,negatif
"terlalu banyak iklan, tolong utk pesaing Spotify bisa bikin aplikasi music agar bisa menyaingi Spotify agar Spotify bisa jengah dan berbenah kalo kaya gini yg mana iklannya banyak banget keenakan Spotify nya gak ada pesaing yg bisa bikin dia jengah",1,negatif
"Aplikasi lagu paling terbaik di dunia ini. Karena yaaa ini menurut ku aplikasi lagu paling terbaik diantara yang lain!!! Lagu nya bisa di download, banyak fitur-fitur yang bagus, contoh nya bisa dengerin lagu sambil buka aplikasi lain kayak game dll, iklan nya juga sedikit.",5,positif
kikir,1,negatif
"harganya ga ngotak, iklannya pun ga ngotak.. klo mau langganan lebih saran pke 🍎musik,harga lebih murah tapi kualitas udah HI RES AUDIO",5,positif
aplikasi tlol,1,negatif
bagus tapi banyak iklannya,2,negatif
"untuk mendengar musik dan lain lain sudah sangat bagus namun kenapa sekarang untuk mendengar musik yang kita mau harus premium dulu, sebaiknya untuk mendengar musik pilihan dibuat gratis saja terimakasih",3,netral
APK! KESAYANGAN GW LOVEE BGTT 💗💗💗,5,positif
semakin lama semakin kikir ni developer,1,negatif
mantab,5,positif
kikir pemaksaan membeli premium,1,negatif
emang 0K,5,positif
🤲💚🇲🇨,5,positif
kebanyakan iklan njir,3,netral
bagus,5,positif
t.o.p,5,positif
"ga suka spotify sekarang kebanyakan iklan, plis lah sekali aja emg ga cukup, lu bayangin anj lagi sedih harus kejeda gara gara iklan, memberi tanda dislek 👎🏻👎🏻👎🏻",1,negatif
sampah. dah itu aja,1,negatif
SUMPAA SPOTIFY BAGUSS BANGET TAPI.. KENAPA HARUE BOYKOT?,4,positif
"jelek bngt spotify sekarang iklan lama bngt bisa sampe 3-4 menit wkwk, terus nggak enaknya dengerin lagu pake batas kocak harus pake premium jelek bngt",3,netral
saya senang dengn apk ini krna bisa mendengar kan lagu yg sya suka,4,positif
"baguss. cuman jangan kebanyakan iklan dehh, mana iklan nya lumayan lama",4,positif
musik nya lengkap,5,positif
"Sekarang lebih ketat, mau milih lagu pun harus premium, maaf, saya ada aplikasi radio, jadi ga butuh Spotify lagi, udah mirip",1,negatif
apaan ini gk bisa bebas putar lagu lg.,1,negatif
aplikasinya bagus tapi tolong per kecil MBnya tolong ya perkecil MBnya dan perbaiki iklannya tolong ya dibantu MBnya 25lah WiFi bagus tapi tetap lama downloadnya tolong g di bantu ya dan juga halus iklannya ya .tolong di baca kalau setuju komen ya benar,3,netral
"ga bebas pilih lagu,klo pilih lagu harus prabayar,kemaren"" bisa aja pilih lagu walau ada iklan,lah ini ga bisa sm sekali milih lagu sendiri",2,negatif
kualitas suara bagus,5,positif
kok sekarang batasan req lagu😞,1,negatif
"woy ini kenapa jadi kikir dah?banyak iklan kali mau pindah lagu di batasi bikin ribet aja,kalo dulu masih mending sekarang kenapa jadi kaya gini tolong dong di perbaiki masalah itu",1,negatif
ok,5,positif
why i need to pay just to hear a singgel song?,1,negatif
musik nya sih ok tapi berbayar,1,negatif
kikir kapitalis,1,negatif
Aku suka banyak lagu favorit yang bisa menghibur aku dan aku senang serta nyaman juga bikin bahagia hati aku Thank you Spotify.,5,positif
mantap aplikasi ini banyak lagu bagus deh pokoknya👍😎👍,5,positif
bagus,5,positif
good luck,5,positif
ok,5,positif
"Very bad, not recommended, this application is very bad, aplikasi tidak ramah harus berbayar buat dengerin lagU LAGI ( NOT RECOMMENDED!!! )",1,negatif
"KEBANYAKAN IKLAN BIKIN GAK MOOD, TERUS DITAMBAH, GABISA PILIH MUSIK YANG KITA MAU. GAK KAYA DULU MASIH BISA BUAT PILIH BEBERAPA MUSIK AJA, SEKARANG UDAH GABISA.",1,negatif
sangat bagus,5,positif
apalah makin lama makin kikir,1,negatif
sangat berguna dan tidak ad ikan,5,positif
spotify makin kikir masa pilih lagu aja harus bayar mana banyak iklan nya lagi gak kaya dulu padahal dulu udah bagus bgt eh malah tambah tambah bikin emosi!?,1,negatif
ga jelas . sound capsule nyaa banyak error. data ga sesuai,1,negatif
aplikasi nya kikir banget njir,1,negatif
saya cuma tidak suka perbatasan milih,5,positif
apk kayak error pdhl jaringan ku atau internet ku bagus tp malah gk bs masuk gara2 internet atau jaringan kamu offline emg kikir,1,negatif
"apalah pilih lagu yg mau di putar pun harus premium, dlu suka bngt sama apk ini tapi makin kemri kok makin kikirr. lagi ngejer apa sihh???",1,negatif
bagus kagak ada iklan nya tapi sesekali aja munculnya kalo ada orang yg kasih bintang 1 karna iklannya banyak itu hp nya yg bermasalah,5,positif
good,5,positif
"anjir apk kikir, tiap ganti lagu ngiklan sampe 4 iklan dan sekarang milih puter lagu aja sekarang harus premium",1,negatif
"Kikir banget sial 😹, masa gonta-ganti lagu dah ga bisa. sekalian aja noh instal aplikasinya bayar, kayak capcuy aja lama lama ni aplikasi, apa apa bayar 🤭🫷",1,negatif
bagus,5,positif
bagus,5,positif
kikir,2,negatif
iklannya banyak bettt,1,negatif
"iklannya sekarang udah 4,ga bisa ganti lagu lagi kalau ga premium",1,negatif
bagus,5,positif
kikir,1,negatif
"nggak bisa lagi milih lagu yg mau di putar, harus premium.. uninstal dah",1,negatif
10/10 ketika ketemu lagu Hindia loved by you(underrated) rasanya enak aja gitu,5,positif
masa semua lagu harus premium sih,1,negatif
bagus banget,5,positif
enak tpi ad yng kurang,4,positif
aplikasi maksa bayar anjir milih lagu doang,1,negatif
apakah fitur download lagu bisa dibuatkan jadi gratis?,3,netral
semoga kedepannya semakin Applikasi Spotify semakin bagus lagi,5,positif
"udah search ujung""nya dipilihin random karena belum premium",1,negatif
Mantap banyak lagunya,5,positif
bagus banget,5,positif
"iklannya banyak banget, masa sekali iklan sampe 4 sih, dah gitu maksa banget buat premium",1,negatif
kebanyakan iklan,1,negatif
"apa² harus bayar, ya tauu gak ada yg geratis jaman sekarang ya tapi ngertiin jga lah gak smua yg make aplk ini kalangan org atas. bukan nya gak mau bayar, tapi ada saat² kita gak punya duit masak gak cukup dengan bayaknya iklan yg seambrek masih aja cuma pengen denger lagu yg kita suka gak bisa lagi, harus premium dlu baru bisa denger lagu yg kita mau klo gak di puterin lagu random yg kita gak suka mana gak bisa di ganti. kurang byk emang itu ikannya",1,negatif
"kalau aku cari lagi kenapa ""disusupin"" lagunlain yg nggak aku cari?",5,positif
lagu update tanpa banyak iklan bisa offline. mantabb,5,positif
aplikasi goblog mau nyetel musik satu aja suruh bayar stresss,1,negatif
"bagus,banget",5,positif
"musik enak di dengar, aplikasi yg bagus",5,positif
enak lagunya lagunya,5,positif
"burukk bangett masak sekarang apa-apa harus premium dulu... berlebihan banget kalo mau ganti musik nunggu besok dulu. Makin burukk, pemerasan bangett ini 😥",1,negatif
"gila, tiap dengar 2 lagu dengar iklannya ada 4,1 iklan 30 detik,, ini mah lebih ke dengar iklan dari pada lagu ,, mana iklannya itu itu aja,,,",1,negatif
JELEK MAU DENGAR LAGU AJA SUSAH DI SURUH PREMIUM !!!!!!!!!!!!!!!!,1,negatif
bisa gk iklan ny jgn bejibun bgt,1,negatif
saya suka karna musik musik yg sy pengen slalu ada.. tapi kadang kadang LG dengerin musiknya suka ganti band musiknya.. itu kenapa ya,5,positif
apalah milih lagu harus nyobain premium 3 bln,1,negatif
sangat bagus,5,positif
pokokk nya bagusssss bangettttttttt,3,netral
"jangan di download,banyak iklan",1,negatif
boikot mending donlod bajakanny😹,1,negatif
aku nggat menyukainya,5,positif
terimakasih...,2,negatif
"maksa langganan anjir,g bs mlih lgu sndiri",1,negatif
"Bgus bnget apk ny saya sukak bnget,kemana mana selalu dengar lalu dari apk ini",5,positif
"Greedy Spotify. Skrng kalo milih lagu semaunya bayar, iklan banyak, searching lagu fav ga langsung kesetel lagunya. Malah kesetel lagu lain. Premium mulai banyak gni apa gra² banyak yg make apk ny? ts gettin' greedy asf dude 🫩",1,negatif
"iklan bisa 3 kali ,putar 1 lagu tolong lah",1,negatif
"iklan makin lama makin parah, kikir parah",1,negatif
sangat seru menggunakan Spotify dan keren semua lagunyaa.,5,positif
cuma kasih bintag doang,5,positif
"apk konyol, gw sama sekali gabisa pilih lagu ajg, kalo pilih langsung disuruh premium, kikir bat samsek gabisa pilih lagu 1 pun",1,negatif
kebanyakan iklan muter 1 lagu iklan nya 3x,1,negatif
👍👍👍,4,positif
"wah memeg, iklannya segudang",1,negatif
ini kenapa sekarang mau milih lagu yang kita mau play gk bisa disuruh berlangganan dulu kapitalis banget anjir,1,negatif
iklan nya udh 4 di batesin lg lu maksa bgt ya nyuruh prem mau naik aji ya yg punya ni?,1,negatif
bagus,5,positif
ni apk bagus bgt sih kata aku,5,positif
"baguss bgttt,tapi minus nya di iklan yg terlalu panjang aja sihh tapi aku sadar karna aku GK pake premium jadi buat yg mau gak ad iklan yaa harus premium ya☺️",5,positif
"aplikasi ini sangat bagus, kalian bisa mendengarkan musik sepuasnya",5,positif
banyak iklan,1,negatif
"makin kikir aja spotify baru ke play 1 atau 2 lagu, iklannya 4 bjirr",1,negatif
kikir bnr mau dnger lagu aj hrus bayar,1,negatif
aplikasi bagus dan gampang di gunakan,5,positif
boikot !!!!,1,negatif
"bagus banget ,maaf nulisnya pendek soalnya males nulisnya hehehe",5,positif
"iklan sekaligus 4 & durasinya lama ok lah, sekarang + gak bisa play milih lagu jd hrs random di playlist itu. klo mau milih lagu hrs premium",1,negatif
banyak iklan sama ganti lagu aja harus premium aelah,1,negatif
sangat baguss buat jogingg,5,positif
kikir,1,negatif
aplikasi nya baguss gak perlu bolak balik,5,positif
kikir,1,negatif
asik dan seru,4,positif
"udah lama ga dengerin lagu di spotify, balik balik tiba tiba iklan nya banyak banget sekali iklan pasti 3 kali menurut ku itu kebanyakan 1-2 iklan itu ok kalo 3 kali ya agak ke banyakan",3,netral
kebanyakan iklan,5,positif
seru asik banyak deh pokoknya,5,positif
mantab,5,positif
bagus buat temenin tidur 👍🏻👍🏻,5,positif
"apa apaan ini, akun saya sudah 3 hari tidak bisa memilih lagu padahal saat saya ganti akun saya bisa memilih lagu. i hate u spotify.",1,negatif
lagu nyaenak,5,positif
aplikasi yang sangat keren... aku bisa semua lagu di Spotify......,5,positif
great app for listening to music,3,netral
suka aja,5,positif
kikir,1,negatif
"apk ga bagus,iklan muluu",1,negatif
udah enak gratis milih lagu bebas malah di suruh prem jbut,1,negatif
bagus mantap jos,5,positif
keren banget🥰,5,positif
👍,4,positif
apk gak jelas,1,negatif
baguss,4,positif
mantap,5,positif
makin lama makin kikir😹,1,negatif
bagus banget aplikasinya,5,positif
sungguh seru dengar lagu sadvibes,5,positif
mantaap,5,positif
"aplikasi kikir😂😂😂 makin lama pake ini makin nyebelin 2 judul lagu selanjutnya dikasih 4 iklan kebelet haji apa gimana dah 🤣 cuma buat dengerin lagu aja harus pake premium segala mending buka premium buat netflix buat nonton film,lah ini spotify cuma buat dengerin lagu doang pake premium? kocak 😂😂😂😂😂😂",1,negatif
bgs aj sih tpi kyk nya apk nya bug deh aku milih lagu itu malah diputar lagu lain jdi greget tolong di perbaiki ya,3,netral
pelit banget dah skrang sama user gratisan okelah iklan sekarang pake dibatesin segala lagi kalo search lagu,1,negatif
"Apa-apaan ini, Spotify? Aplikasi musik paling kikir sedunia. Iklan bisa sampai 4 setiap memutar 2 lagu. Dan sekarang malah tidak bisa memilih lagu sendiri. Kami tau iklan adalah salah satu cara untuk mendapat untung, tapi makin lama makin berlebihan. Pantas saja makin banyak yang meninggalkan aplikasi ini😔 ~Fadhlan",1,negatif
"sia"" premium saya jadinya, kenapa spotify saya suaranya jadi kecil padahal sudah full volume dari hp? buka aplikasi lain aman"" aja suaranya.",3,netral
"makin lama makin banyak iklannya, mau milih lagu aja disuruh premium dulu🥲🥲 iklan 1/2 itu masih oke lah.. tapi ini sampe 4 iklan??!!?? spotify ini mau naik haji atau gimana ya",1,negatif
saya harap banyak lagu yang menampilakan slowed reverb/ slow down lengkap di lagu apapun.,5,positif
"3 bulan lalu saya sedang premium akun seharga 79.900, sampailah tanggal 25 februari kemarin sudah habis masa premium nya, jadi muncul notif tuh di suruh bayar segera sedangkan akhir bulan uang gajian saya habis mau ga mau harus nunggu bulan depan, per tanggal 5 kemarin saya sudah membayar premium sebesar 79.900 dengan lewat aplikasi shopee pay harusnya udah di verifikasi dong sama pihak Spotify nya kalau sudah di bayar, tapi gataunya tanggal 23 Maret kemaren disuruh bayar premium lagi !!",2,negatif
Keren,5,positif
kurangin iklan,3,netral
mantap,5,positif
bagus,5,positif
lagu nya banyak + seru nya pas denger di telinga Rasanya ayak di surga,4,positif
"kikir aman iklan banyak, putar musik ternama harus upgrade ke premium👎🏿",1,negatif
saya sangat suka dengan apk Spotify,5,positif
bagus,5,positif
aku udah masukin nomor hp tapi gak bisa (periksa lagi) terus.😡🤬,1,negatif
"lirik nya gak keliatan jir, gak bisa dilihat",3,netral
"dikit"" bayar, apa"" bayar",1,negatif
"gila ni spotify makin kesini makin kikir jir, milih lagu aja gk bisa sekarang apalah",1,negatif
😇🥰,5,positif
bagus enak lagu nyaaaa wajib cobain,5,positif
"kikir bgt dah sekarang, bagaikan pacar matre",1,negatif
gacorr abisss,5,positif
"bagus si, tapi kalo make lama, gabisa milih sendiri lagi",4,positif
kikir bgt,1,negatif
nyaman bisa bersantai sambil bermain game,5,positif
asik bgt,5,positif
cuz i love the music,5,positif
sangat bagusss,5,positif
"aneh,lagi denger lagu tiba tiba kepotong ditengah tengah jadi harus buka apk nya berulang ulang dan lagunya tetap kepotong,hilangin bug nya dong muak unda",1,negatif
This is how to enjoy the music,5,positif
Dari dulu spotify aplikasi musik yang bagus tapi mohon pihak spotify ada perubahan untk penikmat aplikasi ini semua lagu di spotify kalo bisa gratis aja...,5,positif
begitu bagus,5,positif
"aplikasi ini sangat bagus menurut saya,karena bisa mendengarkan lagu yang enak",5,positif
saya suka sama spotify soalnya lagu nya lengkap,5,positif
"bagus sih, tapi ada iklan juga",4,positif
makin sini iklannya parah bngt,1,negatif
Kikir banget,1,negatif
bagus banget aplikasi nyaa engga cuman bisa dengar musik doang,4,positif
ok,5,positif
dasar apk kikir,1,negatif
top banget pokok nya,5,positif
kecewa gw,1,negatif
enak lagu nya tapi tolong iklan nya hilang kan,5,positif
kenapa sekarang kalo mau pilih lagu harus premium dulu padahal baru mau pilih satu lagu doang. kalo iklan ga masalah mau berapa kali tapi masa baru buka aplikasi mau pilih satu lagu harus premium dulu,1,negatif
iklannya lama,1,negatif
baik...,5,positif
nice,5,positif
singkat aja. apa apa harus bayar/prem.,1,negatif
apa apaan,1,negatif
"sumpah banyak bgt iklannya, yg lebih parah ngeskip dibatasin, gilee",1,negatif
kikir,3,netral
mantul,5,positif
apk ter kikir,1,negatif
"Saya termasuk pengguna lama Spotify, tapi lama-lama di paksa suruh premium. padahal nggak masalah kalau iklan saya dengerin, tapi lama-lama semakin nggak masuk akal. iklan sampai 4x, lalu udah dengerin Iklan ehh, kurang ajarnya pilih lagu saat Klik di paksa premium. mau nggak mau dengerin lagu yang sudah berjalan. Jelek banget sistemnya, serakah banget.",1,negatif
bisa mengakses semua lagu,5,positif
masa semua di premiumin mau pilih lagi sesuai kita gabisa dlu bisa sekarang kaga,1,negatif
gak bisa milih lagu bisa nya di pilihin lagi yang lain buruk kek sampah,1,negatif
"sekarang apa² bayar bngsd, milih lagu yg mau didenger aja kudu bayar, bad lah makin lama gabisa puter lagu yang kita mau",1,negatif
"Males banget padahal dulu udah bagus sekrang serba premium saya juga tau kalo ente juga butuh duit dan ga semua gratis tapi jan parah banget gitu, masa mau ganti lagu aja kudu tunggu sehari :(..",3,netral
aplikasi ini juga bisa menjadi salah satu aplikasi yang bisa menjadi alternatif buat saya.,5,positif
keren,5,positif
"semua serba berbayar lagu yg di fav pun harus berbayar,bagus' gratis skrnh bayar,MAU KAYA?",1,negatif
apa nya ini manis di awal aja pas udah lama pakai harus berbayar sengaja kasih bintang 5 biar muncul di atas,5,positif
"aplikasi kikir ap"" bayar mau muter lagu yg di inginkan juga bayar dasar kepiting kikir",1,negatif
"sekarang apa-apa harus premium, gk kyk dulu. ini alasan saya berhenti pakai spotify",1,negatif
good,5,positif
busuk,1,negatif
"masa mau ganti lagu aja harus beli premium sih, gak jelas bsnget",1,negatif
"Makin lama makin kikir, masa cuma pengen dengerin lagu yang dipengenin dipencet malah harus premium? yaelah udah iklannya banyak berlapis lapis, banyak fitur harus premium, sekarang malah dengerin lagu doang harus premium, apalah. STOP USING SPOTIFY!!! USE LYRA INSTEAD!!! ( gw kasih bintang lima karena biar ada di atas atau di preview rating biar orang pada tau ) .",5,positif
"jujur aja aplikasinya bagus, tapi iklan nya banyak banget gila, ni ihh maksa banget premiumnya 😭💔 kurangin dikit lah iklan nyaa😭💔💔💔 plis yaa kurangin, ini aplikasinya uda bagus cuma minusnya banyak iklan💔💔",5,positif
aplikasi kikir 😹,1,negatif
"sekarang semuanya harus premium, kikirr bgt",1,negatif
3 tiga tahu sudah pakai ini enak soal nya 👏👏👍👍,5,positif
thank You spotifyX BTS,5,positif
assoy dah pokoknya.,5,positif
kikir,2,negatif
"apaan dah ini spotify, udah kemarin iklan jadi 4 terus apalah, eh sekarang pilih lagu sendiri pun harus premium, kikir banget sih... padahal fitur basic lo 🙄🙄",1,negatif
mo ganti lagu aja ga bisa sekarang dikit¹harus premium dahlah ganti apk aja mending,1,negatif
"makin maruk, Baru muter 1 lagu udah 1/4 iklan aj, I'm moving from this app",1,negatif
Semakin kesini semakin kikir buat yg ga berlangganan mending youtube music,1,negatif
joss👍🏻,5,positif
spotify sekarang ngga asik pencet musik aja harus bayar ngga kaya dulu tinggal pencet 🙂👎,3,netral
kikir iklan sekaligus 4 ngotak lah mikir kids serba dilimit skip dilimit ganti lagu di limit mikir kids,1,negatif
"serba premium sampe mau milih atau ganti lagu pun harus premium,klo gk premium sesuai moodnya spotify lagunya gk bisa bebas milih lagu mana yang mau di putar sama penggunanya benar² devinisi aplikasi kikir",1,negatif
baguss,5,positif
sangat cocok buat akuu,5,positif
good,5,positif
ga baik,5,positif
bagus,5,positif
"parah, makin hari segalanya makin di pangkas, bahkan yang cuman pengen menikmati lagu doang tiba-tiba lagunya gacha njir gak bisa milih",1,negatif
Aneh skrng malah ilang lirik lagu nya aneh banget.perbaiki dong masa lagu nya ga ada lirik nya.,1,negatif
apk busuk!! makin hari makin ngga jelas!!,1,negatif
bagus,5,positif
makin hari makin kikir,1,negatif
lawak ga bisa milih lagu lagi harus premium 😂😂 butuh duit??🤣😂😂,1,negatif
KIKIR BANGET MILIH MUSIK AJA HARUS PREMIUM,1,negatif
sampah bgt sekarang masak gk bisa pilih sendiri lagu yg mau di putar.,1,negatif
udah mulai kikir yak,1,negatif
maksa prem😠😠😡,1,negatif
"saya suka lagunya lengkap ,yang perlu di tambahkan lirik setiap lagu malah jadi lebih bagus lagi.ok semoga makin berkembang dan sukses selalu.",5,positif
"apaan sih,milih lagu aja di suruh bayar coba",1,negatif
bagus aplikasi nya dan lagu lagu nya asik banget untuk di dengar pokok nya Spotify mantapp,5,positif
kenapa berlangganan spotify sering refund mulu,2,negatif
bagus buat dengerin musik,5,positif
"kurang banyak iklannya kak, minimal setara dengan 1 album band durasinya.",1,negatif
mau milih lagu pun harus bayar???? kikir bgt asli,2,negatif
mantp,5,positif
bagus sekali aplikasi ini aku bisa hasilin cuan saat live streaming game denger musik gacorrrr,5,positif
"iklannya tolong kalau bisa jangan pas musiknya sedang berjalan,kalo bisa di akhir atau awal saja",3,netral
"expensive subscription for countries with low currency, too many ads, even ads are longer than the songs.",1,negatif
keren,5,positif
aplikasi kikir masak iya harus dengar lagu harus bayar,1,negatif
sangat cocok untuk saya,5,positif
walau pun iklan tapi tetep bisa denger musik sambil main gemes,5,positif
tidak bisa denger musik sambil main game,1,negatif
"aplikasi keren banget, menemaniku saat ku kesepian ,tapi tolong iklannya jangan panjang-panjang",5,positif
bagus,4,positif
byk iklan .,2,negatif
luar biasa,5,positif
aplikasi terlalu bnyak iklan dan bnyak bayar aarrrrrr nyebelin,2,negatif
Saya sangat senang dengan aplikasi ini,5,positif
iklannya dikurangin dong jangan pelitt,4,positif
ok,5,positif
iklan anjj no no ya dekk,1,negatif
sangatttt bagusssss sukaaa samaa aplikasiii nyaaa,5,positif
bagus,5,positif
BOIKOOOTTT GES!!!,1,negatif
yg pnting gaa ngelek aj,4,positif
sangat bagus dan banyak lagu favoritku,5,positif
"dikit dikit harus prem, masa pilih lagu aja harus prem, sedangkan kita bukan spotify pasti untuk denger lagu yang kita pengen denger bukan denger lagu random",1,negatif
wah bagus 👍👍👍👍👍,5,positif
"maksa banget disuruh langganan, jadi gak enak sekarang denger lagu gak kek dulu",1,negatif
tolong dong iklan nya jangan banyak banyak,1,negatif
bagus bangettt,5,positif
musik nya makin bagus,5,positif
yaelah cokk udah bayar pake premium kirain bakal dapet pengalaman sesuai yg dibayar. ya kali lagu terbaru aja ga muncul ahh ga worth it lagunya kaga lengkap. premiumnya gimmick-gimmick doang nyesel gw,1,negatif
aplikasi Bagus,5,positif
"aplikasi haus uang. iklan banyak banget. pilih lagu aja di batasin per hari. saya download spotify buat dengerin lagu, bukan untuk keluarin uang.",1,negatif
"terlalu banyak iklan,perasaan dlu iklannya ga sebanyak ini deh.",3,netral
debest banget,5,positif
bagus banget,5,positif
"Sebenarnya bagus ajak... cuman iklan nya yang banyak banget, awalnya cuman 2 iklan aja yang muncul, sekarang kok ada 4 iklan yang muncul",3,netral
bagus,4,positif
enak pol,5,positif
aplikasi kikir komunis,1,negatif
lumayan banget,4,positif
ꉂ(˵˃ ᗜ ˂˵) ini sangat bagus sekali banyak lagu lagu yang aku ga tau jadi tau semua karena ada judul nya hihi👉👈,5,positif
mutar lagu aja harus premium,1,negatif
iklan lu makin lama makin gak ngotak aja ia,1,negatif
bagus,5,positif
gak enak soalnya pas dengerin lagunya limit ga bisa milih sendiri harus bayar dulu😒,1,negatif
"apk sangat baik, lagu lagu yang di sukai ada.kasih 5 bintang",5,positif
aplikasi p2w😹,1,negatif
"agak aneh apk,tiba"" berhenti sejenak...kebanyakan iklan",3,netral
"iklan muluh, baru satu lagu iklan 1lagu lagu iklan lagi",1,negatif
keren ni aplikasi,5,positif
musiknya sesuai ekspektasi yang tinggi,5,positif
iklan gk ngotak,1,negatif
boikot,1,negatif
kok spotify nya milih lagu harus bayar ya ini gimana maksudnya kak😊,1,negatif
aplikasi jelek iklan banyak,1,negatif
ini di paksa banget kita harus beli premium apa lagi aku aku kan hobi dengan banyak lagu tapi spotyfiyp ini harus premium Mulu ga kaya dulu,2,negatif
"intinya begitu, kcwa",1,negatif
yo nice,5,positif
"satu lagu bisa sampe 4 iklan, padahal dulu 4-5 lagu baru iklan itu pun cuma 1 kali doang👎🏻",3,netral
tidak baguss untuk berlangganan hati² dana nya juga gak bisa di rufund,1,negatif
"apk kikiiiirrrrrrrr, g niat bgt buat apk, sngt tidk direkomendasikan untuk pngguna gratisan, iklannya g 1/2kali tpi 4kali lohhh, kok bisa??, maksa bngt",1,negatif
bagus tapi banayak iklan nya,1,negatif
cool🤩🤩,5,positif
bagus,5,positif
"gak enak pas mau download musik selalu ada tulisan"" apakah anda ingin mendownload musik ini""bikin kesel gak bisa download banyak iklan lagi☹️(•ˋ _ ˊ•)",2,negatif
Bagus sekali ya🤭🤭,5,positif
"jujur.. iklannya bisa di ganti gak? yang ada suara ledakan nya, benci banget kalau pas dimobil.. takutnya ada kecelakaan beneran atau apa gitu.. BUAT IKLAN YANG NGOTAK COK buat iklan gak mikir ada yang diperjalanan.. tadi hampir aja kecelakaan nabrak mobil orang karna iklan itu",3,netral
"berkualitas tanpa berbayar respect sama developer, wajib diinstal kalau gak, wah kamu rugi besar soalnya aplikasi nya bagus bangat kayaknya aku bakalan terbang deh soalnya bagus bangat aaaaaaaaaaaaaaa suka bangat",5,positif
keren,5,positif
"bintang 1, adminya kikir😃",1,negatif
Aplikasiny bagus,5,positif
"udah mau aku hapus ni aplikasi, sekarang mau pilih lagu untuk diputar malah harus premium juga",1,negatif
makin lama makin banyak iklan,1,negatif
"kikir amat dah,pencet lagu aja harus premium,kenapa ga sekalian buka aplikasi suruh bayar 79 ribu aja?",1,negatif
bgus bet,5,positif
aight,5,positif
kikir,1,negatif
aplikasi hama,1,negatif
"buruk, banyak iklan",1,negatif
"sekarang milih lagu di spotify kenapa harus premium sih, saya minta agar memilih lagu sendiri tidak usah premium mana mahal lagi jangan serakah lah",3,netral
jelek,1,negatif
ya suka aja sih,5,positif
good experience,5,positif
bagus,5,positif
mantap,5,positif
sya lebih mayan suka aplikasi ini krna dia yg menghibur sya disaat sya sedih aku putar lagu yg ad di spotify,4,positif
💝,5,positif
aplikasinya bagus banget,1,negatif
lagi play lagu galau tiba2 ada 3/4 iklan itu ngeselin bgt malah gjd galau iklan nya kurangin kek,1,negatif
sᥱrᥙ ძᥲᥒ ᥲkᥙ mᥲᥙ іkᥣᥲᥒ ᥒᥡᥲ ძі kᥙrᥲᥒgіᥒ ᥡᥲᥒg ⍴ᥱᥒ𝗍іᥒg ᑲіᥲr kᥲᥣᥲᥙ ᥣᥲgі gᥲᥣᥲᥙ ᑲіsᥲ ძᥱᥒgᥱrіᥒ ᥣᥲgᥙ 𝗍ᥱrᥙs ❤❤,5,positif
jujur makin lama makin kikir,1,negatif
kebanyakan iklan baru pencet musik langsung iklan🤣,1,negatif
"kalo nggak premium full iklan, terlalu memajak dengan iklan.",1,negatif
boikot,1,negatif
bagus bgt,5,positif
apk nya bgus bgt ak skaa🤩,5,positif
bagus,5,positif
"berlangganan di sporty Tidka akan mengecewakan bisa dengerin musik secara offline,bisa menyimpan musik favorit bisa dengerin podkes dll semua dalam 1 aplikasi",5,positif
apk nya bagus banget tapi iklan nya tolong di kurangi sangat mengganggu bukan 1 tapi 4 nunggu nya lama pula,3,netral
lagu yg aku cari slalu ada,5,positif
lagu nya Sagat bagus bayak lagu di situ,5,positif
SANGAT² BAGUS AKU SUKAA. Yatapi ada masalah nya iklan nya agak banyak lebih baik 2/1,4,positif
g bisa dibuka,1,negatif
nice...,5,positif
aplikasi ini sangat bagus banget pake banget,5,positif
ok,5,positif
seru,5,positif
enak ada nyanyi apa aja,5,positif
cuma mau bilang apk nya bagus,5,positif
"udah banyak iklan, kalo mau dengerin lagu yang mau didengerin harus beli premium kalo ga nanti ke setel yang lain. ga ngerti lagi gue",1,negatif
tiba tiba aja pas keluar langsung ketutup lagunya. padahal enak spotify sambil nge polybuzz. tolong di perbaiki developer yak. aman bintang 5,1,negatif
suara gua jdi bagus,5,positif
𝖻𝖺𝗀𝗎𝗌,5,positif
"aplikasi Kikir😡😡masa mau ndengerin lagu harus premium, aplikasi lagu malah ngga bisa buat ndengerin lagu😡mau ngeskip lagu juga harus premium,,belum lagi iklannya yang banyak banget sampe 4 sekaligus!!!!gw sebagai pengguna gratisan kecewa😔",1,negatif
banyak banget iklan nya terus di paksa premium lagi,5,positif
MENDING BERALIH KE YOUTUBE MUSIC,1,negatif
"maap spotify kenapa milih lagu pun harus berbayar? bahkan skip lagupun berbayar juga,iklan banyak masih okelah menurut aku kan aku tidak premium, tapi kalau milih lagu aja premium menurut ku agak gimana gitu buat kaum mendang mending 🥲🙏",1,negatif
"kikir kikir,ga bisa dengerin lagu single harus dengerin album",1,negatif
jelek,1,negatif
bagus,5,positif
iklan nya harus di kurangin jangan banyak banyak 🙏🙏,5,positif
keren banget pliss aku suka pokok nya jadi nya aku bisa gambar sambil dengerin musik pokok nya keren deh,5,positif
Apa-apa butuh premium. Semakin sering update semakin pelit. Bahkan sekarang milih lagu aja butuh premium standart,1,negatif
bsgus tapi masih kurang bagus di apdate lagi biar bisa semua musik ada,4,positif
👍🏻👍🏻👍🏻👍🏻,5,positif
kenapa tdk bisaa buka sih,1,negatif
kikir,1,negatif
bagus musiknya juga keren,5,positif
"apa apaan, masa saya mau dengar lagu yang ingin didengar aja tidak bisa, harus premium untuk pilih lagu yang ingin di dengar, kenapa aplikasi ini jadi serakah sekali.",1,negatif
boikot,1,negatif
kikir,1,negatif
bagus banget loh kalau di pakai,5,positif
gacor banget min aku main fanny lagi galau putar lagu bahagia lagi x surat cinta untuk starla langsung savage min gacor,5,positif
makin lama makin kikir ni apk,1,negatif
masa sekarang semua berbayar memilih lagu pun harus bayar 😭😭😭,2,negatif
enak banget kalo dengerin sambil berak,5,positif
masa di suruh bayar 😭,3,netral
sukaa,5,positif
"kemaren pengen nyoba dengerin lagu, eh tapi kok di search pencarian nggak ada... trus nyoba buat dengerin di playlist, isinya kosong semua, dan pas ngeclik lagunya nggak bisa keputer, ini nggak tau balikinnya gimana tapi yasudah lah...",1,negatif
"tolong kenapa saat saya ingin memutar lagu malah harus menggunakan premium like what? kok bisa cuma ingin memutar lagu harus menggunakan premium, harganya juga sngt mahal, ga cocok buat dompet keluarga, dan iklan terlalu banyak",1,negatif
kikir bgt ajg,1,negatif
saya beri reting bintang lima,5,positif
enak sekali lagi semua nya,5,positif
enak buat dengerin musik..,5,positif
"makin lama langganan malah semakin dituntut beli premium mana ga anak sekolah friendly harganya,kebanyakan iklan juga,1/2 oke tapi 4 setiap selesai lagu kayak?",1,negatif
kenapaa jadi ngga bisa milih lagu sendiri walaupun nggak premium,1,negatif
mantapp,5,positif
"bagus si apk nya buat dengerin lagu juga enak dan lengkap minus nya banyak iklan nya, kurangin dong iklan nya",4,positif
"that app is good but why the ads is soo long, they gave me 3 ads and it took forever to listen to the next song",2,negatif
"premium semua pilih lagu sendiri harus premium, kebelet haji kah?",1,negatif
tidak rekomended,1,negatif
"kikir banget plis, masa mau ngepick lagu sendiri aja kudu prem dulu🤨🤨🤨 bye spotify",1,negatif
iklan nya woyy lama plus banyakk,1,negatif
sangat bagus,5,positif
terbaik,5,positif
Sy suka sama Aplikasi ini,5,positif
masa harus bayar dlu buat putar lagu yang lain,1,negatif
bagus tapi iklannya 4-3 lama banget nunggu nya,4,positif
"kikir banget, semuanya aja premium",1,negatif
"makin banyak iklan nya mana lama bangett, sekarang dikit dikit harus berbayar jadi kurang suka deh",2,negatif
after all oke banget. pokok iklannya jangan terlalu panjang aja,5,positif
"kikir jir masa mau milih lagu yg ku mau aj harus premium, elek iki",1,negatif
Terbaik,5,positif
ini musik nya enak banget dah banyak lagu yang saya suka,5,positif
sangat enak Spotify,5,positif
bagus,5,positif
iklannya kurangin lah pls dan sizenya gede banget jier,1,negatif
"menurut ku sudah sangat bagus, cuman agak sedikit di kurang kan iklan yang terus bermunculan agar semua bisa mendengar dengan lebih tenang dan santai tanpa adanya gangguan iklan. Ya minimal 1-2 iklan saja sudah cukup? Intinya tidak banyak iklan yang harus di tunggu. Tapi lagu yang di dengar juga sudah bagus beserta ada liriknya, jadi enak bisa mendengar sambil melihat lirik. Mungkin segitu saja dariku, terimakasih.",4,positif
bintang 5 tapi ku bukan ancaman,5,positif
masa milih lagu harus premium keliatan brand miskin,2,negatif
"gebrakan nya makin aneh aja, kalau tiap denger lagu dikasih iklan sih oke mau 4 juga gak masalah, masalahnya pengen denger lagu aja harus premium kalau ngak lagunya ngacak ini sih dah parah banget",1,negatif
"selalu menemani hari2 ku di setiap kegiatan.tpi iklan nya bnyak bnget,ya nma nya kaum mendang mnding. daripda dftr premium ya udah telen aja iklan nya",4,positif
"ini aplikasi lama¹ berbayar trus kebelet haji apa gimana dah , mau putar lagu suruh premium ntah apa¹ ni aplikasi kenapa saya kasih bintang 5 karena biar naik komen nya biar kebaca, kalo kasi bintang 1 gada di bacaan",5,positif
"Spotify bagus bgt , bisa mode gratis bisa premium terserah kamu,bisa pilih lagu sesuka hati, tinggl cri di kaca pembesar, bisa jalan dilatar belakang I love you Spotify 😘",5,positif
mantapppp,5,positif
"iklan gda akhlak,2 lagu iklan lagi, gabisa play lagu yg di klik harus premium",1,negatif
"gak jelas pas udah update malah gak bisa dengerin musik yg mau dipilih malah musik rekomendasi Mulu, apasi gimana mau dengerin lagu nya kalo gitu, maksa bet nyuruh premium",1,negatif
sangat bagus,5,positif
"min ini iklan nya ga sekalian 10 langsung ? zaman nya dulu iklan 1-2 , skrg udah 1-4 . ga sekalian aja 1-10 ???",5,positif
"Selain karna apk ini kebanyakan iklan,maksa premium,dll. jan download",1,negatif
Mantap,5,positif
"lama"" ngelunjak ni aplikasi dikit"" harus premium milih lagu aja harus premium minimal ngotak lah",1,negatif
ya bagus,5,positif
"musiknya lengkap dari indo sampe barat, hindi, terus ada juga jepang the best sejauh ini sy pengguna Spotify dari jaman sy masih pake hp xiaomi sampe skrng sudah ganti hp 2x tetep bagus nih apk cuman iklannya tolong dikurangin yaa",5,positif
sangat menikmati,5,positif
"Terima kasih spotify.. jdi bisa slalu smngat mnjlani Aktivitas shari² ku, sambil dngerin musik dsini, sukses trus yak.",5,positif
bagus banget aplikasi nya,1,negatif
sangat bagus,5,positif
"aku benci,aku tidak menyetujui pembayaran langganan, tolong kembalikan uang ku, langganan sudah saya putus,namun tetap saja terbayar otomatis,tolong ,saya tidak menyetujui pembayaran tersebut , saya ingin refund,tapi GK bisa ,padahal saya tidak menyetujui pembayaran tersebut dan di story langganan pun Spotify sudah tidak terdaftar,tolong saya ingin refund",1,negatif
bagus lagunya enak,5,positif
saya tidak bisa menyalakan musik ketika masuk game,1,negatif
"kebanyakan iklan, maksa banget",1,negatif
"dak rekomen karna udah ada fitur baru yaitu bayar pas mau milih lagu, pelit banget",1,negatif
Ngangel² kawulone Gusti Allah SWT!.,1,negatif
"serba iklan, iklan udh 30detik, 4kali lagi",1,negatif
kebanyakan iklan g ngotak,1,negatif
keren,5,positif
sensasi mendengarkan musik dengan sangat menyenangkan,5,positif
spotifynya saya ganti lagu yang di sukai yg hari ini malah di suruh premium gimana ini!!!!,1,negatif
sangat bagus buat santaidi manapun berada,5,positif
sekalian kalau mau buka apknya harus premium 😂😂😂😂😂,1,negatif
makin kikir semua serba premium L apk,1,negatif
mantap,5,positif
klo GX premium lebih ke dengerin iklan sih.,2,negatif
ini bagus banget lagu lagu nya,5,positif
"kocak kocak, milih lagu sekarangpun juga harus premium, apk kikir, mikirlah kocak mikir",1,negatif
baik,4,positif
"Hey Yo bro, I just checked the song, how come there are so many ads, I only checked for 5 seconds, when I checked the first song there was an ad, less ads huh?",2,negatif
zionis banyak iklannya,1,negatif
"Halah,makin ke sini makin minta minta, ga bisa milih lagu sesuka hati...iklan makin banyak..setiap cari lagi,di suruh premium...ga beda jauh sama janji""palsu DPR..awalnya doang manisss, cuihhh",1,negatif
kurangi iklan,3,netral
"sekarang milih lagu kudu bayar, apaan jir. maksa banget",1,negatif
bagus,5,positif
wadefakkkkk,1,negatif
"udah mah iklan 4x dan lagu yang bisa dipilih cuma 2, kasian yang make gratis harus dengerin iklan 4x setara kaya dengerin 1 lagu.",1,negatif
mulai aneh dikit2 uang,1,negatif
Iklan segudang fitur premium juga ga bikin special,1,negatif
semua semua harus premium mau milih lagu di antreian premium,1,negatif
bagus,5,positif
meskipun banyak iklan dan banyak cobaan saya wajarkan karna saya pengguna gratisan jadi saya wajarkan jika banyak masalah tapi saya jujur suka dengan aplikasi ini meskipun di saya jengkel di iklannya pasnyebutin harga suka cadel mantap aplikasinya bagus😁👍,5,positif
mantap kok,5,positif
"aplikasi nya smakin kikir aja,premiumnya sampai sampai saat mutar lagunya juga harus premium apala",1,negatif
"iklan ga ngotak, agak kikir dan boycotttt",1,negatif
aplikasi kikir mau milih lagu aja harus bayar,4,positif
"dulu suka banget pake Spotify untuk dengar musik entah itu sambil belajar atau melakukan aktivitas lainnya tapi akhir"" ini sejak beberapa bulan lalu iklannya malah gak ngontak lebih seringan dengar iklan dari pada lagunya. udah iklannya lama banget lagi udah lama sering pulak jadi aneh lama nih Spotify mohonlah di koordinasikan lagi iklannya supaya gak kebanyakan",1,negatif
aplikasi apaan ini masak putar lagu doang harus lenganan,1,negatif
so bad,1,negatif
sangat bagus untuk tidur,5,positif
suka sama lagunya,5,positif
bagus,5,positif
banyak bug nya sering mati keputer sendiri,1,negatif
"aplikasi nya sangat bagus,tapi kadang kadang suka eror,jadi tolong perbaiki lagi ya",5,positif
menyesalkan,2,negatif
sangat bagus 👍,5,positif
okey,5,positif
kenapa saya tidak bisa mendownload Spotify lagi padahal 3 atau 5 hari sebelumnya bisa padahal memori hp saya masih luas saya coba download game dan aplikasi lain itu lancar semua tetapi Spotify tidak. biasanya nyangkut di 18% pake kuota pun juga sama kayak gitu. aplikasi nya si bagus cuma yang jadi masalah itu iklannya biasanya iklannya nya ada yang 1-3 1-2 Mohon iklan nya di kurangin biar pengguna lain bisa enjoy dengerin musik nya.,4,positif
hadeh,1,negatif
bagus,5,positif
keren,3,netral
"saya sudah beli premium lite,tapi kenapa gagal terus padahal saldo saya berkurang,ini bagaimana spotify???",1,negatif
sangat bagus,5,positif
baguss sekalii,5,positif
bagus...cman kalau bisa kurangi iklanya...❤👍...mantap,5,positif
Enak banget apknya,5,positif
NYAWIT ANJIR LENGAH DIKIT IKLAN KEBELET HAJI Min? Bagus Bagus Aja Iklan Nya Jangan Banyak Banyak Itu Nama Nya Kebelet Haji -_-,3,netral
sangat menyenang kan di iringi berbagai jenis lagu kesukaan luar biasa,5,positif
bagusss,5,positif
bagus,5,positif
sangat bagus,5,positif
SPOTIFY lebih baik daripada apa saja,3,netral
kakean iklan cook,4,positif
bad,1,negatif
aplikasinya bagus tapi suka ada iklan kalau mau gk ada iklan harus beli premium,4,positif
tolong ikan nya di kondisikan ya! soalnya suka sampai beruntut 4 iklan sekaligus. sebetulnya iklan yang mempromosikan aplikasi spotfy premium mereka aja si cuma kalau sekali iklan bisa 3-4 iklan terlalu lama gak siii mana durasi 1 iklan nya juga lama.,1,negatif
pelit,1,negatif
belum pernah download aplikasi ini juga,3,netral
"Aplikasi ini sangat membantu untuk mendengarkan musik kapan saja. Pilihan lagunya lengkap, kualitas suara bagus, dan fitur playlist-nya keren banget. Sangat recommended!",5,positif
suaranya jernih dan tidak lag,5,positif
sambil main game. ok lah bagus gw kasih bintang 5,5,positif
bisa tebak-tebakan Nya dan susah kata sandinya tempelin deh,1,negatif
mantap,5,positif
bagus dan bikin main ff nya ngebantai banyak musuh karena terlalu gacor apa lagi kalo main terus lagi galau mutarin musik main ff paling seruh,5,positif
aplikasi kikir,1,negatif
gak enak,1,negatif
bagus,5,positif
sangat baik,4,positif
enak baget semua lagu nya apa lagi pas lagi ngerjain pr/hal lain nya sambil dengerin lagu dari spotify,5,positif
males premium 😂👍,1,negatif
"ini apk emng bagus banget,tapi sayangnya apk ini memiliki investasi langsung ke militer US 😔 Jadi aku berhenti pakai apk ini",1,negatif
sekarang kalau mau putar musik harus premium,1,negatif
love this application,5,positif
saking bagusnya apk ini saya tidak bisa memberi komentar,5,positif
👍👍👍👍💕,5,positif
mantab,5,positif
mantap suara lumayan jernih,5,positif
"jelek, dulu masih bisa milih lagu yang mau didengar sekarang milih lagu aja harus bayar. apl sampah, iklan makin banyak, lagu random gak jelas, tampilan buruk, jelek sesampah sampah nya",1,negatif
"overall ok but belakangan semua fitur di premiumin ok la kalo 1/2 premium tapi ya ga usah semuanya mau ngplay lagu aja di suruh bayar mana mahal lagi, trus ya bukanya ngelarang iklan cuma kalo ngasih iklan yg ngotak lah iklan ampe 2 menit iklan apa coo iklan TV?, trus juga masih ada beberapa lagu yg g ada",2,negatif
"banyak iklan, kurangi iklannya masa sampe 4 iklan +lama durasi nya",2,negatif
"Sebenarnya buat Spotify tuh apk music yg pling bagus plus lengkap, cuman ya buat yg gratisan tuh kadang-kadang tuh dpt iklanyg bnyk bgt plus durasi ny bs panjang bgt, trs jga ya klo kyk dipake buat mainin apk lain tuh kdg' suka tb' berhenti lagu ny jd alhasil hrs ulang trs prgi ke Spotify buat dngrin lagu lagi, klo kyk gtu trus, berulangkali mencet lagi yg mau didengerin tuh bakal gabisa lg",5,positif
oke,5,positif
"jadi ga bisa klik lagu yang di pengen, ngehe banget harus langganan. parah",1,negatif
"iklannya gak ketolong, banyak banget",1,negatif
keren banget ini aplikasi 2 lagi 4 iklan kenapa nggak 6 iklan aja per-satu lagu nya biar asik dengerin iklan nya di tengah malam yang suram ini,3,netral
kureng lah pada intinya,1,negatif
bagus,5,positif
"bagus si sbnrnya, tapi spotify skarng ngemis bgt buat premium",2,negatif
bagus buat aku yg suka ngesad,5,positif
sangat keren aplikasi yang kusukai,5,positif
mau banget dapat duit coba jangan maksa kalo gak mau premium gak maksa,1,negatif
suka baget tapi ga suka sama iklannya tolong di kurangin ya. tapi ini aplikasi bagusss bangett,5,positif
spotify boikot yh?,3,netral
asik si bisa dengar semua lagu faforit tapi di aku kok ga bisa download lagu ya tolong kasi cara nya ya,5,positif
bagussss Banget,5,positif
lagunya bagus bagus enak didenger lagu nya juga lengkap banget,5,positif
wow,5,positif
kikir bwt dh ini baru juga nyetel 1 kali suruh prem,1,negatif
i instal this app just because and only because BTS comeback.,5,positif
suka semua lagu,5,positif
"iklan nya terlalu banyak, maksa banget lagi buat premium, ya kalau iklan nya cuma satu gapapa ini ada 3 mana durasi nya panjang banget lagi , jadi ga seru.",1,negatif
🥺,5,positif
top dah tapi ga bisa download,5,positif
apa2an ini aplikasi masih berlangganan tapi gak bisa di buka,2,negatif
mantap,5,positif
is the bes,5,positif
b as good 👍,4,positif
mantap,5,positif
suka sekali SM aplikasi ini,5,positif
"terlalu banyak iklan lama lama risih iklannya sampai 2-6 iklan sampai 1 menit kadang lebih belum lagi skip lagu sekarang dibatasin banget, udah skip lagupun iklan lagi, sudah pindah ke gotube aja aing",1,negatif
terjadi kesalahan,1,negatif
lagu lagu yang sangat menyaka,5,positif
bagus tapi mungkin boleh di kurang kan sedikit iklan nya,5,positif
iklan loh noh,1,negatif
sangat cocok untuk orang yang ingin mendengar lagu yang banyak,5,positif
bagus,5,positif
Good aplikasi,5,positif
"For new musicians, who have just been watched by 1000x watch, and as a result, have to be displaced by advertisements that tell or suggest to listen to advertisements and, replace other songs, which are more popular to listen to, and also, can even displace other new songs, to climb the Spotify leaderboard... so sad",5,positif
bagus aplikasinya,4,positif
"aplikasi gak jelas setelah update,gak bisa dengar lagu yang disukai dan playlist nya 😠",1,negatif
aplikasi ini sangat bagus,5,positif
keren,5,positif
Lengkap sumpah 🤭🤭,5,positif
"aplikasi yg sangat bagus, lagu2nya up date dan sangat sesuai musiknya berbagsi genre. menghibur sekali.",5,positif
lumayan bagus lah tapi banyak iklan,4,positif
👍👍,5,positif
mantap jir hampir semua lagu ada,5,positif
"Sudah 3 hari saya tidak bisa mendengarkan musik di aplikasi ini, lagu yang saya sukai semua menghilang dan playlist yang saya miliki tidak dapat dimainkan apa sedang error?",3,netral
asik wae lah,5,positif
sama bang aku juga gitu hadeh 😭,2,negatif
keren,5,positif
aplikasi yang bagus untuk mendengar lagu dan untuk bermain game online di HP Sekian,5,positif
kereeeeeen....,5,positif
is the best,5,positif
suka,4,positif
buruk apa² harus beli premium,3,netral
"lagi solat/lagi ngerjain sesuatu tiba tiba suka nyala sendiri padahal ga lagi buka apk nya.0 bgt sih buat spotify iklan nya juga banyak bgt 5-7 lagu doang dan itu langsung iklan,jangan iklanin premium trs napa di kira kita kaya bisa beli premium setiap minggu,bulan,tahun",1,negatif
"KNP YH KOK LU MAKIN HARI MAKIN SERAH YH ANJ, GW NEMANIN LU BERTAHUN TAHUN TAPI INI BALESAN LU. UDAH MH IKLANNYA JDI 4 LGI, IKLANNYA CEPET BGT LGI, DIPAKSA BAYAR LGI, MNA BAHAL BGT LGI... DAH AH MENDING UNINSTALL. #BOIKOTSPOTIFY",1,negatif
"kenapa selalu tiap hari kamu sedang offline padahal jaringan bagus?? bukan sekali dua kali, tolong di benerin",1,negatif
Spotify akhir2 ini tidak bisa dibuka... setelah muncul lambang Spotify langsung blank layar abu2..padahal jaringan pakai wifi disini. tolong perbaikan nya,2,negatif
gjls gbs milih lagu harus pake premium,3,netral
bagus,5,positif
"Kenapa setiap play musik tiba"" berhenti sendiri?? Sedih",5,positif
awal awal masih di kasih kebebasan dalam memilih lagu mkn ksini2 nya makin ga ngotak iklan ampe 4x / bbrpa lagu.. berbayar intinya si tp ckup untuk di uninstal si .,1,negatif
iklannya bnyk banget kebelet haji lu,2,negatif
BTS COMEBACK💜💜,5,positif
"enakk siehh, udaa bagus apk nya, tapi ya gitu. .ada iklannya",4,positif
kikir,2,negatif
Lagu lagu nt nya enak banget,5,positif
bagus,5,positif
spotify bagus bisa cari semua lagu mau lagu tahun 2000an juga ada enak banget,5,positif
bagus aplikasinya tapi gausah kikir amat kali gua jga sebagai pengguna gratisan pengen dngerin lagi tanpa dnger iklan stiap satu lagi sialan mna iklanya 4 udh gtu 30 detik,1,negatif
bisa denger lagu dari idola dimana dan kapan aja.,5,positif
iklannya ga ngotakk!!,1,negatif
dikit dikit iklan dikit dikit iklan GK bisa diskip 4 iklan lagi. itu juga mode shuffle nya dikit dikit nyelentang dikit dikit nyelentang. baru dengerin 10 an lagu eh udh nyetel diluar playlist padahal masih banyak yang belum kesetel. gimana sih...,1,negatif
sangat lah bagus dan murah,3,netral
jadi banyak bag ny sekarang Spotify kenapa ya tolong perbaiki min,3,netral
jangan dibatasi lah milih lagunya,1,negatif
keren banget,5,positif
"makin kikir aja, padahal jarang pake ni apk. Pas nyoba malah ilang batas perharinya",1,negatif
ok mantap,5,positif
ngelag g bisa masuk,2,negatif
Adain lah yg free jangan berbayar🙏🥹🥹,5,positif
yaaa bagusss cumaaa ituu aj,4,positif
"aplikasi bagus tapi bnyk iklannya, TPI ok lhh",5,positif
mumuaskan,5,positif
"iklan terlalu lama, pilih lagu, ganti lagu, dan eksplor dibatasi harus pakai premium. ini sangat sungguh mengganggu jujur,, padahal secara keseluruhan aplikasi paling bagus untuk mendengarkan musik, tapi ini sangat amat terbatas sekali, apalagi semua serba berbayar. tidak menyalahkan untuk memakai premium tapi ini sudah terlalu parah menurut saya",1,negatif
"sistem uinya bagus dan menarik, bisa buat playlist sesuai keinginan kita, namun kadang-kadang ada lirik di bbrp lagu yg TDK muncul, lalu iklannya itu berlebihan, like oke kami tahu kalian perlu uang dari ad revenue tapi masa hampir baru dengar 1 lagu iklannya dua totalnya 30 detik?!, jadi seakan akan memaksa kita membeli premium, ada juga fitur dimana ada limit mendengar suatu lagu jadi lagu TDK bisa diulang2, tidak seperti dulu yg lebih manusiawi",2,negatif
mode tidur gua kga ada,4,positif
Good,5,positif
jelek,1,negatif
ENAKKK BANGETTT!!! Semoga bates lagunya jadi 20 yaaaa😁😁,5,positif
bagus,5,positif
sangat ber guna,5,positif
keren banget,5,positif
Download ini buat support BTS Comeback...😍,5,positif
"bagus banget dehhhh pokoknya,aku suka banget.menurutku ini adalah aplikasi music terbaik👍🏻apalagi aku yg hobinya dengar music😁.pawer banget sihh💥",5,positif
sukaaa,5,positif
aplikasi bnyak iklan,1,negatif
keren,5,positif
mantaf suara nya 👍🏻👌🏻🌹❤️,5,positif
best!,5,positif
aku suka apk ini,5,positif
seru bgtttt deh pokoknya,5,positif
"Tidak rekomen untuk sekarang, semuanya berbayar, iklan dibanyakin, milih lagu dibatasi, buat yang mendang mending skip",1,negatif
bagus sekali 💗💗💗💗💗,5,positif
enak banget tanpa iklan,5,positif
i love katseye songs 😘😘😘🤩🤩🤩🥳🎂,5,positif
Tidak manusiawi,1,negatif
mantap,5,positif
"semua sebar bayar,dari laguu ada iklan,cari lagu harus bayar, nyimpan laguuu bayar,dll duluuu awal awal masih enak sekarang ngebet pingin dapat uang semenjak populer,harga terlalu mahal untuk anak pelajar",1,negatif
bagus,5,positif
"boikot, udh aplnya jlk.",1,negatif
"bagus sih bagus, cuman iklannya banyak terus ngebayar jadi kurang suka tapi enak denger lagunya sambil tidur",1,negatif
sangat seru,5,positif
iklannya kurang banyak tuh wkwk,1,negatif
suka ngelag,1,negatif
lagu nya ada semua yg saya mau,5,positif
"aplikasi HAUS DUIT, masa cuma dengerin musik pake bayar segala, perasaan dulu bagus, kenapa jadi HAUS DUIT",1,negatif
iklannya bnyk bgt sampe 4 wkwk,1,negatif
bagus,5,positif
pokoknya bagus,5,positif
bagusssssss bangettttttt,5,positif
bagus,5,positif
"apl ini bagus banget jadi kalo mau denger lagu tinggal stel aja gitu gak ribet""tpi terkadang suka tiba-tiba berhenti gitu gtw apa gitu tiba-tiba aja tlong benerin lgi y",5,positif
bagus bangettt!!!!!!!!!!!!!!!!!!! !!!!!!!!!!!!!!!!!!!!!!!!!!!!!!!!!!!!!!,5,positif
"Terimakasih spotify, untuk suara udah bagus dan harga yang gak terlalu mahal dan sering dapat promo.. 🥰",5,positif
sangat bagus,5,positif
cakep banget,5,positif
good,5,positif
lagu nya bagus semua,5,positif
mantap,4,positif
Bagus dan praktis,5,positif
kalau iklan nya 1 aja jadi bintang 5,4,positif
ada iklan sii but its okayy siii aku sukakk bgtt,5,positif
bagusss,5,positif
baguss,4,positif
apa apaan aplikasi iklan,1,negatif
dulu gratis sekarang berbayar mau milih lagu jadi susah gajelas ini apk juga boikot kok jelek gajelas,1,negatif
enak bgt tapi sayang nya iklannya tuh ngehalang bgt lagi dengerin lagu kesukaan tiba² ketuk bener untuk mempelajari selanjutnya,4,positif
COOL...,5,positif
lagunya bagus bagus,4,positif
"Spotify kikir nya melebih tuan crab, semuanya premium. Produk isriwil ini emang agak² miring lohya 🤭",1,negatif
gacorrrrrrrrrrrrrrrrrr👍👍👍👍👍👍👍👍,5,positif
"apknya gratis, tapi didalemnya harus bayar, tolong di gratisin😔",1,negatif
thank you,5,positif
cick banget buat kita yang sedang di p erjalanan,5,positif
mantap lah aplikasinya...,5,positif
jelek banget!!!!!!!!!!¡!!!!!!!!!!!!!!!!!!!!! HARUS BANGET IKALN,1,negatif
"apa apa bayar, rakus, mata duitan, Maruk",1,negatif
"aplikasi sangat bagus dan banyak lagu"" yang saya sukai✨",5,positif
seruu lagunya buanyak,5,positif
bagus banget,5,positif
bagus,5,positif
lagu²nya enak di dengar aku suka,5,positif
boikot banyak iklan jelek,1,negatif
"apk kikir,kebelet haji",1,negatif
bagus,5,positif
"APK KIKIR, PREM MINI SEMINGGU ILANG👎",1,negatif
enak bgt buat dengerin lagu,5,positif
Mantap,5,positif
lumayan bagus untuk di denger setiap hari😗👍,4,positif
"iklan nya kelamaan, baru denger 1 lagu udah iklan mana banyak lagi bukan cuma satu aja, aplikasi nya bagus sih tapi kurang di iklan doang menurut ku...",1,negatif
baik,5,positif
jujur ya bagus si,5,positif
sangatlah membantu,4,positif
"makin lama makin ngawur, iklan 4 biji 30 detik, mending bisa di skip kek yt musik, ini kaga. dah gitu dukung zionis pula",1,negatif
banyak iklan kampanye aplikasi nya mimin nya update lagi🔁🔂🔄 fitur-fitur aplikasi spotify nya mimin nya,5,positif
bagus aplikasi nya tetapi malahan musik di playlist saya kok hilang sebelum update? apakah ini di sengajakan?,3,netral
bagus,5,positif
music nya bagus²,5,positif
aplikasi nya bagus tapi kalau lagi main dia mati sendiri,1,negatif
"boikot ,and iklan banyak banget",5,positif
sangat² bagus banget,5,positif
"sumpahh jangan maksa sesuatu laaa, tau gaa tempat striming selain yt tuu untuk musik di sini, masa mencetak lagu ajaa harus premium",1,negatif
"udah premiumnya mahal,kikir lagi.masa iya cuman sekedsr mau nyimpen lagu dikit batas harian malah langsung hqbis?udsh gitu maksa premium lagi.jelek nih apk.udah gitu musiknya suka berhenti sendiri loh!!!udah gitu musiknnya suka gonta ganti sendiri!!nih apk rusak yah?!",3,netral
"bagus! suka tapi..., bayak iklan nya.. 🙂👍🏻",5,positif
iklannya sering bgt g suka,1,negatif
"NAJIS UDAH GA BISA MILIH LAGU SENDIRI, HARUS DI SHUFFLE SAMA SPOTIFY NYA",1,negatif
"sebenarnya ini tempat dengerin lagu atau iklan sih? kok bisa ya saat lagi denger lagu tiba-tiba ikan, 4 iklan lagi.. ga lama apa? terus iklannya itu terus, itu terus.. agak nyebelin.. tapi yaudahlah masih bisa denger lagu juga sih.. (walaupun ada batasnya milih lagu, harus banget premium ya?)",3,netral
musik nya seru bgttt,5,positif
love it 🤩🤩🤩,5,positif
aplikasinya bagus,5,positif
apk apaan dengerin 2 lagu tapi dikenai 4iklan,1,negatif
"makin kesini makin parah, sekarang cuman ganti 2 lagu aja udh iklan, dan iklan yang biasa sekarang 1/4. kalo mau penggunanya premium, minimal banyakin promo premium 3 atau 1 tahun sekalian dengan harga yang terjangkau tidak dengan 1 bulan 60 ribu.",1,negatif
"banyak amat iklan ny, g jls bgt ni apk",1,negatif
kikir,1,negatif
makin kikir ni apk..,1,negatif
seru seru musik nya apalagi dengerin nya sambil ngerjain tugass🤗🤗 l,5,positif
"pliss bangettt nihh iklan nya jangan banyak' banget, muakk guaaahhh",1,negatif
I already update but bug brother me like I cant see playlist likes is gond then half music cant play. already clear cache but is not working. plz fix it update soon,2,negatif
nice app,5,positif
"cape bgt sama iklannya, yang tadinya 2/3 iklan skrg 4 iklan 😥😥😥",3,netral
lagunya memang yg paling lengkap,5,positif
eror trus,1,negatif
keren,5,positif
mantap,5,positif
mantap,3,netral
tolong IKLANNYA HILANGIN,1,negatif
sangat baguus skli🤩🤩🤩🤩,5,positif
suka bangett🥰🥰🥰🥰,5,positif
sukaw,5,positif
menghibur,5,positif
coba iklan nya di kurangin,5,positif
enak lagu nya,5,positif
bagus banget,5,positif
selama pake aplikasi ini mood gua selalu baik,5,positif
apk yg bagus,5,positif
bagus,5,positif
"apa apa harus premium, mau milih lagu harus premium, mau ngeskip lagu harus premium, dan iklannya juga terlalu banyak",1,negatif
mood diatur Spotify☝🏻😭,5,positif
"mantul,mantap betul",5,positif
mantap,5,positif
kikir banget banke,1,negatif
lumayan,5,positif
"bagusss bngtt, tapi iklannya kadang lama bngt bisa lagi sampai 3-4 iklann, itu sampai tiga menit lebihh kalau bisa di hitung, selapas dari itu juga Spotify bagusss koo lagu nya pada semua ada",5,positif
kebanyakan berbayar jadi malas,1,negatif
oke lahh..,5,positif
bagus buanget,5,positif
mudah mencari lagu,4,positif
apk pelit medit amit amit cuihhhh,1,negatif
"BURUK , logout dan uninstall",1,negatif
aplikasi kikir 2 lagu 10 iklan udah gitu baru muter 5 lagu langsung acak kacau mending pake apk lain,1,negatif
"trlalu banyak iklan,, baru aja muter 3 musik langsung iklan mana iklannya banyak lagi 3 sampe 4 iklan,, muter lagu nya 3 iklan nya 4",3,netral
music yg bagus dan lengkap,5,positif
"aplikasi kikir😹, makin lama makin banyak iklan, iklan nya ga ngotak sampe 4 anjr, masa baru denger 1 lagu aja udah ada iklan, terus batasan waktu pagi pengguna gratis nya malah diperpendek, baru juga denger 4 lagu udah disuruh premium, ga sekalian aja dowload nya pun harus bayar? 😹",1,negatif
kikit banget ni apk masa pilih lagu harus premium juga iklan nya ga masuk akal banget,1,negatif
iklan nya bnyk bngt anj,1,negatif
ini sangat bagus buat beres-beres atau mau karaoke harus pakai ini terima kasih yang buat ini,5,positif
"hemat data,asikkkk dengerin nya, walau ada iklan not bad lah",5,positif
susah login Email ga dikirim-kirim,1,negatif
entah mengapa lagu² yg ku simpan malah hilang karena Gk ada jaringan di spotify tolong perbaiki masalah ini,1,negatif
Masih menjadi aplikasi streaming musik terbaik untuk pengguna android.,5,positif
"sejauh ini paling enak dipake adalah aplikasi ini, walaupun tidak langganan tapi pilihan lagunya tetap terbaik",5,positif
bagus utuk free,5,positif
kebanyakan iklan,1,negatif
bagus,5,positif
iklannya buanyak,1,negatif
bagus banget hampir semua lagu ada disini,4,positif
gw mau ganti musik aj engga bisa,1,negatif
kalo bisa banyakin lagi iklan nya😒,1,negatif
"sangat bagus,tapi tolong hilangkan shuffle bagi pengguna gratis",5,positif
udah banyak iklan dengerin musik cuma beberapa menit,1,negatif
buruk padahal udah premium hampir beberapa tahun,1,negatif
"maaf ya Spotify aslinya itu lagunya enak didenger, tapi pas aplikasinya ditutup lalu buka lagi malahan keluar disuruh masuk lagi terus pas isi password malah gabisa kan di email-nya itu dikirimin buat masuk kan awalnya bisa tapi pas tutup bentar aja udh keluar lagi mau masuk tapi udh gak berlaku padahal baru sebentar ( buka email-nya jam setengah 6 ) itu aja udh keluar masuk lagi ( jam 6 ) tapi udh gak bisa. tolong untuk diperbaiki ya fiturnya😔😔",3,netral
untuk acak lagunya yang sesuai dengan genre yah,5,positif
"bagus sih lengkap cuman penulisan bahasa Jepang/Korea nya bisa dibuat yang ada abjad nya gak? soalnya saya gak paham tulisan Jepang/Korea jadi tolong min buat ver. abjad nya pliss, jika ada pihak yg merasa tersinggung saya terus terang meminta maaf🙏🙏 karna ini hanya saran saya😊",3,netral
bgus,5,positif
spotify camp nou,5,positif
the best semua lagu ada mau yang terbaru atau yang dulu,5,positif
"kurang kurangin plis iklan nya, 1 iklan aja sih gk papa mmasih wajar, ini 4 bjir, 1 iklan 1 menit kalo 4 jadi 4 menit gila",1,negatif
"kebanyakan iklan pls muak, 4 iklan gila, ada yg 5 pula, laper bngt gua liat²",1,negatif
"Asik, seru",5,positif
sangat membantu!! good,5,positif
baguss bgtt 🙌🏻!!,5,positif
"terlalu banyak mines,dan iklan lebih banyak daripada lagu",1,negatif
banyak bug,1,negatif
saya buka aplikasi tulisannya coba ulang mulu,1,negatif
"makin banyak iklannya, batesannya juga. masa mau pilih lagu aja jd ga bisa????",1,negatif
Very good application. A place to explore the world's music.,5,positif
mantap jaya selalu,5,positif
terlalu banyak MB,2,negatif
benberikan ketenangan,5,positif
sangat amat membatu mood. udh itu aja,5,positif
"makin pelit aja ni spotify kikir, iklan 1-4, milih lagu per hari cuma 3x, hadeh.",1,negatif
untung bet ada spotify jadi kalau lagi sedih lari ke spotify,5,positif
"kasi saya premium free, saya pengguna lama tuan",5,positif
"Hahaha worth it buat orang yang punya duit, iklannya banyak bangett, apk yang wajib premuim, mahal lagi..., mending ganti apk aja deh guys 🤣",5,positif
"didiemin mlh kyk capcut anj, dulu iklan nya cuma 1 dari 3-4 lagu, sekarang 2 lagu aja iklan nya 4. INTINYA GUA GA AKAN PREM",1,negatif
kebanyakan iklan lu noh,1,negatif
"suka, tapi yagitu deh",1,negatif
terlalu sering iklan di mode non premium kalau gini apa beda nya dari yutub kalau tiap ganti lagu iklan nya sampai 4—5 kali perasaan dulu ga gini,1,negatif
"apk bagus, cocok buat yg lagi pengen denger musik pas lagi galau lagi kerja, pokonya cocok buat semua kegiatan yg kita jalani sambil pengen dengerin musik👍👍👍",5,positif
alus lah pokonamah,5,positif
Spotify mau naek haji kahh? tolong jangan terlalu banyak iklan lah yaa ga semua orng pengen premium,4,positif
enak buat santai,5,positif
okeeeee,4,positif
"banyak bug skrg. padahal sinyal lancar, jelek bgt spotify",1,negatif
bagussssss sihhh tapi banyak iklannnnnn,5,positif
gak tau juga suka aja sih,5,positif
"entah kenapa akhir akhir ini Spotify lagi ngebug gitu, tiba tiba lagunya keganti terus dan ga kesetel-setel. lalu juga semua lagu yang saya suka juga menghilang entah kemana, tolong di perbaiki masalahnya ya🙏",1,negatif
"gajelas, gw setel lagi apa yang kesetel apa, ibarat mau mandi malah ngambil piring",1,negatif
Oke,5,positif
kikir,1,negatif
"jujur kecewa sama iklan yg bejibun, pdhl dulu ga sebanyak ini",1,negatif
bgus karna ada piying tf family gen 4 end gen lain nya ✨ thenks SPOTIFY✅,5,positif
maknyuzzz...,5,positif
th hll... gk bisa mutar lagu berulang lagi akwkwkw akwkwk asw,1,negatif
"bagus sih pilihan lagunya lengkap fiturnya banyak tapi KIKIR nya minta ampun ya dikit dikit iklan ya normal lah kalo 1 2 lah ini gw 4 cok,itu aja overall so good but tolong lah kasih toleransi bagi yang bokek",4,positif
enak untuk memutar musik teman perjalanan,4,positif
"IKLAN NYA TAMBAH BANYAK JADI 4 EDIT : BINTNG 3 DULU , TAMBAH SEKARANGG GAK USAH DIBATESIN LAGIIIII PERHARII BIKIN ORNG JADI PINDAH APLIKASI AJA",3,netral
iklannya kaya maksa banget jadi agak ngebosenin,3,netral
keren,5,positif
QUEEN,5,positif
iklan mulu suu,1,negatif
pelit bgt,1,negatif
mantap bgt,5,positif
iklan nya banyak kalii,4,positif
"kembalikan Spotify gua! dulu ada fitur ulang² tapi sekarang malah gak ada! dulu gak ada iklan, sekarang malah ada!! mending ngotak mah, KAGAK! satu iklan dua menit. nyesel gua pencet update 🥲 tolong kembalikan Spotify gua..",1,negatif
Karena ada lagu yang tidak bisa di putar,4,positif
bagus dan lagu nya banyak plihan nya,5,positif
"baru juga muter 2 lagu langsung iklan, mana iklannya ga ngontak bisa sampai 1 menit lebih. makin lama makin maksa buat premium",1,negatif
bagus tapi banyak iklan,4,positif
playlist lagu ilang semua,1,negatif
mantap,5,positif
udah bagus tapi banyak iklan baru dengan 1 lagu tapi udah 3 iklan,3,netral
"overall apk nya bagus, tapi iklan nya Cok keterlaluan, Spotify kenapa sih? iklan melulu perasaan coba iklan nya di kurangin pasti jadi bagus banget apk nya",4,positif
"jujur Saya sangat kesal dengan aplikasi ini,masa iya satu lagu langsung dikasih 4 iklan GK logis sih aplikasi ini,kikir nya minta ampun, semakin update semakin kikir, tolong dev sebagai pendengar gratis masa di kasih 3 sampe 4 iklan sekaligus jujur sangat kecewa saya😞😫",1,negatif
mantap,5,positif
keren,5,positif
"kikir, cuman pilih lagu sendiri harus premium perasaan gak ada dah waktu itu",2,negatif
"aplikasi lama lama ngelunjak iklan nya byk bngt, ga sekali tapi 3 kali ini udh kebagian bgt gila",1,negatif
"milih lagu aja malah suruh gabung ke premium, mana iklan banyak banget. gak asikkk ihhh 😒",1,negatif
suara jernih bgs bgt bintang,5,positif
Bagus,4,positif
"banyak bgt iklannya, dengerin 1-2 musik lgsg iklan",1,negatif
bagus,5,positif
"maaf ya aku kasih bintang 2, soalnya sekarang semua fitur² nya bayar semua, jadi gak seru",2,negatif
"tidak jelass, saya belum memilih lagu apapun hari ini dan baru membuka spotify untuk memilih lagu saya malah tidak bisa dan harus premium terlebih dahulu, padahal batas harian saya memilih lagu belum terpakai",1,negatif
bagus bgt 😐👍,5,positif
mantaf z nah,5,positif
"masa harus bayar sih? , buat nyetel musik terusan harus bayar?? , terus banyak iklan, curang banget, minimal jangan bayar lah, habisisn duit buat kayak gitu doang, perbaiki, kalo sudah di perbaiki tidak bayar, saya kasih bintang lima!!",2,negatif
keren dan byak pilihan lagu yang enak di dengar,5,positif
lagu yang di ingin kan di spotify sll ada,5,positif
"gimana sih Spotify, aku mau batalin berlangganan gk bisa. harus Pindah sana sini buat batalin, gantian mau di batalin gk boleh. uangku ke sedot muluk tiap bulan bantuin dong eeeeee",1,negatif
bagus banget,5,positif
sekali iklan 30 detik anjirr,1,negatif
kebanyakan iklan,1,negatif
KNP SIH blm semenit ngedenger musik udah iklan lagi aja..,4,positif
apaan dah masak pilih lagu aja ada batasnya emang kikir banget dah,1,negatif
ini aplikasi dari aku dowload enak banget lagu lagunya rek rek jadi dapat bintang 5 ini gak ada masalah,5,positif
oke bagus tp nak pakasa ki beli peremium,4,positif
sangt lengkap lagu nya,5,positif
dapat dibuat latihan olah vocal,5,positif
apk kikir pelit,1,negatif
lumayan tapi kalo mau putar secara berulang harus vip,3,netral
kikir baru play 1 lagu muncul iklan 4,1,negatif
"boikot pls guys, show your humanity",1,negatif
bagus magaet apk nya,1,negatif
"sumpah aplikasi ini bagus banget kalo lagi ngebersihin/beresin rumah kayak jadi tenang santai semangat, pokoknya ratingnya 10/10 I love it Spotify 🫰💕🫶",5,positif
sangat bagus untuk kalian yg suka lagu galau mau lagu olahraga apa aja pokoknya,5,positif
pake yang gratis belum pernah berlangganan alias berbayar,5,positif
sangat bagus,5,positif
terkesan,5,positif
"pindah yt music aja, aplikasi sampah, makin lama makin kikir, masak main satu dua lagu lgsg iklan, mana iklannya 60 detik",1,negatif
sangat sangat sangat sangat sangat bagus tapi iklan nyaaaaaaa 😭😭 lagi asik denger musik tiba-tiba iklan 😭😭😭 kesel akuu,5,positif
Spotify kikir tempek,1,negatif
bikin candu,3,netral
"Jadi ngga bisa milih lagu lagi dikit""harus bayar ada iklan makin banyak juga",1,negatif
cocok buat saya karena saya suka mendengarkan lagu ini 🗿🫷 kata kata hari ini king 👇,5,positif
kikir,1,negatif
Ini aplikasi yang cocok pake lagu mantap banget makasih perusahaan Spotify,5,positif
mantab. denger musik dimana aja ga ada halangan.,5,positif
keren,5,positif
cukup kecewa karena makin lama iklan yg diberikan keterlaluan bahkan bisa dibilang berlebihan untuk durasinya,1,negatif
"apa ini masa 2-3 lagu iklan, mana iklan nya 2-4 lagi, masa dikit dikit harus premium apalah",1,negatif
bgs bgt gla,5,positif
saya sangat suka karna bisa didengar dengan hp mati,5,positif
"awalnya biasa aja dan bagus tapi semenjak 4 hari belakangan Spotifynya error dan saya terpaksa hapus data,padahal udah update dan masih saja error dan ini saya gak bisa dengerin lagu, Spotify tolong perbaiki agar server pengguna tidak error.",2,negatif
"saya suka, meski apk ini kikir dan banyak iklan huhu",5,positif
semua lagi nya lengkappp,5,positif
asik,5,positif
tidak bisa di buka,2,negatif
"apa coba pengen milih lagu doang ""MILIH"" ya. disuruh beli premium anjir",1,negatif
bagus banget,5,positif
bagus untuk semua lagu ada di sini,5,positif
plis lah jangan nyusahin buat dengerin lagu tapi ga bisa di play harus nunggu besok tolong diperbaiki supaya kembali ke awal,1,negatif
gpp enak banget pokoknya,5,positif
banyakkan iklan,1,negatif
Bagus,5,positif
lagu nya sad semua buat main ff,5,positif
2 lagu 4 iklan!!,3,netral
tolong dulu ini kenapa gak bisa milih lagu saya jadi kesal gak bisa dengerin nya di pilih lagu malah lagu lain yang datang katanya harus bayarr,2,negatif
bguss sekali,5,positif
iklannya lama,1,negatif
"bintang 1 ,iklan lagu 1 ,bisa 4 iklan",1,negatif
banyak iklan,1,negatif
nice,5,positif
bagus tph bnyk bngt iklan nya 😭😭😭,3,netral
too much ads,1,negatif
bagus bngt aplikasi inii,5,positif
"aplikasi bagus temen buat tidur tpi yang ngeselin itu ada iklan nya klo tanpa iklan harus premium, tpi tetep bagus kok aplikasi nya",5,positif
"no komen, tapi maaf",1,negatif
lagu lagu nya enak buat di dengar,5,positif
banyak IKLANNNNNNN,1,negatif
lagunya lengkap lengkap,5,positif
"lagu enak, tapi makin lama makin berbayar, skip beberapa lagu BAYAR, milih salah satu lagu BAYAR, apa apa semua bayar, mending halus aja apk spotify ni di playstore, apk berbayar jadinya, sikit sikit iklan, dll. udah ga enak spotify sekarang. ga kayak dulu.",1,negatif
boikot,1,negatif
"Evaluasi lagi soal iklan di spotify, sekali iklan bisa sampai 5 iklan dan tiap iklan 120 detik.. iklan sewajarnya 1 atau 2 kali aja masak masih kurang.. saya paham, saya pengguna gratisan tapi ya masak iklan sebanyak itu",1,negatif
saya sangat suka dengan aplikasi ini,5,positif
bisa mendengar lagu dengan lebih enak,5,positif
boikot nih apk,1,negatif
"apk ny bisa apa saja didalam ny banyak jenis musik keren,cool and bagus pokoknya apk ini plng bagus bisa denger lagu favorit juga dsni makanya ku rating bintang 5",5,positif
seru banget,5,positif
bagus sih tapi sayang nya kalo gaada kuota gbisa jdinya klo gaada kuota pengen ngedengerin musik tapi gabisa 😭,3,netral
kikir,1,negatif
Sangat Bagus,5,positif
mantep bayak pilihan laguya,5,positif
kikir,1,negatif
boikot,1,negatif
apalah baru milih 3 lagi langsung kena limit dan juga iklan nya gak ngotak banyaknya 4-5 iklan dalam 1 lagu apa cobak,1,negatif
Enak buat di denger,5,positif
bagus bgt pokoknya,5,positif
aplikasi ini sangat bagus namun abdate setiap minggu jadi saya malas,3,netral
"makin kikir ni Spotify ganti lagu dibatesin,nyarilagu dibatesin,iklan Mulu bahkan sampe 6",3,netral
gilaa iklannya tiap menit. otw ganti joox. kabarin kalo udh sembuh spotify.,1,negatif
sangat nyaman kalo buat bersihin rumah kalo dengar lagu di Spotify,5,positif
apk kikir,1,negatif
masa mau ganti lagu aja perlu bayar🙄🙄 yg bener aja,2,negatif
suara nya bagus,5,positif
"buat main gema, buat tidur, buat nyanyi dan sebagai nya",5,positif
ok mantap by mp.3 on time everywhere,5,positif
bagus,5,positif
"kebanyakan iklan, kurangi iklan nya yaaa developer kikir",1,negatif
spotify akhir akhir ini kikir banget dulu gua bisa pilih lagu sesuka hati tapi sekarang harus premium udah gitu iklan nya ada 4 lagi gua jadi gak bisa dengarin lagu yang gua mau dengar,1,negatif
"bagus, tetapi kalu prem lebih banyak lagi fiturnya",5,positif
"koleksi lengkap, dilengkapi lirik lagu, masih bisa denger lagu lengkap meskipun ga daftar akun premium.",5,positif
"lagunya lengkap sih. tapi, kenapa kalau pilih lagu harus ada limitnya yang buat gratisan??? iklannya juga panjang bgt. masa kita harus beli premnium terus? kebelet haji kah???",3,netral
"kecewa bangt,dulu Spotify gak kayak gini dah,skrng dikit"" iklan dikit harus premium kecewa bngt padahl bgus bngt apk nya",2,negatif
udah gila gak bisa milih lagu sendiri,1,negatif
"dulu: spotify tidak berbayar bisa pilih lagu asal dengerin iklan. iklannya padahal ada 3 sekarang: tidak bisa pilih lagu bebas, harus berbayar",1,negatif
free,5,positif
SERUUU PAKEK BANGET YA,5,positif
"asik betul dengerin musik gratisan, premiumnya juga murah",5,positif
"defoloper bagaimana cara bisa berulang-ulang karena tidak ada mode berulang ulang ,malah pindah lagu lain padahal ingin membuat konten apalagi tidak bisa membawa musik ke game atau setingan saat di pous mala hilang pelis update bisa berulang-ulang dan bisa masuk ke game atau setingan",2,negatif
lagu bagus dan terbaru,5,positif
selalu terbaik,5,positif
lagunya enak enak bisa nyari apa ajaaaa,5,positif
di spotify gua gua mencet lagu apa yang keluar apa tolong diperbaiki. gua pencet lagu duka malah suaranya jadi beda gak sesuai dengan gambar lagunya tolong diperbaiki developernya,1,negatif
lumayan tapi iklan nya ya Allah😭 lama banget paling 2menit😭😭,5,positif
kikir,1,negatif
iklann nya banyak bet ada 4 jadi males dengerin lagu,1,negatif
lagu nya kurang lengkap,4,positif
mantap etoul,5,positif
"Kenapa selalu eror ya padahal internet saya lamcar lancar aja,",1,negatif
"masih bisa tahan sama iklannya, tapi pembatasan putaran lagunya itu yg bikin ga nyaman 😀",1,negatif
sangat membantu untuk mendengar musik,5,positif
"aplikasi yang cukup memuaskan, tapi kl lebih baik ya lebih bagus lagi",4,positif
kikir bet,1,negatif
"mantap semua lagu di sini seru apa lagi lagu cinta,sedih,ceria,gengster,dan semua negara pokoknya mantap deh👍👍👍👍👍👍👍👍👍👍👍👍👍👍👍🫡",5,positif
keren2 lagunya,5,positif
yg menemani setiap hari,5,positif
aplikasi bagus,5,positif
banyak iklan kebelet haji?,1,negatif
aplh nii apk udh 4 aja ni iklan anjj,1,negatif
iklan mulu mau naik haji lu 😹,2,negatif
banyak iklan,1,negatif
enak dan bagus,5,positif
aplikasinya sangat bagus,5,positif
"Yes, I know that when the app is popular, it's a lot of users and its operating costs are expensive, but please, admin, at least give us 5-6 choice songs a day. although every 2 songs contains 2-3 ads :(",4,positif
iklan sekarang 4,2,negatif
algoritma nya kacau bgt,2,negatif
Spotify memang oke !,5,positif
laguna tidak terdounlod terus makai nya data,5,positif
lagu lengkap dan fitur mencari lagu dengan sebuah lirik nya saja bisa ketemu saran saya hanya 1 kurangi iklan iklan terlalu sering muncul selain itu tidak ada lagi,5,positif
hapus plis iklan nya ih gila iklan tuh sekali muter musik ikaln sekali muter iklan lagi plis satu iklan aja durasi nya lama bangett plis min hapus iklan nya ya min kalo terus gini ke YouTube aja. YouTube kan masih sama ada iklan kalo nge instal nyempitin hp aja jirr lahh,4,positif
bagus...,5,positif
Sangat seru!!,5,positif
bagus,5,positif
"sinyal sudah bagus, tapi tetap stuck di loading terus aneh",1,negatif
mantap,5,positif
mantap,5,positif
spotify music ini bagus musicnya jernih pokoknya spotify keren coba sekarang,5,positif
banyak iklan,1,negatif
tapi iklannya meresahkan,5,positif
APLIKASI JELEK IKLAN NYA BANYAKK BANGETTT!!!!,1,negatif
"Waduh kacau ni spotify ................,.......................... SUNGGUH KEREN KAMU SPOTIFY LUAR BIASA THE BEST MUSIC APP IN THE WORLD ABSOLUTE NO CINEMA MARBELUS👏👏👏👏👏👏👏",5,positif
"males bet gw dengerin nya, maksa banget buat pake spotify versi premium 😹",1,negatif
seru banget dan musik nya banyak macam macam,5,positif
"kebanyakan iklann, gue mau denger laguu bukan denger iklan egee",1,negatif
best music aplication ever,5,positif
bagus nyaman untuk mendengarkam musik saat santai,5,positif
sangat baik lagu lagunya 0k mantaf,5,positif
aku udah makek ini selama dua taun tapi kok aku kalok milih lagu harus mbayar itu kenapa ya?,4,positif
"jujur apk ini bagus bngt si berguna klo mau ngerjain tugas bisa sambil denger musik, dan menurut saya iklan nya bntr ko cumn 3 itupun galama, walaupun saya ga premium disini tpi saya tetep bisa pke sporty ini dengn baik dan lancar... sekian terima kasih",5,positif
"jlek jink, sewajarnya ngiklan lah",1,negatif
bagus banget,5,positif
"Aplikasi ini sebenarnya enak dipakai untuk streaming, tapi ada masalah serius yang cukup mengganggu. Setiap kali mencoba download lagu dengan kualitas lossless, aplikasi sering force close sendiri tanpa alasan yang jelas. Hal ini tentu sangat mengganggu, apalagi untuk pengguna yang ingin menikmati kualitas audio terbaik secara offline. Sudah mencoba beberapa kali dan hasilnya tetap sama. Harap segera diperbaiki, karena fitur download lossless seharusnya menjadi nilai plus.. TY",3,netral
iklan terlalu sering,1,negatif
"TERLALU BANYAK IKLAN, SEHARUS NYA SETIAP 25 LAGU , IKLAN nya 1 Aja, Itu Baru Platform Music Yang Bagus",1,negatif
sangat seru,4,positif
Aman,5,positif
"bagus sih tp iklan lo pls, 1/2 menit okelah lah ini",3,netral
sebel iklannya makin banyak,1,negatif
tolong iklan nya di kurangi,5,positif
"pilih lagu sesuka hati butuh nunggu SE jam ? skip lagu 6x nunggu SE jam ? iklan setelah 5-6 lagu? Prem nya murah tapi, cara lu buat bikin orang beli Prem tuh ngeselin ? kek perampokan jir 🗿🗿🗿",1,negatif
di boikot,1,negatif
kebanyakan iklan dan apa apa harus premium,1,negatif
app Spotify memng dihati gacorrrrr,5,positif
keren,5,positif
bagus banget cuma klo bisa kurangin iklan nya,5,positif
sangat bagus dan sangat fantastis,5,positif
bagussssss,5,positif
aplikasi kikir 1 lagu 4 iklan,1,negatif
"ga bisa daftar premium,padahal udah dicoba beberapa kali",1,negatif
mantap,5,positif
bagus aku suka,5,positif
Iklan sampe 4 kali dan kalau mau pilih lagu sendiri (yang sama) harus premium dulu kikir banget dah ngga kayak dulu yang masih iklannya cuma 2 dan bebas pilih lagu,1,negatif
terlalu banyak iklan,1,negatif
Spotify kikir #boikot Spotify,1,negatif
"semakin kesini semakin di Batasin, kita ga boleh pilih lagu sendiri dan apa apa harus premium.",1,negatif
ok banget,5,positif
"Sekarang udah parah banget. Apa-apa premium. 1 lagu 4× iklan, lirik juga byk bgt yg gak bisa di liat kalo ga premium, bahkan ada batasan milih lagu buat disetelnya. Parah.",1,negatif
tolong iklan nya di hpus min,1,negatif
aku suka aplikasi ini karna bisa buat dengerin lagu yang enak banget mulai dr lagu dangdut sampai lagu kenangan semuanya ada disini lengkap dan komplit,5,positif
"Bagus sih.. Tapi setidaknya jangan 2 jatah dengar lagu jugaa🗿. Masa iya, kalau ingin dengar lagu harus download atau denger di tiktok ataupun YouTube?. Saya tahu, itu teknik untuk para pendengar memilih paket premium. Tapi tidak pula dengan jatah dengar 2x sehari🥲. 3x sejam aja napa Lebih baik :v meski harus nunggu sejam sih ganti nya🗿. itu aja komentar saya, saya tak menyalahkan atau bagaimana tapi itu untuk kenyamanan bersama bagi semuanya. Sekian👋",4,positif
bagus,4,positif
"sekarang spotify jadi banyak bug nya, seperti memasukan lagu ke playlist tapi anehnya ga masuk, sama gabisa di scrol ke bawah pas mau cek lagu. saya harap itu di perbaiki",3,netral
ini kenapa sih baru denger musik eh malah mati sendiri terus ini malah lagunya dari awal 💢!!!. mau ke aplikasi lain mati sendiri,3,netral
"enak didengar pas waktu tidur, lagu nya gak ada yang gak enak, enak semua pokoknya saya suka aplikasi ini",5,positif
banyak iklan,2,negatif
woee kasi 3% spotify blend guwa nngung pelit lu ih,1,negatif
jadi serba premium gini ga kaya dulu kek mana ini,5,positif
buruk,1,negatif
"dah hilang respect, males.",1,negatif
"bagus bagetttt asli gak boong, ini tuh bikin kepala gak berisik lagi sama dll :)",5,positif
enak banget lagunyabisa sambil main ff,5,positif
sangat berguna,5,positif
Bagus Banget Spotify Banyak Lagu Gratis Cocok Nih Buat Ngegame Pokoknya Bagus Bintang 5👍,5,positif
aplikasi kikir,1,negatif
"sumpah makin lama kok makin kikir ya baru nyetel 2 lagu uda dikasi iklan 1-4 buset dulu 1-2 aja uda sebel ini nambah ntar 1-10 ae sekalian, banyakan iklan daripada streaming lagu, bukan jadi aplikasi streaming lagu lagi klo begini tapi APLIKASI STREAMING IKLAN, maksa bener biar premium",1,negatif
"Please, why do I get ""come back tomorrow to listen to music"" every time some of the songs I listened to today... And it seems to be just me.. 😞🙏🏻",4,positif
spotify belakangan ini banyak bug nya. seperti lagu yang terputar ulang lagi dan terkadang gagal memuat saat berada di profil spotify. mohon diperbaiki,2,negatif
"iklannya banyak bet cuii, satu lagu 4 iklan etdah",1,negatif
boikot,1,negatif
"sangat buruk, mines mines mines",1,negatif
keren abisss dahh,5,positif
aplikasi musik yg benar mantapz........,5,positif
karena suka dengan spotify apa lagi ada lagu mandarin nya,5,positif
suka banget sama app ini soalnya banyak fitur dan walau layar mati tetap bisa,5,positif
"okelah dengan iklan yang banyak itu, okelah ada batasan skip lagu. Tapi kalau untuk milih lagu sendiri gk bisa menurutku agak keterlaluan.",3,netral
"bgs bngt 🥰,tapi tolong banget jgn ada iklan ya",5,positif
boikot.,1,negatif
bagus,3,netral
g suka jlk,1,negatif
semua lagu ada spotify memang oke,5,positif
boikot aplikasi ini karena kebanyakan iklan,1,negatif
"kok tbtb keluar dari apk terus disuruh login lagi, giliran login gada emailku yang bisa. ada yang dibilang ""acc spotify utk luar negri hny bs 14 hari"" lah, ada yg ternyata emailku dibajak hny untuk spotify, terus email yg ku pake utk main acc spotify malah ngulang pendaftaran lgi jadinya. kenapasih",1,negatif
ok,5,positif
"i love this app literally,but can u get spotify wrapped every year? hehee",5,positif
knapa yah Spotify sekarang muter musik aja harus berbayar sangat mengecewakan sekali 😔😔,2,negatif
the best aps for music,5,positif
bagus,5,positif
bagus,4,positif
kikir bgt,2,negatif
Mantap. Lagu2 nya komplit yg lagi hit sampai lagu2 lawas dari Indonesia juga dari luar negeri 👍👍,5,positif
"ini yg menciptain spotify sumpah,aku suka banget 💗💫",5,positif
aku suka,5,positif
Bagus sih tapi iklannya sih,5,positif
bagus,5,positif
mau nyetel lagu pas mencet bknya di puterin lagu malah buka album,2,negatif
sangat seruu,5,positif
bagus bet ni apk,5,positif
suka dengerin ny semua lagu ads,5,positif
sangat bagusss,5,positif
mudah mencari lagu,5,positif
keren,5,positif
ok,5,positif
bagus tapi biasanya susah di atur😄 hehe😁😄,5,positif
sangat membantu untuk pecinta musik,5,positif
"iklan Mulu aelah bisa sampe 6x, setiap sekali ganti musik bisa langsung iklan, desprete bgt mau duit🫩",2,negatif
banyak banget iklannya mau skip gak bisa minimal bayar dulu terus setiap mau ganti musik ada iklan,3,netral
"my fav aplikation,itu yang mau gada iklanya lu harus premium guys",4,positif
iklannya banyak sangat tidak direkomendasikan 👎,1,negatif
"sebenarnya bagus sih, semua lagu juga ada. Tapi minusnya iklannya banyak beutt, lu bayangin aja lagi ngegalau di playlist lu tiba tiba ada iklan spotify😭🙏",4,positif
menyenangkan bila tanpa iklan di mode gratis,5,positif
"Kok sekarang ga bisa dengarin pas offline ya padahal sdh premium, download lagunya jga bingung pilihannya dimana, sama aja mending ga premium ya",3,netral
enak bgt suaranya juga jernih banget,5,positif
kebanyakan iklan,1,negatif
iklannya gila co,1,negatif
banyak iklanya,1,negatif
iklan banyak ga recomended,1,negatif
iklannya 3 😭,3,netral
"sangat bagus, di jamin nyaman!",5,positif
bagus,5,positif
lumayan sih tapi iklan nya bisa di kurangin lagi gk soal nya iklan nya ganggu banget buat dengar musik,3,netral
udah mulai kikir ya,1,negatif
boikot !!,1,negatif
boikot spotify,2,negatif
"paansi iklan smpe 4,lapar lu?",5,positif
bagus buat kalo lagi galau,5,positif
memutar lagu yang itu-itu aja Disuruh 1Hari lagi untuk mendengarkan ulang Hadehh.... Tolong kepada Spotify AB sedikit penurunan harga untuk Paket VIP Mahasiswa Masa 79.000 ribu😭🙏 Saya pernah membeli VIP di spotify Agak mahal min.... Jadi tolongg Minn harga nya 67 ribu aja gtuu untuk VIP Student nya😭🙏,1,negatif
"iklannya sekarang jadu banyak, jadi ada 4",4,positif
bagus tapi banyak iklan,5,positif
bagus banget soalnya ada banyak musik yg bisa bikin tenang 👍,5,positif
sangat menghibur diperjalanan,5,positif
"bagusss, semua lagu lengkap banget suka dehh",5,positif
bagus banget,5,positif
"seruu, jadi kalo lagi galau bisa langsunh ke spotify",5,positif
terlalu memaksa untuk menjadi premium terpaksa saya uninstall,1,negatif
ok,5,positif
seneng sekali pakai sporty semoga sukses sllau,5,positif
"b-bagus banget apk nya cuman kurangin dikit ya durasi iklannya😶, soalnya pas lagi asik asik dengerin lagu malah iklan mana 2 menit lagi durasi nya,, udah si itu saranku☺",5,positif
muter musik'a tidak beraturan,3,netral
"kikir tingkat akut, gausah di jelasin lagi mau milih lagi aja gabisa",1,negatif
Spotify mantap,5,positif
enak sih tapi iklan nya ganggu banget cokkk,2,negatif
untuk yang mau download kalian juga harus mau premium kalo di apk ini kenapa? karena kalian kalo ga premium yang di denger bukan musiknya tapi iklan nya,2,negatif
lumayan,3,netral
kadang kalo lagi pake lagi sad tiba tiba iklan,4,positif
"payah udah gak bisa pilih lagu sendiri, auto uninstal",1,negatif
"maaf ya aku boikot kamu, sekarang udh nemu yg lebih baik.",5,positif
terlalu banyak iklan berlebihan. masa baru denger 1 lagu ada 4 iklan? ga ngotak kali ya ini apk wkwkkw,1,negatif
boikot!!,1,negatif
yah di limit,1,negatif
"suara jernih , easy listening, perbendaharaan lagi lumayan komplit. recommend buat temen perjalanan. house music dr old mpe ala2 tiktok lengkap 💛💛🫰",5,positif
sangat2...puas karna lagu yg sy cari ssemua ada disini trimkasih👍👍,4,positif
spotify ini saya sangat menyukainya,5,positif
tambahkan fitur voice note di chat Spotify,5,positif
bagus,5,positif
"pemutar musiknya bagus, hanya saja ada iklan 2x bikin mood mutar musik berkurang ,tolong di tiadakan aja iklannya",4,positif
musik 3x iklan 5x,1,negatif
musik nya bagus tapi minussnya ada iklan Mulu jadi saya sedikit kesal,4,positif
"senengg bangett kaloo lagi galauu ada Spotify yang nemenin,loppyouu",5,positif
Apk yg sangat bagus,5,positif
bagus,4,positif
dikit dikit iklan,1,negatif
seru,5,positif
"kenapa iklan jadi lebih banyak dalam satu waktu? kemarin cuma satu iklan per siklus, udah aneh ni aplikasi",1,negatif
bagus,5,positif
bagus sekali banyak lagu yang aku sukai,5,positif
"pas di boycott langsung kebelet duit, tiap 3 vid ada iklan yang lamanya semenit, terus biasanya kalo dengerin playlist ya gitu aja, giliran di boycott gabisa dengerin lagu yang ada di playlist",1,negatif
👍terimakasih🙏,5,positif
iklan nya tolong dikurangi,1,negatif
kebanyakan iklan,3,netral
wow,5,positif
"Aplikasinya bagus bagus aja, aku suka. tapi kebanyakan iklan, premiumnya lumayan mahal menurutku. dan kenapa punyaku hanya boleh pilih 1 musik saja perhari? ini sih yg bikin aku hilangin 2 bintang.",3,netral
setelah nmuin Spotify Musik... dlm mencari musik kesukaan makin mudah. makasih SPOTIFY 🙏🙏🙏,5,positif
keren tapi iklan nya kurangin ya,3,netral
baguss bangettt sihh tapiiii tapii adaa nihh yang bikin kesel kadang gabisaa nekan mana yang udah di favorit in masa di suruh bayarr ihhh males banget 🙏🏻😭,4,positif
bgus,5,positif
jelek,1,negatif
asli kereeeen,5,positif
lagu yang di play tidak serupa dengan playlist dan juga hanya bisa play 2 lagu,1,negatif
"apaan masa baru 2 lagu langsung iklan, mana iklannya ada 4 lagi terus durasi iklannya lama bngt",2,negatif
enak di dengar dan sekarang gak usah buka buka YouTube lagii deh,5,positif
enek dan nyaman,5,positif
"kok jadi lemot benar ya? lama loading sudah hapus chace juga sama saja, koneksi lancar padahal",1,negatif
"please sekarang lagu nya di batasi cuman di kasih 5 kali milih lagu baru gk bisa milih lagi, soal nya di suruh pakek premium",3,netral
eh gila masa gua nyetel lagu setiap 2 lagu iklannya 4 gila,1,negatif
goood,5,positif
keren banyak lagu yg saya suka jadi rekomendasi buat aplikasi yg banyak musik,5,positif
bagus,5,positif
bagus,5,positif
tebaik,5,positif
bagus bangetttt,5,positif
enak di dengar,5,positif
tidur nyenyak,5,positif
boikot,1,negatif
woe gw GK bisa buka apps nya jirrrr,2,negatif
bagus tapi kikir banyak iklan premium pemaksaan itu,5,positif
knp ya sering sekali di tengah2 lagu tiba2 mati sendiri dan kalau di play lg bakal ulang lagu nya dr awal?? udah sering loh bukan sekali dua kali. jujur ganggu,1,negatif
dipaksa premium dong ini aplikasi,1,negatif
good,5,positif
bagus sih lagunya cuman iklan Mulu tolong jangan Adain iklan GK jelas ganggu sumpah,4,positif
Jelek,1,negatif
BAGUSSSSSSSSSSS BANGETTTTTTTTTTTTTTTTT,5,positif
"Aplikasi makin banyak yang download bukan membuat nyaman penggunanya malah makin cari komersil dari penggunanya dengan cara semua di batasi dan di paksa harus bayar lebih untuk fitur sesederhana ""next track dan select track"" 👎🏼👎🏼",1,negatif
aplikasi kikirrrrr,1,negatif
mantaaaap. hanya saja untuk dengar musik di tv android terkadang berubah mode menjadi video.,5,positif
ok,5,positif
keren,5,positif
menampilkan iklan 18+ tolong adakan fitur melapor agar iklanya bisa hilang atau adakan fitur hilangkan lagu atau foto yang 18+ saya tidak suka karena tidak beretika dan tidak sopan membahas 18+ kecuali tentang edukasi kesehatan dan itupun harus konten berkualitas dan tidak menjurus ke hal pornografi! saya akan mempertahankan ⭐ 1 ini,1,negatif
enak banget buat dengerin semua lagu,5,positif
Memeng sih ini aplikasi yg hebat banget 🤩 buruan download kalau GK download rugi kalian,5,positif
terbaik dari pada yg lain,5,positif
saaangaatt! bagus,5,positif
manTaP,4,positif
"sangat cocok untuk mendengerkan musik saat bosan, kerja, belajar, dll. Cocok untuk semua usia dan ada banyak lagu",5,positif
lagu nya hilang tiba tiba saat main Roblox,3,netral
"kikir, mikir iklan 4 apa ga kebelet haji😜😜",1,negatif
iklan bejibun padahal penggunanya dah banyak,3,netral
bagus,5,positif
bagus lengkap lagu lagunya,5,positif
"janganlah pelit pelit, dikasih iklan boleh tapi jangan lebih banyak dari lagunya dong, baru 2-3 lagu udah iklan lagi aja",2,negatif
IKLANNYA BANYAK BANGET HAMA!!!!,1,negatif
ok,4,positif
"masa gw mau milih lagu di suruh bayar, pas gw milih lagu apa yg di keluarin apa.minimal lagu garatis lah ga bayar.coma lagu ini buat di dengerin. bukan buat di bayar. mending duit gw buat beli makanan , dari pada buat dengerin musik yg ga guna.",1,negatif
banyak iklannya,1,negatif
"JANGAN DI BIKIN HARUS PREMIUM PLSS SUSAH SOALNYA KALO LAGI BOSEN SETEL LAGU EH DI BATASIN GARA"" BULEM PREMIUM",4,positif
"Saya memberi bintang 1 karna aplikasi music ini kurang recommended, bayangin aja setiap ganti lagu harus iklan 30detik ×2= 1 menit, aku faham karna ga premium tapi ini berulang terus menerus, sehingga membuat pendengar kurang nyaman, pokoknya spotify aplikasi ampas lebih bagus JOOX music🙏",1,negatif
yang bilang banyak iklan makanya premium dongo Jan nyalahin ngasih bintang 1 huuu dongoo,5,positif
mantap,5,positif
masih tetap di spotify karena lebih simpel dari pada yang lain,5,positif
apk kikir,1,negatif
kikir iklan,1,negatif
saya suka aplikasi ny bisa buat Saya susa cari lagu yang enak di dengar,5,positif
aplikasinya bagus buat dengerin music sambil karoke tapi iklannya kalau bisa lebih di kurangi,5,positif
iklan nya 1 wajar 3 kurang ajar lu 4 iklan minta di hajar,1,negatif
sangat bagus,5,positif
bgusss,5,positif
😭😭,1,negatif
"iklan lu kebanyakan sampe 4 iklan, musik diputar cuma 2 nggak ngotak",1,negatif
bagus sangat mantap sama keren,5,positif
spotify musik emang kerrreeennn mantap 👍👍👍👍😎😘😘😘😘,5,positif
bagus tpi terlalu banyak iklan gitu jadi ngk leluasa denger musik nya itu aja sih msalah nya yg lain bagus,5,positif
tetap yg terbaik sampai saat ini,5,positif
"terlalu banyak iklan, dan memilih lagu harus premium👎🏻",2,negatif
asekkkkk ni musik nyaaaa yooooo,5,positif
aplikasi butut,1,negatif
baik,5,positif
woi min lagu favorite ku ko pada ilang semua untung masi ada sisa dikit aku lupa judul sama liriknya jangan di hapus2 in dooong aku jadi nyari nyari dulu,4,positif
kadang enggak nyambung ke sinyal padahal baru beli kouta tapi kadang sambungannya bagus juga yah ratingnya 90 lah,4,positif
"apk ini udaa baguss banget buat yang mau dengerin musik smbil chatan , tapii jujurr IKLANNYAAAAAA kurangi lah iklannya nii yaa bener si emang klo gamau ada iklan haruss premium YANG KAGAA ADA DUITT GIMAANAA?? jjurr guee ksell bgtt hruss nunggu iklan selamaa ituu , plss dongg hapuss dikit durasii iklannyaa jadii jangan terlaluu lamaa krnaa kitaa jgaaaa butuhh dengerinn laguu bukan iklan yang malahh lamaa , manaa iklannyaa gabisaa di skipp haruss nunggguuuu sampaaaaiii tuu iklannn selesaiiiii huhh",5,positif
kurangi iklan ny,3,netral
makik rameh makin kikir😂,1,negatif
"apaa banget sekarang harus perbulan baru bisa pilih lagu sendiri, gajelas",1,negatif
saya senang,5,positif
bagus tpi klo dari playlist itu kaya apa ya kaya ngasal gitu gk sesuai sama lagu nya,5,positif
kikir banget yaa,1,negatif
"sudah kaya tapi makin pelit, kebanyakan makan iklan",1,negatif
bagus,5,positif
tibaa2 ga bissa,1,negatif
kita bisa menjelajahi lagubyang kita mau sesuai mood,5,positif
B aja,5,positif
ini biar bisa di baca ni gua kasih bintang lima ini apk kagak jelas masak maksa kita untuk beli premium apa lah kita yang kagak ada yang untuk beli kagak adi bet,5,positif
kebanyakan iklan anj,1,negatif
sangat baguss,5,positif
"sekarang banyak iklan anjg, banyak mines nya",1,negatif
"lagu nya best"" banget",5,positif
"gajelas lu kikir, masa iya iklanya udah 4?, spofty kan udh besar, masa kalian maksa banget si pengunanya harus premium? kebelet apaan si? kebelet beli bumi kah? udh kaya juga kan kalian?, tolong banget lah pihak developer, iklanya tolong di kurangin 2 aja udh cukup, knpa harus 4 coba, awas aja lu ntar lama lama nambah 5 iklanya, bikin org badmood aja, lagi di jalan coba masa iya harus dengerin iklan, pdhl lagi seru serunya",1,negatif
sangat mudah,5,positif
tolol,1,negatif
kikir bbi lama' selusin ini iklannya,1,negatif
no iklan cuy sukaaa banget,5,positif
mantap,5,positif
"aplikasinya bagus banget sebenarnya, cuman iklan nya kebanyakan satu dua masih okay tapi ini udh 4 bikin bosen, coba iklannya di kurngin lagi.",3,netral
sekarang kebanyakan iklan nya...,5,positif
kikir,1,negatif
terlalu kikir,3,netral
rasa nya adalah pokokk nya,4,positif
keren untuk ngesad,5,positif
boikot,1,negatif
putar lagu aja harus premium,1,negatif
bagus,5,positif
seluruh tidak di sebutkan satu persatu selalu baik terima kasih,4,positif
cocok buat galau :),5,positif
menyenangkan,5,positif
mantap,5,positif
love ya,5,positif
Padahal cuman buat akun doang tapi kok ribet banget sih. Katanya daftar gratis tapi harus pakai sandi sama nomor telepon. udh capek capek isi malah ga bisa,1,negatif
"bagus, tapi banyak iklan nya ga suka benci bgt",5,positif
"sengaja biar muncul di atas, pihak Spotify tolong banget, bisa jangan kasi limit dalam memutar lagu gak? masa harus premium sih, mana mahal lagi, iya kalo murah. mending jangan di download kalo belum dah, biar mereka makin miskin aja",5,positif
gk kuat sama iklannya,1,negatif
sangat bagus,5,positif
mantaap pooooooolll🫠🫠,5,positif
"apk bagus tapi iklannya di kurangin lah ,masa 2 lagu 4 iklan",1,negatif
full iklan,1,negatif
cuma bisa pilih lagu 10 kali doang terus gak bisa pilih2 lagi👿 di suruh premium emang spotify parah kali udh males aku pakek spotify🙄🤮,1,negatif
lagu ya eanak,5,positif
enakk bangettt,5,positif
"Spotify sangat menyenangkan dan asik lagunya juga bebas,saya bisa belajar nyanyi,lirik,dll, Spotify juga memiliki banyak lagu",5,positif
jelek bug mulu,1,negatif
"BENCI BANGET sama iklan nya yang tiba-tiba jadi 3, 4, badmood sumpah, aku dengerin Spotify di jalan cuma 4 dengerin iklan sampe rumah, buang buang waktu, iklan soft spoken yang nyebelin, durasi nya panjang panjang lagi, maksa banget harus premium? maksa banget bikin kita boros?👹",1,negatif
buset iklan nya banyak amat pengen umroh yaa?emang musik di dengerin tiap hari kan ngga kenapa harus premium si pengen sekaya apa lu kocak dah,1,negatif
bagus. banyak. sekali. lagu. seru,5,positif
baguslah apa lagi,5,positif
"fitur gratis kurang tidak seperti dulu, sebagai pemilik banyak akun saya mending pakai mod dan Gonta ganti akun ketimbang harus bayar yang belum tentu setiap hari digunakan.",3,netral
"kebanyakan iklan, fuuh",1,negatif
bagus,5,positif
bolehlah,5,positif
jelek ada iklan nya,1,negatif
emm bagus,5,positif
bagus nyanyinaya,5,positif
mau ampe 10 iklan pun ga bakal gw beli Spotify premium titik,5,positif
aplikasi nya bagus bngett,5,positif
enak banget lagu nya di sini,5,positif
kebanyakan iklan skrng unik.apaan dh 4 iklan 3 iklan gw tau lu udh jdi gede. iklan nya lu masukin aja smua.Hebat,2,negatif
enak banget musik nya 😁😁,5,positif
bgus,5,positif
aplikasi kikir banyak banget iklannya udah 4,1,negatif
aplikasi maksa permium. apaan anjir masa mau dengerin lagu aj wajib premium si? bayangin orang² yang gak punya uang. tolong ngerti lah gak semua orang tuh mampu. mana sekali premium minimal Rp 80.000 mending makan dari pada dengerin musik.,1,negatif
bocah nanas!,5,positif
mantap,5,positif
boikot,1,negatif
kenapa Spotify skrg agak maksa buat premium ya😢baru nyetel 3 lagu hr ini lgsg gbisa krn hrs premium😮‍💨,3,netral
musiknya the best 🤩🤩,5,positif
ini knp ga bisa buat gem,4,positif
"jangan ada yang mau pake aplikasi ini, iklan nya kurang banyak kalo bisa sampe 10 buat",1,negatif
sangat bagus untuk mancari lagu yang enak,5,positif
tadi saya mengarkan lagu tiba2 disuruh bayar 78000 RB,2,negatif
kikir,1,negatif
makin ngaco ajh . mau putar lagu a malah yg nyala lagu b,2,negatif
sangat bagusss,5,positif
sekarang kalau mau pilih lagu harus beralih ke premium. padahal sebelum nya tidak. sebelum nya free,5,positif
"Sejauh ini lumayan bagus, musiknya udah lengkap, tampilannya cakep, kualitas suara lumayan lah, tapi terlalu banyak iklan dan akses sedikit sedikit selalu muncul premium mulu, premium, premium, premium, jadi nggak nyaman lama kelamaan pakai aplikasi ini, sebagai pelanggan setia Spotify saya merasa agak kecewa",3,netral
bagus bgt bisa denger lagu tanpa ada iklan pokok nya debes,5,positif
bagus,5,positif
udah bnyk iklan boikot lagi haduhh,1,negatif
kebelet naik haji ni orang ilklanya panjang banget!.,1,negatif
asik buat bersantai,5,positif
baguss,5,positif
easy listening,5,positif
sangat bagus,5,positif
iklannnya kebanyakannnnn,1,negatif
kebanyakan iklan dan dikit dikit promosi premium Mulu yang modal login search doang jadi sengsara,1,negatif
harus pake premium ga bisa dengerin lagu sepuasnya harus bayar lagi🙄🙄🙄🙄🙄🙄🙄🙄,2,negatif
KURANG BANYAK IKLANNYA TAMBAHIN LAGI 10 IKLAN,1,negatif
lebih mudah mendengar musik di Spotify,5,positif
enak didengerin,5,positif
sayangnya berbayar,2,negatif
iklan muluuu,1,negatif
puas dengan apa adanya,5,positif
iklan kebanyakan,1,negatif
dulu bebas pilih lagu skrg d batasin wajib premium banget. parah sih,2,negatif
"bisa diapus gak itu iklan iklan ny?,2 lagu bisa sampe 4-5 iklan",1,negatif
Good,5,positif
aplikasi nya bagus untuk dengerin lagu,5,positif
ok juga,5,positif
good apps!,5,positif
suka Ama app ini ... makasih udah nemenin n ngehibur setiap harinya...😍😍,5,positif
enak,5,positif
ternyata lagu diluar genre juga ada😁,5,positif
makin kikir njir ni apk,1,negatif
"ini aplikasi main lama makin pelit,mau non aktifin mode shuffle aja premium dulu,padahal dulu gratis",3,netral
cukup baik,3,netral
baguss aja gitu balikin mood serius aku suka banget sama ini!!,5,positif
bagus lagunya dan seru bisa ngedengerin sambil waan,5,positif
terlalu bergantung sama premium baru gw denger 1 lagu langsung iklannya 4 mending gw denger di youtube,1,negatif
baguss,3,netral
bagys,5,positif
KIKIR,1,negatif
"The display is very laggy just to play music. This clearly not a video game, but it tries to look like a graphic intensive app.",1,negatif
mantap selalu jaga kualitas nya,5,positif
enak bgt lagunya saya kasih bintang 5 karna bagus dan semua lagu ada,5,positif
makin kikir anjir,1,negatif
bagus,5,positif
sngt baik,5,positif
makin kikir aja nih aplikasi,1,negatif
saya bisa menyanyi karena banyak lagu yang saya bisa pelajari,5,positif
"sangat mengecewakan, bukan dengerin musik lagu, cuman dengerin iklan,.. full spam iklan, mending aplikasi sebelah,..",1,negatif
Good!!!,5,positif
enak banget lagu nya baru g loding,5,positif
enakkk,5,positif
"kebanyakan iklan, kualitas audio jelek banget, algoritma aneh. boycott juga 👎",1,negatif
top lah,5,positif
iklan y kurang buanyakkkk,1,negatif
kadang ada iklannya tapi malas beli premium kurang²in iklannya dong,4,positif
"aplikasi KIKIR, kembarannya wielino",3,netral
cocok buat gua yg lagi sad biar jago aj mainnya,5,positif
aplikasi inikeren,5,positif
"kebanyakan iklan, tiap 1 lagu iklan mulu. tolong dikurangkan bukan di tambahkan untuk iklan",1,negatif
"this app make me found out the music I want,but not all have the song I want to,but at all the sounds of the song it's very clear. good app if you consider to find all of kind music",5,positif
yeeuu kikir,1,negatif
tidak se complicated youtube,1,negatif
agung,5,positif
te bisa di download,1,negatif
sangat rekomended bagi para penikmat musik yg mencari aplikasi gratisan dan hemat kuota internet.,5,positif
Mantap... Lagu lagunya dan musik ya sperti aslinya,5,positif
sat bagus. dengerin lagu ketika gabut,5,positif
bagus banget,5,positif
"katanya gratis tp knp berbayar, kenapa saya setiap putar lagi lama lama jadi bayar dah lah ganti apk aja masa dah di APUS download lagi masih begitu aja",1,negatif
"aku sukaa, tapi iklan nya terlalu banyakk, aku kurang nyaman iklan nya banyak😔",4,positif
bagus,5,positif
bagus,3,netral
nice,5,positif
musiknya enak banget cuy bagus lagi nga bikin hp pata pata pokonya spotifay sanggat bagus beruan domlot,5,positif
"niatnya mau tidur sambil dengerin spotify tiba tiba ada iklan 4 gw ngga jadi tidur males banget, bukannya gw ngga mampu buat beli premium tapi kenapa harus 4 kikir banget mana lama lagi, mending pake aplikasi lain ngga enjoy dengernya benerin dulu iklanya baru gw kasih b 5",1,negatif
nice app. musiknya bagus² recommended app music,5,positif
bagus,5,positif
"iklan aja terus, nunggu iklan aja lama banget",1,negatif
bagus musiknya cakep,5,positif
kikir,1,negatif
"apk music terbaik, namun sekarang sudah banyak pesaingnya. mereka free.",5,positif
"kikir banget jir, 2 lagu 4 iklan ngttt",1,negatif
"kurangi iklan ajaa sih,topppp poll untuk yg lainnya",5,positif
this is a very helpful application that has given me a lot of experience in the world of music development and has a very minimalist and aesthetic overlay design that makes me more comfortable in using it and adds to my musical experience.,5,positif
bisa dengarkan lagu pujian yang menguatkan iman,5,positif
penghibur disetiap waktu,5,positif
sangatttt bagussss,5,positif
bnyk iklan,1,negatif
aplikasinya bagus sekali,5,positif
bagus,5,positif
Hapus Permanen🔥🔥🔥,1,negatif
seru banget untuk mulai hari baru,5,positif
sangat baik dan bagus untuk di gunakan,5,positif
terbaik,5,positif
good job,5,positif
"kebanyakan iklan, music gak bisa di skip, premium mahal, apk kikir lmao",1,negatif
suka banget dengan aplikasi ini,5,positif
keren bagus,5,positif
enak lagunya,5,positif
Spotify: Music dan kecil,5,positif
saya suka mendengarkan lagu di aplikasi ini,5,positif
ok,5,positif
sangat menyenangkan,5,positif
sangat baik,5,positif
nah bro,1,negatif
log out terus secara tiba tiba,1,negatif
banyak iklan,1,negatif
suka tpi rada kesel dkit¹ premium,4,positif
aplikasi bagus,5,positif
full iklan,1,negatif
parah enak banget sumpah 😭😭😭 terharu gua fasilitas lengkap😭😭,5,positif
iklannya ngelunjak,1,negatif
bagus tapi pro isratol,1,negatif
aplikasi musik spotify ini bagus saya sudah cukup lama menggunakannya tapi semakin lama harga premium spotify semakin mahal dan sudah tidak ada promo lagi dulu² masih ada harga premium promo 3 bulan cuma bayar seharga 1 bulan premium tapi walaupun geratisan juga bagus cuman iklan sekarang lebih sering di banding dulu gratisan iklannya lebih sedikit tolong hadirkan premium jangka waktu lebih lama misal 3 bulan dan 1 tahun namun harganya janggan terlalu kemahalan,5,positif
menamba wawasan pembendaharaan tentang lagu,5,positif
free free,1,negatif
kasih premium min,5,positif
jelek,3,netral
INI TOLONG IKLANNYA DI KURANGINN DONGG,5,positif
ini apk terbagus buat putar lagu,5,positif
ok lah,5,positif
mantap,5,positif
ok,4,positif
Ok,1,negatif
Uda mulai payah di putar musik nya,5,positif
sangat bagus,5,positif
"makin dibaarin aplikasi mulai kikir , kenapa milih lagu yang disuka diputar harus berlangganan. dan juga iklan nya di panjangin .ini aplikasi umum apa untuk para enstein",1,negatif
"apalh,setiap aku buka aplikasi nya selalu beda-beda pengaturan bentuk dari Spotify nya, update nya bikin pusing, makin banyak iklan.",2,negatif
lagu sangat bagus,5,positif
"ini overall bagus aplikasinyaaa, tapi kalo lagi dengari lagu china atau lagu luar negeri lainnya tolong tambahin fitur pinyin",4,positif
"overall.. all good, iklan nya aja kepanjangan hihi :)",3,netral
SANGAT SUKAAAA😍,5,positif
sangat memuaskan,5,positif
baik,4,positif
sangat friendly....kayak sodara 😁,5,positif
"di suruh bayar kalau pilih lagu,spotify makin lama makin ngelunjak njg and jujur lebih dengar iklan sih dari pada lagu",2,negatif
hisup tanpa musik gag brisik :),5,positif
Good music,5,positif
"aplikasi edan semua di duitin, milih lagu yg mau di setel bayar, lagu ngacak random di luar playlist (kalo mau sesuai playlist bayar), iklan 5 menit (berkali2) gila kali ya, mikir anjir",1,negatif
disuruh periksa no hp berkali-kali padahal itu bener-bener no hp saya,2,negatif
orang mau tenang aja disuruh bayar premium muluk dan kadang kandang kalo milih lagu malah lagu lain yang kepilih kalok ngasih iklan jangan banyak banyak napa aku mau santaiiiii,2,negatif
mantap gg geming,5,positif
ya di boikot,1,negatif
"good sih apalagi lagu"" enak dan gercep updatenya 😍",5,positif
rekomen bgt aplikasinya,5,positif
tiap 1 lagu oertama langsung iklan 4x lagu brikutnya 2 lagu trs iklan 4x.. harus beli premi,2,negatif
min tolong perbaiki sering ilang sendiri,1,negatif
kurangi iklan🗿🙏,5,positif
apk nya bagus tapi iklan nya kurangi bos,3,netral
Terlalu byak iklan,1,negatif
"aduh ni apk kebelet naik haji atau gimana, mau putar lagu yg dipilih aja harus premium, skip lagu juga premium download musik juga premium serius 39k untuk 3bln premium cuma untuk memilih muter lagu? kalo bisa puter lagu aja harus premium maka saya akan berhenti menggunakan apk ini",2,negatif
lagu lagu yang bagus dan lengkap,5,positif
gokil,5,positif
maksa bngt,2,negatif
kurang lengkap,4,positif
bagus cuma kebanyakan iklan,5,positif
developer kikir cuma ganti lagu doang harus premium,1,negatif
saya sangat tertarik dan terhibur,3,netral
"bagusss bngtt aplikasinyaa tapii minusnyaaa, datang iklannya di waktu yg kurang tepat muluu🙏😭 kaya pas lagi nyanyi nih ngenah'heun malah iklan astaga tapii it's okey karena mungkin emg harus premium klo gamau ada iklannya ma😉😙.....",5,positif
"terlalu banyak iklan, masa 1 lagu 4 iklan yang bener aja",1,negatif
sangat bagus dan asik,5,positif
"mantep, ini si apk lebih dari cukup, mungkin kedepannya harus di perbaiki agar tidak ada bug, soalnya beresiko ke komentar lainnya yang mengakibatkan orang orang ga jadi install apk ini.",5,positif
iklannya banyak bgt mana suka 3 atau 4 sekaligus. trs ga bisa pindah pindah lagu se puasnya,2,negatif
"bagus banget, bisa kasih rekomendasi relevan",5,positif
"Bug, disuruh login berkali kali padahal udah login",1,negatif
"Spotify, please kembaliksn fitur pick and play aku jujur gk masalah sama iklannya tapi yang paling penting itu pick and play itu doang!",1,negatif
Aplikasi nya bagussss aku suukaaa!!!,5,positif
bagus banget buat lagu sambi main game,5,positif
sangat bagus di awal saja,5,positif
"gimana sih ini spotyfy, susah amat ngebalikin akun yg hilang. gua udah 2x loh hilang akun gua. tambah lagi udah banyak lagu sama artis yg suka gua denger hilang lagi😭😭😭. tolong lah bantuin balikin akun gua yg hilang ini,(AVIVO) juaga nama nya sama kayak username google gua. dan tolong tingkatin lagi keamanan akun user supaya gak mudah hilang",3,netral
"aplikasi kikir bgt setara Fir'aun,bayangin muter 2 lagi trus dapet 4 iklan gitu aja trus dan juga klo milih lagu itu ada limitnya jga hadeehhh hadeehh kenapa g sekalian dibuat berbayar aja ini aplikasinya",1,negatif
entahlah terkadang iklan yang tidak bisa dilewati dan banyak iklan kadang2 Setelah Lagu Selesai Diputar iklan selalu muncul,4,positif
bagus,5,positif
BAGUS BANGET YA ALLAH MAU NANGIS KEREN APK NYA BAGUS,5,positif
aplikasi ini sangat membantu saya,5,positif
ga sukaaa banyak iklan,1,negatif
"Aplikasi nya bagus, tapi jika kita mencapai limit untuk memilih lagu, itu sangat menyebalkan.. Tapi after all bagus kok keseluruhan nya, i approved👍",5,positif
jelek,1,negatif
"Sekarang apk nya makin kikir, udah sebelas dua belas sama capcut. demi sekalinya iklan bisa sampe 5 bahkan sampe 9 dan sekarang udh ngga bisa milih lagu sendiri. Bener² kata gue teh gila.",1,negatif
karna lagunya sesuai dengan yang di cari,5,positif
Musiknya mewakili kenangan lama saya...🙂,5,positif
sangat bagus,5,positif
iklan nya 4 jir,1,negatif
bagus 👍👍👍👍,5,positif
"aplikasi ini bagus,lagu nya beragam,dari lagu jadul sampai lagi baru ada di aplikasi ini😄",5,positif
"Sepertinya Spotify mulai mencari pundi pundi, dimana awalnya iklan jarang sampai udah mulai lama penggunaan, cuman bisa pilih lagu 6 kali. Aku terpaksa bertahan karna playlist laguku banyak di app ini, semoga lain kali mereka bisa lebih baik lagi.",1,negatif
"Well, I don't mind if Spotify puts ads between every song changes or the volume isn't good and things like that.I just don't like the limitations on song selection,",2,negatif
aplikasi yg cocok untuk hiburan,5,positif
minus banyak iklan,5,positif
"Spotify sih bagus banget bisa balikin mood yang rusak, aplikasi nya premium atau nggak nya tetapa aja bisa dengerin musik,nice banget sih developer",5,positif
bagus bangett!!cuma aku paling gak suka sama iklan nya,5,positif
bagus,5,positif
"suaranya jernih banget, jadi serasa lagi konser",5,positif
tapi ada keruang nya aku sering gak bisa pake lagu di dalam game,5,positif
Good,5,positif
terlalu banyak iklan ada 3 pulah 😡,1,negatif
bagus tidak diragukan lagi. sangat menghibur...,5,positif
bisa buat nangis walaupun lagu,5,positif
"kebelet haji, iklan bisa sampe 4x",1,negatif
"bagus sih jujur apk nya, tapi demen banget nyedot saldo :)) kita kan berlangganan cuma sebulan or 3 bulan, harusnya lebih dari itu udh otomatis mati ga sih(?) gausah ngide buat perpanjang sendiri tanpa ada verif dari kita nya 😆 saran aja kalo ada otomatis berlangganan gitu adain notif or verif dari kita nya biar ga kaget ujung² saldo ilang wkwkwk kocak",2,negatif
"dengerin doang harus bayar,apa apa bayar,kikir",1,negatif
teman diperjalanan,5,positif
aplikasi kikir banjir iklan,1,negatif
music nya banyak,5,positif
bagus suaranya merdu walaupun di sambungkan ke speaker,4,positif
Apl Nya Bagus Tapi Pas Kita Sedang Bermain Game Terus Pas Kita Nyalahin Musik Nya Pas Kita Mundurin Gk Bisa Tolong Setel Lagu Nya Bisa Di Ulang Maju,5,positif
"iklannya enak, lengkap, dan banyak! cuman kadang ada lagu di sela2nya, jadi merusak hariku yg sudah rusak..",2,negatif
Alhamdulillah membantu untuk live,5,positif
enk banget dgr lagu nya,5,positif
"Aplikasi apaan iklan nya banyak banget, dasar pelit🗿",1,negatif
terlalu banyak iklan tidak cocok untuk di download,1,negatif
"menurutku sih ini bagus,, cuman ya itu bisa di perbaiki iklan nya soalnya kadang suka lama banget iklan nya kalo semua sih aku, oke no coment lagi sih pokoknya di perbaiki aja gitu",4,positif
"aplikasi doang ijo, aslinya red flag. kalo fungsinya buat dengerin lagu napa harus dibatasin? syukur2 udah ada yang download set dah",1,negatif
banyak pilihan lagu yang menarik,5,positif
"yang benr aja min iklan sampe 4 , kurang min next update iklan nya harus 33 min 🥰😹",1,negatif
"promosi sih promosi, tp harus bgt kah lagu baru muter 2 judul, abis tu iklan 3 biji. gitu terus ga abis""🫥🫥🫥",2,negatif
banyak iklan,2,negatif
kebanyakan iklan ppk,1,negatif
"boikot dan banyak iklan, satu musik 4 iklan.",1,negatif
"kurang banyak iklan nya gok, mau dengerin lagu santai aja nunggu 3-4 iklan kurang lama mbut jmbut",1,negatif
saya menyukai apk ini banyak lagu old,5,positif
asu iklan e 5 lagune mung 2,1,negatif
enak,5,positif
keren,5,positif
"kecilin suara iklan, saya sering kebangun gara"" iklan",1,negatif
sangat memuaskan,5,positif
bagus 👍,5,positif
"aplikasi kikir, cmn bisa 2 lgu doang",1,negatif
khusus lagu seru,4,positif
"lu niat buat apk ga bro? baru juga 2 music lu kasih iklan 10 menit, mikir kids",2,negatif
kebanyakan iklan,1,negatif
"bagus si baguss, banget malah, tapi lo iklannya🙄🙄",4,positif
bagus tapi setiap mau mencet lagi nya ada metode pembayaran jadi bintang 4 aja,4,positif
Lagu bagus aku dapat premium 🤍🫰,5,positif
sangat bagus sekali 👏😊,5,positif
kecewaaa gwa sama nih apk. boikot!!!!,1,negatif
ada iklannya,3,netral
iklan lu noh se abrek,1,negatif
keren,5,positif
"mahall, iklannya banyak, tiba tiba masuk playlist nggak nyambung dan alasan terbesar BOIKOTTTTTT",1,negatif
aplikasi nya bagus cuman banyak iklan udh tu kikir pula masa mau putar lagu harus premium udah tu tiap kali abis putar 1-2 lagu pasti ada aja iklan,2,negatif
"not bad lah, 8/10. Minus nya cuman di iklannya doang, walaupun cuma 2 tpi ""menurut"" aku agk makn waktu gtu lhoo. itu aja sih sebenarnya, semua nya uda oke, klo bisa iklan nya di kurangin dikitt.",4,positif
bagus banget,5,positif
sipp aku suka,5,positif
这款应用真的很好用，适合在做家务、躺着或运动时听音乐。,5,positif
bagus bgt,5,positif
kebanyakan iklan anj,1,negatif
bagus,5,positif
degerin musik ❌ dengerin iklan ✅,1,negatif
kikir bngst,1,negatif
Aplikasi sudah bagus... Tetapi update kali ini klo mau lagu lain harus dapatkan premium dan di tablet saya tdk bisa memilih lagu sedangkan di hp bisa. Nnti klo udh update jadi lebih baik saya kasih bintang 5.,3,netral
bagus,5,positif
"sangat bagus, lagu dan liriknya pas!",5,positif
"kebanyakan iklan nya panjang"" lagi durasinya",1,negatif
aplikasinya enak dan saat keluar aplikasi ini masih bisa bunyi lagu yg ku putar tapi kukarangannya adalah lagu yg ku inginkan tidak ada atau yg remix,4,positif
bagus tapi iklan nya banyak,5,positif
apl yang paling mantap ini mah,5,positif
"wow 🤩saya sangat terkesan dengan aplikasi ini sangat luar biasa 👍mendengar lagu dari sini saya jadi PD ke semua orang tanpa ragu sekali pun mau itu teman atau pun keluarga,saudara rekomendet pokok nya 👍👍👍👍👍👍👍👍",5,positif
baguss,4,positif
aplikasi makin kikir cuma pengen ganti lagu aj harus premium kan ga enak mesti pake premium sekarang spotify mirip ama capcut kikirnya,1,negatif
bagus,5,positif
baguss sekaliiii,5,positif
aku saranin banget untuk yang suka dengerin lagu dan juga kita bisa buka aplikasi lain sambil dengerin lagu dan juga iklan nya bisa beralih sendiri,5,positif
makin pelit fiturnya,1,negatif
iklan nya bgsttt,3,netral
bersihkan semua bug,5,positif
pokoknya bagus banget 😁👍,5,positif
lagunya ada semua,5,positif
Spotify is the Best......!,5,positif
bilang nya lagunya sesuai mood ku apalah boong mood gw pengen denger lagu sad malah di kasih phonk terus setiap ganti lagu iklan pulak😹 au ah males makanya ku rating segini dasar pembohong😹🫵,3,netral
keren. aplikasi nyaa saat saya kesepian lagu jadi saya semangat lagi terimakasih saya kasih bintang ⭐⭐⭐⭐⭐,5,positif
𝘣𝘢𝘨𝘶𝘴 𝘣𝘢𝘯𝘨𝘦𝘵,5,positif
good,5,positif
terbaik,5,positif
bagus,4,positif
"makin lama makin kyk kikir ni app music, y sih klo gamau ada iklan bisa premium.. tapi iklan nya ya gausah 4 iklan sekaligus.. muak.",2,negatif
bagus banget ini jadi enak dengernya,5,positif
mantap,5,positif
aplikasi nya sangat bagus,5,positif
boikot,1,negatif
"seru, banyak album yang di sediain sesuai dengan apa yang kita dengarkan",5,positif
Enak banget buat mau tidur,5,positif
I LOVE I LOVE SPOTIFY NIKAHIN AKUUU🗣🤭🤭🤭🤭,5,positif
"sangat bermanfaat jikalau lagi sedih galau, Spotify ibarat tempat bersandar dengan cara dengerin lagu fav",5,positif
bagus banget dehh😆,5,positif
Gak bisa dengerin lagu sambil main game aku kesel udah beberapa kali 🤬🤬🤬🤬,1,negatif
enak,5,positif
kurangin iklan nya pls masa harus premium dulu ga asik ah 😭,3,netral
Buat diperjalanan Jauh Enak muter lagu terus,5,positif
enak di dengar dan dapat menghemat waktu sebanyak 50%,5,positif
baguss bangett,5,positif
sangat bagus,5,positif
sangat bagus,5,positif
good,5,positif
👍👍,5,positif
bagsu baget,5,positif
banyak iklan,1,negatif
𝒃𝒂𝒈𝒖𝒔𝒔𝒔𝒔 𝒃𝒈𝒕𝒕𝒕 💗💗,5,positif
suka dan rame,5,positif
lirik nya hilang padahal suda di download berapa kali tetap sama,1,negatif
ini aplikasi musik apa aplikasi promosi isinya full iklan,1,negatif
support is real,1,negatif
kikir,1,negatif
perfect,5,positif
kikir ajg,1,negatif
sangat bagus banyak lagu,5,positif
"makin lama makin apa apa berbayar, kikir amat nieh apk, gw belum denger lagu pas mau pilih lagu malah disuruh bayar premium dulu, gak kek dulu bisa terus terusan dengan cara nonton iklan, sekarang udh gak bisa apa apa",1,negatif
"aku suka apk nya tapi harus iklan, tapi gapapa si kalau iklan mah sedikit tapi ini iklannya 2-3, bagus tapi apk nya aku tetep ksih b5",5,positif
bodoh,1,negatif
"iklan yahudi, play 1 musik iklanya Sampek 3-4",1,negatif
kalo saya muter lagu gaada suara yang kedenger lagu nya muter suaranya gaada,1,negatif
bagus banget,5,positif
Sekedar milih lagu kok harus premium. padahal sebelumnya enggak,1,negatif
enak tapi iklan trus,5,positif
bagus sih bagus cuman banyak banget iklan,1,negatif
apk Spotify ini bagus BANGETTTT sumpah deh min 👍🏻,5,positif
kikir boikot aja,1,negatif
Aplikasi Bagus dan keren. menurutku sih tambah fitur tambahkan buat podcast buat sendiri.,4,positif
ini aplikasi dengerin lagu apa dengerin iklan?,1,negatif
good,5,positif
jempol,5,positif
Aplikasi yang sangat bagus,5,positif
"klo udh lama nge dengerin lagu nya ga bisa ganti, hrs premium. jd klo ada lagu yg ga cocok mau ga mau ya di dengerin, ga bisa di skip. iklan ny terlalu banyak dulu cmn 1-2 aja, skrng smpe 3 iklan. tp dulu ga semua lagu ada lirik nya tp skrng kyk ny smua lgu ada lirik ny",4,positif
1 lagu 4 iklan njg,4,positif
bgus rekomen,5,positif
"aplikasi kikir, 1.iklan gila, ga masuk akal 2.pindah¹ lagu aj harus premium 3.pilih¹ lagu harus premium",1,negatif
bagus tapi premium nya terlalu mahal,3,netral
"yg bener aj iklan nya makin banyak, iya gua tau kalo yg free ada iklan nya, tapi masa baru denger satu lagu langsung ad iklan nya, mana tiga pula iklannya, kek kesannya maksain buat premium anjir.",1,negatif
eee lumayan bisa karaoke,5,positif
aplikasi ini sangat bagus,5,positif
"lagu lengkap,suara bagus minus iklan doang",4,positif
iklannya banyakin lagi dong jadi 10 kalo bisa,5,positif
"iklan truss iklan iklan iklan,kebelet haji",1,negatif
bagusss👍👍💐💥🔥,5,positif
satu lagu satu iklan terlalu kikir ni apk,1,negatif
"bagus sangat bagus tapi benci karna ada iklannya,apakah boleh Spotify tidak berisi iklan",5,positif
Aplikasi kikir,2,negatif
aku suka bgt aplikasi Spotify apalagi Spotify Premium best app 😍🔥❤,5,positif
inii aplikasi nya bagus bangett gw sering make buat ngegame jadii kerasa santaii aja gitu vibe nya sama lagu nya disini juga lengkap banget walaupun ada iklan tapi gapapa ini aplikasi tetap bagus dan rekomenden banget buat yg nyari lagu tpi gatau liriknya,5,positif
musik nya lengkap banget,5,positif
sanggat memuaskan,5,positif
"Bagus untuk menemani aktivitas dengan lagu kesukaan, pencarian nya sangat peka",5,positif
"saran, kasih premium cuman 3 hari itu penting buat orang yg punya acara pasti banyak yang pake",4,positif
boikot,1,negatif
"apknya bagus, tapi dikit dikit iklan 1 lagu bisa sampai 3-4 iklan, jadi bosan kebanyakan dengar iklan daripada dengar lagunya",4,positif
Terbaik,5,positif
"kecewa sih sama Spotify skrng masa semuanya harus premium,milih lagi sendiri aja harus premium,kalau cmn iklan doang okei lah kita terima ini masa milih lagu aja harus premium,udh itu batas nge skip lagu juga ad,makan kikir ni aplikasi kecewa berat sih sebagai pengguna Spotify dari lama!!!",1,negatif
bagusss banget rekk,5,positif
menemani saat berkarya...,5,positif
iklannya di kurangin,3,netral
ini kan ada fitur bagus,5,positif
bagus,5,positif
musiknya update terusss..mantaaapooo,5,positif
💯,5,positif
"iklannya makin ga ngotak, padahal baru denger beberapa lagu ko langsung disuguhin dengan 3-4 iklan",1,negatif
kebanyakan iklan (⁠･ั⁠ω⁠･ั⁠),2,negatif
enak banget pake nya,5,positif
aplikasinya bagus iklan nya juga sedikit dan sangat puas,5,positif
aplikasinya bagus sekali,5,positif
lagu nya enak,5,positif
bagus,5,positif
gak tau gak asik pokonya,1,negatif
kenapa yah setiap kita main gem ko lagu nya hilang misal mau login ml dan sambil pake Spotify langsung mti lagu nya kenapa yahh,2,negatif
di paksa peremium,1,negatif
suka banget,5,positif
bagus bgt,5,positif
"iklannnya 2 aja udah lama, nah inimalah 3? jadi ga enak banget rasanya jadi tolong kurangin aja iklannya",1,negatif
banyak iklannya setiap 2/3 lagu iklan 2/3×,3,netral
boikot,1,negatif
banyak x iklannya,1,negatif
kalo ngasi iklan yg waras,1,negatif
aplikasi kikir! iklannya gak ngotak!,2,negatif
pler pler banyak iklan,5,positif
"mending pindah apk sebelah yg ga ada iklannya, ni apk kikir bet jirr",1,negatif
bagus dan bisa didengerin sambil main game,5,positif
"menurut saya, spotify itu cocok untuk saya dengerin lagu",5,positif
spotify nya bagus,5,positif
Pmuja musik suka dengan aplikasi ini. Saya suka nasyid.,5,positif
sangat bagus,5,positif
mantam 👍👍👍,5,positif
aplikasinya bagus banyak banget lagunya sangat rekomendasi banget,5,positif
iklan makin panjang bung,1,negatif
minus iklan doang sih,4,positif
bagus apk nya tapi ilangin aja iklan nya,5,positif
menghibur dan recomended sih bua hiburan,5,positif
kebanyakan iklan baru mutar 1 lagu aja langsung iklan,1,negatif
kikir bat ni apk,1,negatif
karena setiap mau disetel musik pasti ada bacaan premium jadi tolong di bagusin Spotify ya,2,negatif
"bisa GK si gausah ad premium"" nya aku mu nyari ketenangan doang harus byr oke premium",1,negatif
"pas awal2 download enk2 aja walaupun ada iklan tdk masalah, tpi skrng lagu2 yg kita simpan di daftr putr tdk bisa di putr, masa iya harus bayar dulu baru bisa di putar kan kocak, dan klu mau pilih lagu buat di putar hrus bayar 80k klu tdk bayar lagu bakal di putar acak kn tolol, lama2 gua uninstall nih apk.",1,negatif
lagu nya sangat bagus,5,positif
apk paling kikir cuihh,1,negatif
"banyak iklan, kalo bisa langganan aja ga dikasih opsi gratis tapi beriklan, jadi keinget dulu mau liat lirik cuma bisa liat preview aja kalo gratisan wkwk",2,negatif
iklan nya ngelunjak bgt..,1,negatif
😎👍,4,positif
this ap is good but...,1,negatif
Admin kikir Masa mau denger lagu di batasin!!!,1,negatif
iklannya gak ngotak,1,negatif
kikir banget monyet,3,netral
"bagus ,ada lirik nya cuman iklan nya ,ada terjemahan nya",3,netral
banyak iklan dan serba harus premium,1,negatif
Bagus suka,4,positif
lumayan bagus sii😣👌,4,positif
"kurang, kebanyakan iklan sekarang, ngebug juga, kalo masuk tiba tiba keluar, puter lagu hp jdi tiba tiba mati",1,negatif
suka sama lagu lagunya,5,positif
baguhs,5,positif
intinya aplikasi terbaik👍👍,5,positif
spotify sangat membuat hati tenang karena lagu lagu nya,5,positif
aplikasi tiba tiba keluar sendiri,2,negatif
bagus,5,positif
aplikasi kikir masa kalo mau play lagu yang di inginkan harus update ke premium,1,negatif
bagus,5,positif
aplikasi sangat keren betss,5,positif
gak suka iklan!!!!?!!!!¡!!!!!!!!!!,3,netral
aku suka lagu yg di sarankan,5,positif
aplikasi keren jadi mudah untuk mendengarkan semua jenis musik,5,positif
boikot,1,negatif
bagus,5,positif
boikot,1,negatif
sporty gogogo,5,positif
iklan mulu,4,positif
banyak iklan,1,negatif
kebanyakan iklan lama lama,1,negatif
memuwaskan,5,positif
bagus bgt plc trs aku nggk ush nyari tktk,5,positif
"membuat moment lebih tenang,dan membuat lebih berwarna,dengan lagu indah",5,positif
"aku suka apk ini, apk ini yang menemaniku di setiap waktu tanpa kesepian",5,positif
bagus mantap,5,positif
kenapa jadi ngak bisa offline sih,1,negatif
Banyak pilihan genre musik👍😃🤩,5,positif
oke,5,positif
banyak iklan,3,netral
sya suka dengan lagu nya dan lagu nya asik smuaa tapi sya mau ksi banyak lagi okk,5,positif
"suka banget, walau terkadang mau lagu yang udh di folder, malah pindah ke lagu acak. kalo podcast-nya, sih. masih kurang menarik, tapi baik, bagus juga",5,positif
sangat seru,5,positif
harga premiumnya terlalu mahal,1,negatif
good,5,positif
bagus tpi boikot,1,negatif
"hmz, iklan terlalu banyak. kalo mau bikin playlist nambah banyak lagu pasti bug/lag",1,negatif
"bagus bagus, apk nya lumayan semua lagu hampir ada semua, buat yg bilang banyak iklan nya lah lama iklan nya segala macem makanya beli yg premuim bro",4,positif
"Mau putar lagu lain, yang dimainkan lagu lain.. Mau masuk playlist, lagu yang tidak diinginkan juga ikut masuk🙄",1,negatif
"Saya suka sekali mendengarkan iklan di spotify. tapi masalahnya adalah seringkali saat saya sedang asik mendengarkan iklan lapis 3 yang masing masing durasinya 30 detik, ada saja gangguan lagu dari berbagai macam kreator. Jelas ini sangat mengganggu untuk saya mengingat durasinya bisa 3 sampai 4 menit. Tapi untungnya spotify hanya memberi 1 lagu setelah itu lanjut 3 iklan durasi 30 detik lagi. Terima kasih spotify",4,positif
"apk tai ajg, ngebug playlist gw ilang smua kentit",1,negatif
"Apk nya baguss🤩🥳🥰, tapi tolong jangan ngelek² terus yaa aku rating 5 nihh👍🏻👍🏻. Apk Spotify memang bagus sn jujur",4,positif
karna ga bisa sambil maen game,1,negatif
bagus aplikasi nya.,5,positif
Ini aplikasi nya best banget pokoknya aku saranin banget buat kalian yg suka lagu disini ada mellow dangdut juga ada dan banyak yg ori dari penyanyi nya terus iklannya dikit doang bisa dengerin banyak lagu terus iklannya cuma bentar banget tuhh,5,positif
"Menurutku untuk 1 lagu dan ada 4 iklan memang benar"" keterlaluan miskin banget smpe kasih 4 iklan and 1 lagi bisa gak iklannya Roni paruliang di kirangi",1,negatif
ada sebagian besar ada lirik dan ada juga yg enggak ada,4,positif
"selalu berbayar, menikmati lagu saja perlu bayar, tidak bebas",1,negatif
bagus. tapi kok sekarang banyak iklan nya? dikit dikit iklan nyetel 1/2 musik iklan 2,2,negatif
seruu bgtt dengerin lagu dispotify,5,positif
good,5,positif
maksa apk maksa,1,negatif
aplikasinya bags..to long iklan Nya jngn terlalu banyak,5,positif
bagus,5,positif
suka banget karena ada lagu weezer,5,positif
cool,5,positif
iklanin tros sampe 10 tuh wkw,1,negatif
terbaik,5,positif
"kebanyakan iklan, sekarang iklan bisa sampai 6x",1,negatif
aju nice,5,positif
sanngat bagus,5,positif
mantap,5,positif
boikot,1,negatif
kok ada sedikit bug ya bisa di jelaskan kenapa kalo mau di ulang lagi gak bisa ya lagunya apa ini emang update baru nya?,5,positif
i love Spotify SM♥️,5,positif
"sukaa! aku mau iklannya di kurangi boleh? aku suka denger, tapi di ganggu iklan, jadi tolong ya",5,positif
Keren cuy bisa muter lagu,5,positif
"bagus,tapi setiap 2 lagu muncul iklan",5,positif
kenapa lagunya ga bisa di putar ? dan banyak yg hilang,2,negatif
aku suka Spotify ya tapi kaya ada yang gimananya udah pokokya begitulahhh tapi tetep bagusss ya jangan berharap Sanya sombong ya,5,positif
"saya hanya butuh memberikan kata singkat dan simpel ""this apk very good""",5,positif
ㄒ丨ᗪ卂Ҝ 乃丨丂卂 爪卂丂ㄩҜ Ҝ乇 丂卩ㄖㄒ丨千ㄚ,1,negatif
"saatnya pindah ke aplikasi yang jauh lebih baik, satu lagu iklan, satu lagu iklan, lagu 4 menit iklan 2 menit. plus masuk boycott list juga. sudah gak punya alasan untuk lanjut ke aplikasi ini.",1,negatif
aplikasi kikir,1,negatif
macam lagu yg enak dedenger,5,positif
"sebenernya apknya oke, cuma ni apk makin lama makin kikir. iklannya setara dengan 1 lagu, udah gitu premiumnya makin mahal dan maksa banget buat beli premium + sekarang kadang ngebug gabisa nyingkirin tawaran premiumnya! menurut saya secukupnya aja lah Spotify, jangan kaya ngebet banget gitu",1,negatif
"baguss bangett soalnya banyak musik dan gak berbayar jugaa seruu bangett lengkap lagi dari lagu galau,lagu bugis,lagu dj,dan masih banyak lagi lagu' yang bagus'",5,positif
hemat data dan tidak membosankan,5,positif
nice,5,positif
iklan mulu terpaksa uninstal otw joxx,1,negatif
iklan bnyk Betty anjrittt dasar kikir,1,negatif
mantap tidak menghabiskan batrei,5,positif
aplikasi kikir njir,1,negatif
sama iklan okelah tpi anj sekarang pilih lagu di batas,1,negatif
aplikasi pelit full iklan,1,negatif
cuwek,1,negatif
ketika gabut di bulan puasa dengerin lagu di sportify,5,positif
banyak lagu bagus,5,positif
setia menemani ...,5,positif
boikot,1,negatif
iklan Mulu taii,1,negatif
bisa dengerin lagu kenangan masa muda. keren,5,positif
"Kebanyakan iklan, pro isriwil",1,negatif
"Tidak Rekomend banyak iklan, harus pake mod",1,negatif
bagus banget semua lagu yang lagi viral ada di sini dan yang lama juga ada disini,5,positif
bagus bagtttt untuk bersih bersih makasi sapotiyyyyyyyy Terima kasi bggggtttt bagus bgttt kalau mau dengar lagu artissss enak bgttt dengar nya apa lagi kalau pakai laspeker tarobe dada,5,positif
mantep,5,positif
"star syndrom mentang"" udh punya nama iklan aja bejibun skrg ya, padahal dulu jadi platform andalan anti premium eh skrg malah jadi gini, sehat sehat aja",1,negatif
membatal langganan apa uang saldo kembali,1,negatif
"Aga kecewa si sekarang Ama Spotify, kenapa pula sekarang lagu iklan 4 mana lama terus juga dibatasi kek maksa bngt buat premium gitu, dlu mah enjoy bngt pake ni aplikasi sekarang yauda lah ganti aplikasi lain, makasih",1,negatif
"JELEK,",2,negatif
lagunya bagus🫡 gua salut Ama yang bikin lagu apa aja Lo. ada 🫡🫡🫡🫡,5,positif
bgus bgt,5,positif
lumayan,5,positif
Bagus dan sangat menghibur,5,positif
"jujur sebelumnya aku langganan mahasiswa, terus ada sebuah survei aku kira bakal meringankan. ternyata habis survei malah makin dinaikin, gatau kenapa kok dinaikin dan semenjak dinaikin aku ga langganan premium lagi. mahasiswa yang sebelumnya murah malah dinaikin, jadinya makin aneh aja menurutku",2,negatif
loba teing iklan,1,negatif
banyak iklan,4,positif
kikir,1,negatif
ok,5,positif
aku suka bangett,5,positif
bagus,5,positif
"Fantastic app! Spotify has everything I need for music, podcasts, and playlists",5,positif
🤜🤛👍🏻,4,positif
kikir kikir cuma bisa denger beberapa lagu abis tu di suruh beli premium atau ga nunggu besok baru bisa lagi,1,negatif
"Wah gila iklannya sekarang, masa satu kali setel musik iklannya bisa 6???! aku tahu gak premium tapi ngotak dikit anjir 😭😭 kikir bgt",1,negatif
"enak"" lagu nya",5,positif
bagus,5,positif
ok,5,positif
kikir amat sekarang pake 4 iklan,1,negatif
mau dengar lagu harus premium apalah mana banyak iklan lagi ini emang niat buat apk lagu,1,negatif
Bagus banget dan suka sama apk nya dan lagu yang terbaru dan lagu kenangan makin top deh kedepannya,5,positif
apk kikir pilih lagu aja harus premium,1,negatif
bagus tapi nama lagu selalu lupa,5,positif
i love music,5,positif
harus bayar di tulisan gratis ini bayar gak waras,1,negatif
makin lama makin kikir masa milih lagu aja harus prem dikasih batas pilih lagu redup aja ni apk ganti ke apk lain aja kalian semua,1,negatif
berkerja sesuai perintah,5,positif
sangat sangat bagus,5,positif
good,5,positif
aplikasi musik yang sangat bagus,5,positif
bagus banget lagu nya lengkap,5,positif
"iklannya gk ngotak njirr, mending YouTube music gratis",1,negatif
"kikir bgt, masa mau dengerin lagu harus tunggu besok atau ga premium, mau skip lagu juga per jam ada batasannya, mana 2 lagu 4 iklan lagi",1,negatif
terbaik,5,positif
ok,5,positif
padahal online tapi kok gabisa masuk,3,netral
boikot,1,negatif
sangat menghibur,5,positif
makin tidak jelass,1,negatif
"buset dah makin kikir aja ni aplikasi, sekarang per hari lagu nya dibatasi. gokil",1,negatif
kalo buat main game seru banget bisa dengerin lagu 😊🥰,5,positif
asik banget lagu nya,4,positif
udah gue pilih apa yang gue suka awal si bagus tapi akhir tahun apa apa yang dipilih,1,negatif
"kikir,iklan terus,tolol",1,negatif
butut,1,negatif
musik nya bagus dan lengkap 💯,5,positif
"gk enak banget saat milih lagu buat di dengerin, malah iklan. iklannya gak 1/2 kali TAPI 4??!!? udah gitu iklannya minimal 1menitan+4. 4 menit cuma buat dengerin iklan?, sekarang kalo pilih lagu malah gabisa, harus ke premium dulu. padahal dulu kalo iklan gk sesering dan selama ini, sedih sih bagi pengguna gratisan.",1,negatif
"Bagus, tapi banyak bgt iklannya. Tolonglah dikurangin, masa baru 1 atau 2 lagu dikasih 3 sampai 4 iklan? Gak semua orang mau/bisa premium. Rasanya kaya dipaksa premium kalo kaya gitu. Lama-lama ngeselin kalo begini terus.",3,netral
kebelet haji 15x,1,negatif
kebanyakan iklan,1,negatif
"IKLANNYA 3-4X ANJIM, SERASA NGEPLAY 1 LAGU😭🫸🏻",2,negatif
"makin banyak aje ye iklan nya sekarang ada 4 kali iklan, 1 iklan nnya 1 menit lebih anjerr",1,negatif
bgss bgtt klo bosenn bisa nyetel lagu di sinii,5,positif
setiap mau ganti lagu tiba tiba dibatasi di paksa harus yang premium,1,negatif
keren seru dan bagus suaranya seperti asli tapi kalo bisa kurangin iklan nya,5,positif
memang terbaik pokoknya,5,positif
kikir bgt yaampun,1,negatif
banyak iklan nya buset. bisa sampai 4 kali dalam satu iklan,1,negatif
bnyk iklan 1 lagu 4 iklan,1,negatif
"nyong Ra arep premium goblok , Ra sah ngekon ngekon Kon premium lah , goblok",1,negatif
apk jelek dasar boikot 👎👎👎,1,negatif
baguss,5,positif
"iklannya kurang banyak, sekalian aja 1000000 iklan noh",1,negatif
kikirrr iklan nya 4 kelamaan nunggu nyaa,1,negatif
"lagu bagus iklan banyak, kikir😹",2,negatif
"gasuka, dukung isriwil",1,negatif
lumayan,4,positif
bagus suara jernih apalagi pas beli bulanan beh parah,5,positif
kualitas sangat baik buat,5,positif
"ilangin fitur kelimit plis, iklan okelah walau 1 menitan iklannya,tapi kalo kelimit itu ga wajar sama sekali, mending liat di apk sblh kalo dikit"" kelimit.",1,negatif
BOIKOTTTTTT,1,negatif
day 34 minta shuffle sama putar non-stop jadi gratis,5,positif
good💯💯💯💯,5,positif
aplikasi ini sangat bagus dan lagu nya lengkap👍👍,5,positif
iklan nya kurangin sikit bujang,1,negatif
saran untuk iklanya tolong di kurangin minimal durasinya dibawah 10 detik,5,positif
terlalu banyak iklan,1,negatif
apk kikir,1,negatif
not good features,1,negatif
ga suka aja,1,negatif
perfect,5,positif
bagus banget aplikasi ny apa lagi lagu² ny debesdah cocok buat galau,5,positif
"kamu tau? saya lebih suka YouTube Musik daripada Spotify,karena Spotify banyak lagu Al (Artificial Intelligence) dan YouTube Musik tidak ada AI.",1,negatif
boikot,1,negatif
lagu bagus,5,positif
aplikasinya bagus😁,1,negatif
"gila sih gak bisa dengerin musik yang kita cari, wajib premium gak tu",1,negatif
bagus menarik,5,positif
saran aja iklan nya perbanyak lagi min minimal 20 iklan itu udh cocok banget🥰🥰,1,negatif
aplikasi inii sangattt bagusss,5,positif
boleh lah gampang kecari tapi malasnya selalu harus bayar lagu nya kalo mau sering denger lagu💔🥀,3,netral
mantap,5,positif
Nooo yaaa Noooo,1,negatif
kikirnya lo ya minta ampun sama kek capcut iklan paling engga 30 detik 1 iklan ini 2 menit 4 iklan tiap 2/3 lagu dan ada limut buat milih lagu sesuka hati kikir bet sumpah sama pindah pindah lgu hadee kikir kikir w pindah ke yutube aja terus download masih mending tnpa iklan tanpa drama ni apk lama lama kikir ni gw kasih bintang 5 buat komen gw di atas kalau sebenanrnya kalau ada rating 0 saya kaish 0,5,positif
mantap,5,positif
bagus,1,negatif
terlalu banyak iklan jelek bgt,1,negatif
sekarang banyak yang berubah ya? apa apa premium jir,4,positif
tau lah nggak premium cuman iklan nya jgn sadis kali baru mutar 1 lagu iklan muncul dah 2 sampai 4 ini mau dengarkan lagu atau iklan jadinya,1,negatif
terkadang saat sedang memutar lagu sambil buka polyBuzz lagu tidak ada suara padahal masih ada logo di atasnya masih berjalan,2,negatif
bersih,5,positif
bagus bangett bisa sambil main robloxx,5,positif
kaga jelas,1,negatif
aplikasi kikir iklan mulu,1,negatif
sangat. senang,5,positif
lagi dengarkan lagu pake headset tiba tiba ada iklan yang suaranya nyaring bet😑,3,netral
Bagus aja,5,positif
Nyaman dalam hal bermusik,5,positif
bagus banget bisa sambil main PolyBuZz,5,positif
sangat puas,5,positif
oke,5,positif
mantap,5,positif
kebanyakan iklan,2,negatif
jelek kek ee,1,negatif
sangat bagus tanpa iklan,5,positif
mantap,5,positif
"ini apk bagus banget bisa dengerin iklan sepuasnya dulu dari satu sekarang beranak empat impruf banget ""nikmati iklan tanpa musik yang mengganggu hanya di spotify""",1,negatif
Sering banget ke pause tanpa sebab,1,negatif
bqgus dan musiknya di denger nya lancar,5,positif
iklan nya seribu bintang,1,negatif
aplikasi nya seru banget,5,positif
"iklannya kebanyakan, terus musiknya ga lengkap, tapi masih bagus kok",3,netral
bagus aja sih,4,positif
tapi terlalu banyak iklan jika tidak premium,5,positif
enak di dengar baru seruuu,5,positif
bagus saya suka sekali,5,positif
kebanyakan iklan 1lagu 4iklan 1kambing 2kambing 3kambing,3,netral
good job,5,positif
tiba tiba saldo habis ternyata langsung masuk ke Spotify tanpa verifikasi,1,negatif
"Iklan banyak dan gak jelas, pemilihan lagu ada batasan. Saya kira update kali ini makin membaik ternyata masih kurang dari yang saya harapkan walaupun free setidaknya pembatasan tidak seperti itu jadi mohon untuk diperbaiki dengan baik",1,negatif
sangat seruu !!,5,positif
good,5,positif
yerlalu banyak iklan dan ujung ujungnya mengurangi optimalitas lagu dan memaksakn premium,1,negatif
"pakai spotify itu suaranya enak didgr,trus lagu2 terbaru jg sdh ready..jd buat nemenin dikala sendiri itu jd ga bete👍👍😊😊",5,positif
kebanyakan iklan hapus aja,1,negatif
kikir,1,negatif
bagus aja cuma aku GK suka iklan nya,4,positif
iklan nya banyak banget anjirr,1,negatif
"banyak iklan, ga wajar iklannya...",2,negatif
iklan nya makin bnyak aja,3,netral
sangat menyenangkan,5,positif
bagus,5,positif
banyak bgt iklannya males,2,negatif
enak enak denger lagu tiba tiba 1 domba 2 domba 3domba 4 babi 5 bahlil,1,negatif
saya suka dengan lagu Nya,5,positif
"ini apk maksa banget agar kita pindah ke premium, putar satu lagu udah iklan,.. jadi males akhirnya UNINSTAL...",1,negatif
huuuu,1,negatif
aplikasi nya bagus banget tapi sekarang kok iklan nya lama banget ya ya walaupun jarang tapi aplikasi nya tetap the best lah,5,positif
kek Kon daftar ajah di bikin susah,1,negatif
"iklannya makin kesini makin banyak, tambah berat juga ke hp, bintang 1, butuh duit banget kah developernya?",1,negatif
gak suka tol,2,negatif
"musik nya lengkap tapi baru baru ini udah gak bisa di pake lagi ada peringatan spotofy premium atau putar besok, baru juga denger lagi 5 langsung ada peringatan",5,positif
mantap,5,positif
adoh napa pulak spotify pro isriwil jadi nya apk gua hapus dah,1,negatif
karna kita terpaksa,5,positif
"lagu di spotify lengkap, tapi dari lagu lagunya ada sedikit perubahan gitu plus kemarin aku download spotify bisa putar lebih banyak lagu gak kayak kemarin cuma bisa putar 3-4 lagu doang terus bisa balik ke lagu sebelumnya",5,positif
Ini bagus dan sangat banyak lagu tapi iklannya lama,5,positif
sangat baguss dan sungguh menyenangkan kalo di dengar lagu nya,5,positif
suka,5,positif
bisa dengarin sambil main,5,positif
sangat bagus🤩,5,positif
buat galau cocok sih,5,positif
sumpah bikin kesel dikit dikit iklan mana Samapi 4 iklan nya dasar kikir,1,negatif
enak buat dengerin lagu👍👍,5,positif
buruk,1,negatif
"sangat bagus , mudah di pahami",5,positif
bagus,5,positif
bisa mainin lagu naon cikadap😀,5,positif
bagus sekali apk nya sedah bisa pop up,5,positif
aplikasi nya bagus sekali bisa mendengar banyak lagu,5,positif
lagu nya semua lengkap saya suka,5,positif
gooods,5,positif
apk bguss.. tpi makin kesni makin byk iklannya..lbih byk putar iklannya drpda putar lg nya.. udah gitu betumpuk lg sekali iklan lgsung 4..,1,negatif
"kikir amat dah baru dengar 1 lagu dah iklan, mana 3 iklan lagi trus ganti lagu skali iklan lagi mana 3 lagi mana lagi yg ngk bisa di putar dapat iklan 1",2,negatif
sangat hagus,5,positif
bagus nih buat beberes rumah sambil dengerin musik Spotify 🤩👌🏻,5,positif
sekarang banyak iklan Ampe bisa 4 iklan itupun gabisa di skip mending ke yt music,1,negatif
𝘣𝘢𝘨𝘶𝘴 𝘣𝘢𝘯𝘨𝘦𝘵 𝘢𝘬𝘶 𝘴𝘶𝘬𝘢 𝘥𝘢𝘯 𝘫𝘶𝘨𝘢 𝘬𝘢𝘭𝘢𝘶 𝘬𝘦𝘳𝘫𝘢𝘪𝘯 𝘱𝘦𝘬𝘦𝘳𝘫𝘢𝘢𝘯 𝘳𝘶𝘮𝘢𝘩 𝘢𝘱𝘭𝘪𝘬𝘢𝘴𝘪 𝘪𝘯𝘪 𝘮𝘦𝘮𝘣𝘢𝘯𝘵𝘶 𝘢𝘨𝘢𝘳 𝘵𝘪𝘥𝘢𝘬 𝘨𝘢𝘣𝘶𝘵 𝘥𝘢𝘯 𝘫𝘶𝘨𝘢 𝘥𝘪𝘴𝘪𝘯𝘪 𝘣𝘢𝘯𝘺𝘢𝘬 𝘭𝘢𝘨𝘶𝘶 ✅,5,positif
"Ketolong podcast doang, buat dengar musik ga cocok. Iklan teroooss. Lagu 3 menit, iklan 3 jam.",2,negatif
mantap,5,positif
baguss,5,positif
bagus,5,positif
cucok aja gitu,5,positif
niatnya mau dengerin lagu malah dengerin iklan lagi,1,negatif
bagus,5,positif
keren aplikasi nya saya kasih 5 bintang,5,positif
APK KIKIR,1,negatif
lagu nya bagus2 dan gak bnyk iklan,5,positif
top,4,positif
apk ini bagus banget buat ngedengerin musik yang kita suka tapi kenapa iklannnya banyak banget?😔,5,positif
ok.musiknya,5,positif
sukaa bikin aku joget anjayy,5,positif
min masa aku baru dua lagu tiba-tiba langsung disuruh premium aku baru denger dua lagu min.😢,2,negatif
tidak dapat memberi lirik laguuu,3,netral
bagussss,5,positif
seruu,5,positif
music nya oke banget.. lagu2 nya bagus2..,5,positif
watashi... sangat suka spotify,5,positif
musiknya sih...baguuuus...tp iklanya....bikin sakiiit kepala...tollong dong pk jokowi...gimana...nih.......,3,netral
baik,5,positif
music nya enak⅔,5,positif
KIKIR bangett ini aplikasiii😭,1,negatif
"kebanyakan iklan, kikir, boycot",1,negatif
"najis banyak banget iklan, padahal baru satu lagu",1,negatif
"bagus banget sih, tapi boleh ga bisa offline soalnya aku pake wifi kalo di rumah sedangkan di luar ga pake kuota, 😁",5,positif
lagunya bagus',5,positif
semua musik,5,positif
iklan nya gak main-main 1/4 wak,1,negatif
karna sekarang ada fitur nya,3,netral
1 domba 2 domba apa gw anak kecil gitu iklan nyampe 4 iklan nonstop Mendingan aku hapus aja,1,negatif
ga dulu deh,1,negatif
ok,5,positif
suka karena banyak lagu nya,5,positif
bagus,5,positif
"Bintang 4 dari segi kualitas music, saya puas dan menyenangkan. Bintang 1 dari segi iklan, banyak bet jembot, keluhan keras.",4,positif
mata duitam lu,5,positif
"bagus sih, tapi terlalu banyak iklan, 2 lagu bisa 4 iklan",3,netral
aplikasi eror setiap gw masuk ke aplikasinya malah keluar sendiri eror erorrr,1,negatif
boikot,1,negatif
tolong update lagi yang lebih canggih biar android 11 ke bawah tampilan nya jadi lebih keren seperti tampilan android 15,3,netral
semua lagu bagus,5,positif
aplikasi butut setan,1,negatif
keren saya setiap abis rakab pasti happy dngr thepaps dan Jeje boy di Spotify,5,positif
"aplikasi ini bagus bnget, buat belajar lebih fokus kalo sambil dengerin lagu🤗",5,positif
sangat bagus,5,positif
iklannya yg mengganggu,3,netral
"iklan nya jgn lma', bgs",5,positif
saya sangat puas dengan aplikasi sportify,5,positif
★ ★ ★ ★ ★,5,positif
gelooo!!!!!,5,positif
bagus tp sayangnya diboikot🫠,2,negatif
"KOK NGGA BISA KEPUTAR LAGUNYA, PDHL JARINGAN BAGUSS??",1,negatif
"Makin tahun makin parah makin ancur. Developer kebelet sekaya Elon Musk. Kalau ngerasa income/peminat apk ini nurun ya karena emg dev pelit, kikir, bukannya malah dipremiumin semua. Siapa yg mau bayar mahal2 kalau ada apk lain yg lebih murah atau bahkan free? Org2 jelas pindah lah. Atau mending kalian download lagu mp3 gratis di chrome, bebas iklan, kuota, putar sebebasnya, ganti2 lagu sejuta kali jg gpp.",1,negatif
apk pelit fitur,1,negatif
mantap,5,positif
"sering terjadi bug, setiap mau putar lagu di hp, tv, sering kali mati mati sendiri lagunya, apaan bgt, pdahal playback nya udah berjalan eh musik nya hilang, terus tiba-tiba lagunya ke skip apalagi di tv, padahal udah update lhoo keduanya, ngeselin bgt",3,netral
"iklan nya gk ngotak sampe 3,masing² iklan durasinya hampir semenit, ""satu domba.. dua domba.."", "" mau di notice sama artis favorit mu? "", ngeselin cok",1,negatif
pro a.s,1,negatif
"jujur muak bngt sma iklan Spotify, dlu iklan cmn 1 kali mah mening, skrng iklan bisa 3 atau 4 kali, kadang buat 4 musik klau ga 5 musik pasti mulai iklan walaupun iklannya detik-an tetap aja emosi nungguinnya. makin ke sini makin ga ngotak iklan Spotify lama² juga lebih dari 4 kali iklan muakkkk bngtttt jujur",2,negatif
Kenapa sekarang ada limit buat putar lagu sesuai pencarian yang kita mau ya. Ga enak banget,2,negatif
kikirr iklan kemaren 3 udah banyak sekarang jdi 4 lagi dengerin lagu sad tiba tiba ganti suara 1 domba 2 domba 3 konttttttt,3,netral
boikot.,5,positif
seru dah,5,positif
ga jadi gw suka,1,negatif
apk nya bagus layanannya juga bagus,5,positif
gak bisa di buka,3,netral
ga penting,1,negatif
sangat memuaskan lagu nya enak²,5,positif
kikir mana iklannya so asik,1,negatif
tambahkan fitur karaoke. musik yang keren dan mode karaoke.,4,positif
"saran aja nih buat Spotify klau bisa musik yang di dengarkan bisa jadi story di WhatsApp, jadi teman WhatsApp bisa mengetahui lagu yg sedang kita dengarkan🤘",5,positif
bagus banget dengerin musik gak bingung lagi aku hobinya larii nyetel musik bebassssss bangett hahaha,5,positif
cocok untuk orang yang suka musik ... saran aja sih kalo mau bebas iklan premium yaa,5,positif
iklan nya ngotak dikit lah,2,negatif
keren,5,positif
jangan boikot minimal iklannya jangan langsung 4/5,1,negatif
sanggat cocok untuk mendengar lagu,5,positif
suara jernih,5,positif
Kalau main game aku pakai ini untuk dengar lagu supaya gak gabut,5,positif
sorry,1,negatif
sering mati sendiri saat putar lagu. iklan nya tambah panjang dan berat. pokoknya sukak hati kalian lah 🤣,3,netral
mantep min gw suka !!!,5,positif
cintaaa bangett amaaaa spotify 🤭,5,positif
Spotify enk banget apa lagi di pake pas main geme bisa mode galau jadi enak main nya kelasazzzz,5,positif
iklan goblog lama,1,negatif
kikir,1,negatif
"Spotify always best for streaming music love it. but why Spotify Lite had been Discountinued? because me including people, still love it using lite version",5,positif
"musik sangat nyaman untuk di dengar, suara,nada,dan musik nya sangat jernih,🤩 kualitas nya sangat mendukung di tempat manapun berada🤤😁",5,positif
lagu apa saja ada dan bisa mendengar kan ke mana saja dan kalo kita keluar dari aplikasi Spotify lagu nya tetap ada tetap menyala mau kemana pun aplikasi yang lain lagi tetap berputar (saya kasih bintang lima ★★★★★),5,positif
Iklanya ngalahin yt,1,negatif
banyak iklannya,1,negatif
cocok sama selera musik ku tapi belum bisa premium,4,positif
"makin kesini spotify makin kenapa sih? masa tiba-tiba aja mati lagunya, padahal aku gk ada matiin. Iklan nya juga terlalu banyak, maksa bngt harus premium.",2,negatif
ini sangat bagus saya suka,5,positif
ok syiap,5,positif
kerenn,5,positif
so bad,1,negatif
makin gila.. iklan nya.. 1 lagu 4 iklan mantap,5,positif
wow,5,positif
why so many ads Ya Allah,1,negatif
kebanyakan isinya iklan,1,negatif
seru banget musiknya,5,positif
bagus,5,positif
"aplikasi ini lumayan bagus, fitur2 ny lumayan, tapi tolong dong agar bisa dengerin lagu secara offline tanpa harus ke spotify premium soalny menurutku agak ribet",4,positif
najis apk pelit silit kikir burid. dikit-dikit iklan dikit-dikit iklan.,1,negatif
"ᑲᥲgᥙssss ᑲᥲᥒgᥱ𝗍𝗍𝗍𝗍𝗍𝗍 ""𝗍һᥱ ᑲᥱs𝗍""",5,positif
apk ini sangat bagus,5,positif
apa-apaan ini saya tidak bisa mendaftar padahal email n kata sandi sudah benar aplikasi apa apaan ini? lol,1,negatif
bagus banget kak lemkap lagu nya dari lagu ujung bumi sampe ketemu bumi lagi 🤭,5,positif
kenapa saya selalu dalam keadaan offline,1,negatif
baguss,5,positif
aplikasi nya bagus dan banyak rekuis lagu nya,5,positif
lumayan good for my gym,3,netral
"Dari beberapa minggu yg lalu, bilangnya terjadi kesalahan terus.Aku coba unistal terus download lagi, tetap aja masi sama bilangnya terjadi kesalahan..Itu solusinya gimana?",1,negatif
lagu nya merdu semus,5,positif
bagus,4,positif
"suka banget sama apknyaa,jadi kalo mau ngapa""in ga terlalu sepii jadinya pake spotofy buat dengerin lagu",5,positif
boikot,1,negatif
enak,5,positif
layanan musik aplikasi yng bagus,5,positif
keren,5,positif
Saya suka banget sama lagu lagu nyaa,5,positif
lebihh baguss lgii .mohon bantuannya lebihh baik,4,positif
"ngeselin parah, iklan pertama loh dah di kasih iklan 4...oke lah 1 per 1 iklannya nambah lah ini tiba tiba 4 iklan!?",2,negatif
cukup baik krn aplikasi yg ringan dan gratis serta bnyk pilìhan lagu,4,positif
"Aplikasi musik terbaik yang benar-benar memahami selera saya! Saya sangat suka fitur playlist otomatis seperti ""Daily Mix"" yang selalu memberikan rekomendasi lagu yang tepat. Koleksi lagunya sangat lengkap, dari musisi lokal sampai internasional, plus banyak pilihan podcast yang seru untuk didengarkan. Fitur sinkronisasinya sangat lancar; saya bisa mulai mendengarkan di ponsel dan lanjut di perangkat lain tanpa terputus. Kualitas suaranya jernih dan antarmukanya sangat elegan. Teman setia untuk",5,positif
pokonya titik kalau mau apa²aku pasti harus nyetel lagu di Spotify 😚,5,positif
saya sangat menikmati semua lagu fi spotify,5,positif
lirik yg aku suka,5,positif
terlalu banyak iklan,3,netral
Semakin lama semakin bnyak iklan..,1,negatif
aplikasi kikir,1,negatif
e kikir kalo pakek iklan yang ngotak lah baru bentar udah iklan tiga lagi,1,negatif
"jelek bgtt, diboycott lagi ew",1,negatif
sangat cocok untuk yang suka lagu,5,positif
mantap,2,negatif
bagus enak di dengar🤩,5,positif
sangat bagus tpi tolong kurangin durasi iklannya plisss 😭🙂👍,4,positif
"aplikasi yg sngat mnyenangkan, mampu memberikan list lagu dari masa ke masa..",5,positif
sangat suka banget🥰🥰🥰🫶🫶🫶🫶,5,positif
mantap tapi banyak iklan,5,positif
apalah mo switch account malah ga bisa padahal sinyal lancar apk jelek banget😹,1,negatif
apanya yang bagus baru 1 lagu di putanr.. iklannya. 10.parah.. di perbaiki lagi jangan kebayakan iklan.. parah parah..,1,negatif
iklan nya lama' ngelunjak,1,negatif
Good,5,positif
bagus..jernih suanranya..,5,positif
aplikasi musik paling keren itu spotify,5,positif
"Bagus bagus aja,cuma permasalahannya 2 (menurutku) 1.Iklannya 2. Gaboleh milih lagu sendiri mentang mentang aku ga premium,kan aku juga mau denger lagu yg aku mau,mungkin gapapa KLO ada iklan tapi harus bisa pilih lagi sendiri!!",2,negatif
"ini buat DENGERIN IKLAN, BUKAN buat DENGERIN MUSIK",2,negatif
"Aplikasinya sangat bagus, semua lagu yang ingin di cari semuanya ada, dan bisa di putar di latar belakang walaupun layar hp mati.. Terima kasih untuk developernya, sangat puas memakai aplikasinya.. 🙏😄",5,positif
IKLANNYAAA NGELUNJAK AJGGG MAKIN BANYAK,1,negatif
simpel dan pas baut cari lagu min baca komend aku pls,5,positif
asik,5,positif
kebanyakan iklan,1,negatif
"thde dg in spotfy in, bnya skli iklan thde bken plto, olnga satu domba dua domba, thde kea skli tapu.",1,negatif
sangat bagus,5,positif
keren,4,positif
keren,5,positif
Knp gak bisa didenger di beranda hp ya? Tolong perbaiki ya spotify,3,netral
good,5,positif
apknya bagus cuma iklannya itu loh dulu kalo iklannya cuma 1 masih mending ini malah lansung naik 3 dan batas ganti lagunya dulu dari 7-6 lagu skarang cuma 3.ayolah gw tau gw gak premium tapi gak gitu dan kesannya memaksa kita harus premium.,2,negatif
musiknya bagus,5,positif
sudah bisa lagi Terima kasih admin nya sehat2 selalu ya ☺☺😊😊,5,positif
Iklan Gokil,1,negatif
"ehh spotify jangan kikir, dulu iklannya ngga sebanyak sekarang. lah aku baru mutar 1 lagu IKLANNYA ADA 4.kikir bener sial lagi enak enak dengerin musik kan udah siap mau bagoyang pake lagu brazil tetiba iklan, aahh elah ngilangin mood. iklan boleh tapi jangan banyak banyak juga lah, terus baru 2 lagu muncul iklan 4",2,negatif
"lagi?,saya baru memakai beberapa musik langsung harus premium?..kenapa sih!",1,negatif
𝚋𝚊𝚐𝚞𝚜 😍👍♡♡♡♥︎♥︎♥︎༺༻​᭄ ིྀ†✧✩✰,4,positif
ini bagus sih cuma iklannya itu loh 😭😭😭pls! aku cuma denger lagu bukan bayar premium!,3,netral
baguss sekalii walaupun ada iklannya,5,positif
bagus,5,positif
keren,1,negatif
bagus,5,positif
enak dll,5,positif
"iklannya brutal guys, jujur 4 iklan sekaligus setelah putar beberapa lagu. spotify kikir banget anj.",1,negatif
boikot,1,negatif
sebenernya aplikasinya bagus cuman iklannya bnyk bngt bru 2 lagu udh iklan mana sampe 4 iklanny trus gk ad tombol putar ulang lagu lgi pdhl dlu ad😌😌,3,netral
"Bukan premium si, tapi banyak bgtt iklannya dengerin 1 lagu iklannya 4😭😂",2,negatif
BANYAK IKLAN NYA WOY KIKIR,1,negatif
banyak bangeeet iklannya,3,netral
baguss,5,positif
bagus,5,positif
kebanyakan iklan jir,1,negatif
banyak iklan ya,1,negatif
bagus tapi boikot,1,negatif
"banyak iklannya,1 putaran langsung iklan 3",1,negatif
"apk yahudi,kikir banget anj 4 iklan",1,negatif
saya suka banget,5,positif
bagus apl ini,5,positif
mantap,5,positif
karena lagunya banyak bgt tapi ada satu permasalahan dikit dikit iklan gpp sih bisa di maklumin TPI setiap apa apa iklan lagunya banyak bgt terus juga ada podcast sih seru terus ada hearts 2 hearts love you Carmen juun jiwo tapi masalahnya tolong y hilangin iklannya ya please bgt salam hangat Arsyil Januar Adi Nugroho yang paling penting ganteng baik hati cakep banget bisa nari i love you too baby,5,positif
bagus,5,positif
bagus tapi kadang suka error,4,positif
"aku suka banget soalnya kita bisa dengerin lagi favorit kita, dan ada modal offline juga.☺︎☻",5,positif
"iklan banyak bgt,kikir",1,negatif
bagus untuk apk nya tapi iklannya tolong dikurangin lagi udah itu aja tapi baguss,5,positif
apli kasih nya bagus tapi banyak iklan,4,positif
"bagus,iklan ga banyak",5,positif
kebanyakan iklan,4,positif
aku suka banget sama lagu disini apa lagi seruu banget pokoknya,5,positif
BOIKOTTTT!!!!,1,negatif
ok,3,netral
Banyakan iklannya dan ternyata..... bagian dr mrk......,1,negatif
Spotify lu error tidak bisa melihat apapun hanya bisa play lagu.,1,negatif
bagussss bangettt tapi ada minusnya kalau kita lagi asik denger lagu di headset atau ga earphone tiba² iklan ganggu njir mana kalau ga mau ada iklan harus premium 😒😮‍💨😞,5,positif
kikir,2,negatif
"Aplikasi yahudi, banyak kali iklannya mau ganti musik nunggu 4 iklan kapang",1,negatif
BANYAK KALI IKLAN KAU KAPITALIS DULU SEBELUM KAU LAKU KERAS GA KEK GINI KAU,1,negatif
sangat bagus bisa mendengar kan musik favorit sebebas nya tanpa perlu drama iklan lagi,5,positif
mantabbbb,4,positif
edan anj mau pilih lagu aja harus premium 😹,1,negatif
"ni apk bagus jir jujur ajaa lengkap asikk dh intinya yang bikin bengak nya itu iklan nya itu masyaallah, ya okee iklan tapi ga jeda 1 lagu iklan juga kalii ahh mana 3 lagi hmzz apalagi iklan nya yg pocong pocong anjr, trus ni dri lagu dewa 19 tiba tiba ke instrumental sedih kan ga nyambung anjr sering bgt gitu",2,negatif
apk boshokkk,1,negatif
bagusss banyak bgt pilihan music nya,5,positif
good,5,positif
semua lagu yang dicari adaa baguss sukaaa sama app iniii,5,positif
bagus,5,positif
keren,5,positif
apknya bagus cuma IKLANNYAAAAAAL,4,positif
kikir banget banyak iklannya,1,negatif
spotify bagus semua lagu ada di spotify,5,positif
good,5,positif
sangat mudah di gunakan saya sangat suka,5,positif
menemani kami,5,positif
boikot,1,negatif
makin banyak iklan nya cuihhh,1,negatif
MAKINN PELITTT ANJJJ,1,negatif
mnghibur,5,positif
aplikasinya bagus lagu nya juga lengkap,3,netral
kualitas suara bagus,5,positif
lengkap album lagu2 nya,5,positif
seru asik lagunya,5,positif
kebanyakan iklan nya sih itu aja,4,positif
keren aja gitu,5,positif
bisa dengerin lagu pas main game,5,positif
oke,5,positif
"ajib maju terus Spotify, jaya selalu pokoknya",5,positif
pengen premium tapi mahal lagi lagunya enak kalo premium,5,positif
disuruh spotify nya bintang lima,5,positif
"ini apk kikir kali wok 😓 berat banget bagi kaum non premium, sebenarnya boleh aja yaa buat iklan muncul tapi ini udah lebih batas wajar nya. bayangin aja.. tiap 2 lagu iklan muncul 1/4, durasi iklan 15-25 detik, pemilihan terbatas, iklan gabisa diskip, dan muahal rek premium nya... 60k+ buat orang biasa kek aku... padahal ini apk luar biasa bagus nya",4,positif
"nih lagu lagu udah oke, yang dipermasalahkan itu iklan nya 😔😔😔😔 cukup 1 iklan aja apa gak bisa gitu, mana 1 iklan durasi nya 2/3 menit. malah ada 3 iklan kadang kadang 🫩",4,positif
sangat baguss,5,positif
mulai kikir nih,1,negatif
"jelek, sering bug",1,negatif
bagusssss dan Kon. t o. ll,5,positif
keren,5,positif
baguss sekali,5,positif
"apk yang bagus, tapi kuharap nanti ada paket premium yang cuma Ngilangin Iklan. karena aku lebih suka lagunya di acak sihh",5,positif
apk kikir anjingg,1,negatif
keren lengkap pol,5,positif
terlalu banyak iklan,1,negatif
good,5,positif
banyak iklan,1,negatif
mantap,5,positif
"kikir banget, 2 lagu 4 iklan tiap denger lagu pasti iklan terus. ini mah bukan denger musik, denger iklan gak jelas",3,netral
harus pakek premium kalo mau ganti lagu itupun kalo free batas nya cuma 6 dan harus nunggu 1hari,1,negatif
kikir banget apa apa harus premium apk lawak sekalian aja apk nya jadi bayar aja tangung,1,negatif
kurang i iklan,5,positif
Juoss 🔥🔥🔥,5,positif
kebanyakan iklan,1,negatif
"buset spotify ngeri bgt iklan nya, masa setiap 4/5 kali dengar lagu iklannya 3 😭😭",2,negatif
bagus aplikasi ya,5,positif
gak semua lagu itu ada disini wkwkwk,2,negatif
bagus,5,positif
kurangin iklan nya 🙏,3,netral
It's starting to get boring having to listen to songs you can't choose yourself.,3,netral
gak bisa pilih bebas lagu KLO ga pake premium tolong mudahkan kita,1,negatif
okeh,5,positif
udah top aja dah...,5,positif
🫶🏻🫶🏻,5,positif
bagus,1,negatif
semuanya harus bayar,1,negatif
bagus bagus aja sih minn,5,positif
cocokk banget buat kaum berjuang ke luar negri.wkwkw,5,positif
I don't like this application,1,negatif
keren,5,positif
banyak kali bacotnya,1,negatif
"please there are too many ads, and please reduce the ads🙏",3,netral
good,4,positif
"entah dari Hp ku atau aplikasinya bug, setiap layar mati musiknya kayak bug glicth gitu suaranya",3,netral
"apalah ini apk dikit-dikit premium mau denger musik favorit aja susah gara-gara harus premium, padahahal kita nyetel musik juga make kuota kenapa harus premium, terlalu maksa!!!!!",1,negatif
"periksa koneksi terus, sudah ganti2 koneksi tetap gk bisa",1,negatif
apa apaan ini apk ga bisa di buka mulu koneksi internet padahal di pake di apk lain lancar lancar aja kenapa di spotify ga bisa di buka,1,negatif
"Sudah bagus,tapi terlalu banyak iklannya.Tolong kurangi iklannya",4,positif
"iklanya itu loh ganggu banget, spotify kikir!",1,negatif
jual mahal jir,1,negatif
Bagus banget..... Gak nyesel dowload fiks sih kalian juga coba dowload..,5,positif
"spotify kikir makin lama makin banyak iklan, ni gw ksih bintang 5 biar teratas",5,positif
mantap,5,positif
boikot,3,netral
bagus.,5,positif
jelek boikot,1,negatif
boikot,3,netral
enak banget lagunya,5,positif
kikir banyak iklan 2 lagu 4 iklan,1,negatif
"lama-kelamaan semakin kikir, fitur-fitur berguna yang seharusnya menjadi fitur basic malah terkekang di paywall. iklan semakin banyak, bahkan bisa baru 2 lagu langsung iklan, mana iklannya sampai 3 iklan dan tidak bisa di skip sama sekali.",1,negatif
"aplikasi kikir, iklan ga ngotak",1,negatif
kikir tapi kikir gk ada oke okean,3,netral
enakk bro,5,positif
bagus sih tapii... banyak iklan masa 3 iklan sih kebelet haji spotify karena iklan nya 3 kali jadinya bintang nya 3 juga!,3,netral
gua belum bisa kasih bintang 5 karna Skrang musik buat yg belum premium malah dibatasi🙏,3,netral
"spotify kenapa? kok belakangan ini jd gitu, pdhl lg muter lagu di albumnya tp kalo lagunya dh selesai kok malah ganti lagu lain yang selain di album alias lagu penyayi lain, mana genrenya beda BANGET??",1,negatif
gasuka.,1,negatif
ini bagus bagat si aplikasi lagu ya,5,positif
aplikasi nya sangat enak untuk menonton musik cuma terlalu banyak iklannya plis dikurangi🙏🏻,4,positif
bagus,5,positif
bisa diputar sambil main catur di phonsel,5,positif
4 aj sh bintang ny,4,positif
hebat kamu tuh✌️🤭,5,positif
tiga lagu empat iklan. Keren banget 💅,1,negatif
emang harus premium,1,negatif
Bagus lagu nya banyak cuma minusnya banyak iklan nya,4,positif
kikir bat anjj,1,negatif
mantap,5,positif
bagus,5,positif
mantap jiwa',5,positif
"Sekarang kebanyakan iklan, sekali iklan bisa 4 kali. Ada iklan ga masalah tapi kalo terlalu sering bener² ngeganggu.",2,negatif
"mentang-mentang banyak pengguna, seenaknya aja iklan nambah jadi 4, milih-milih musik cuma dibatas 4, belum aja ada yang nyaingi ntar juga bakal ada",1,negatif
aplikasi bosok banyak iklan,1,negatif
baguss banget tapi boikot 👎🏻 no rispek,3,netral
bagus pol,4,positif
jelek,1,negatif
inimah 60% dengerin iklan jir kwkwk,4,positif
"Ini aplikasi sudah bagus walau gak semua lagu ada liriknya, tapi utk mendengarkan lagu/musik sudah bagus. Tapi mohon kekurangannya.... kan gak semua orang mampu/punya uang bnyk! jdnya jangan memaksa mendengarkan musik atau lagu harus berbayar.... lah! premium itu susah utk org gak mampu kan? saya harap lagunya ada lirik kecuali kalau instrumen doang sih gpp, tapi semua lagu yang berlirik aku mau ada liriknya terutama lagu bagus² yang aku suka.... mohon di perbaiki lagi ya.....🥹👌🙏",4,positif
bagus banget,5,positif
"Sudah baik tapi kalau boleh iklannya di kurangin, bukan berarti tidak ada. Kan juga cari duit cuman kurangin. Tapi selain itu udah okeh dan mantap 🥰🥰",5,positif
bagus sekali aku bisa mendengar kan lagu sambil bermain aku sangat senang dan suka💗💗,5,positif
good,5,positif
BOIKOT!!,1,negatif
lagu nya enak semua,5,positif
ini sangat begus,5,positif
gajelas jadi kebanyakan iklan,1,negatif
keren,5,positif
enak bet musiknya cooooooo,4,positif
makanya premium jangan mokondo🤟🤟🤟🤟,5,positif
bagus banget,5,positif
Makin hari makin kikirrrr bjjjjjjir,2,negatif
"good n easy ,welldone",5,positif
kecewa bgt sekarang support zion1s :(,1,negatif
"entah kenapa aku tidak bisa memilih lagu ku sendiri lagi, padahal katanya ""kamu bisa memilih lagi besok"" ini sudah keesokan harinya tapi Masi tidak bisa memilih lagu sendiri",1,negatif
okelah buat dengerin musik sama liat liriknya walau ada beberapa lagi yang gak bisa di liat liriknya ... 👍,5,positif
bagus bangettttt ada semua lagu dan kayak bikin seru ajaa,5,positif
baguss Dan sanggat bagus,5,positif
"banyak iklannya, emang sihh kalo mau gada iklan harus premium... tapiii ini iklan nya 3-4, lama waktu iklan nya sampe ±45 detik per iklan padahal baru mutar 2 lagu masa harus selama itu iklannyaa",3,netral
iklannya kurang banyak,1,negatif
home,5,positif
Kurangin iklan nya lah masa 2lagu trus iklan trus tambahin fitur lihat semua jumlah tayangan jangan cuma 10 teratas,3,netral
baguss bangett cuyy masyaallah jadi bisa ndegerin lagu favorit dan baru tau nya bisa ndegerin murotalll,5,positif
Bnyk bngt iklan ny su mna di boikot pula,1,negatif
pls lagunya bagus bagus,5,positif
aku senang karna asik sekali ada lagu funk,5,positif
boikot,1,negatif
woi kenapa kalo mau denger lagu harus bayar woi😡🥀,5,positif
Plis iklanya ganggu bnget😭,3,netral
ini akun gw kenapa diban terus dah heran ama spotify,1,negatif
keren musik nya bagus,5,positif
iklan mengganggu,1,negatif
saya baru dowload tapi knp saat aku pengen nonton gak bisa katanya perlu premium saya masi anak 2 belum punya duit dan gak bisa beli premium,1,negatif
sy sangat suka dengan aplikasi ini,5,positif
kece abizz,5,positif
beuhh iklannyaa gacorrr banyakkkk,2,negatif
suka bgt sama spotify pas mau kerjain pr spotify kalo mau mandi spotify kalo mau apa aja pasti spotify🫰 aku kasih bintang 5🫰😍,5,positif
kebanyakan iklan,1,negatif
"Innalillahi kenapa Spotify iklannya 1-4 dan kalo mau skip pasti harus premium dulu..dan kalo mau pilih lagu pasti harus jadi premium dulu baru bisa, Spotify kamu lama lama kaya capcut ya. banyak yang premium, stop pls..orang ga mampu untuk beli paket premium dihargain pls..orang juga mau pake tapi malah kyk gitu..mana harus nunggu besok kalo mau pilih lagu😹😹😹 kocak kocak gj bgt, tapi bagus sih..kita bisa denger musik populer. aku kasi bintang 2 aja y",2,negatif
bagus bangettt,5,positif
bagus,5,positif
ini sangat bagus,5,positif
ᘿᘉᗩᖽᐸ ɮǟռɢɛȶ 𝚍𝚎𝚗𝚐𝚊𝚛 ɱ౮ઽɿқՈעค 𝙩𝙖𝙥𝙞 ც૯ՐცคעคՐ 𝐠𝐚𝐩𝐚𝐩𝐚 ᎠᎬᎻ yang ᴘᴇɴᴛɪɴɢ ᑲіsᥲ 𝕕𝕖𝕟𝕘𝕒𝕣 ᏞᎪᏀ𝓊,3,netral
klo aku pribadi baguss,5,positif
boikot.,1,negatif
tidak berbayar,5,positif
perfect........,5,positif
bagus,5,positif
"udah update, udah install uninstall iklan mulu, setiap 2/3 lagu iklan 3-4 lagu. haduh ganggu bgt rasanya. iya tau gratisan tapi gk kyk gini lah",1,negatif
BOIKOT,2,negatif
karna ad lagu dhot design,4,positif
"ini aplikasi bagus,jika anda sedang bersih bersih rumah lalu ingin mendengar nyanyi,ini solusi aplikasi nya supaya enak didenger",5,positif
nice,5,positif
apk kikir kebanyakan iklan,1,negatif
bagus saat gabut,5,positif
spotify bagusss buangettt re,5,positif
sangat memaksa orang untuk beli premium,1,negatif
tolong dong iklan nya di hapus,5,positif
"sorry about this, but, ini maksa banget buat premium, dan ini bikin aku ngerasa ini seperti pemaksaan. masih lebih mending kalo boleh pilih lagu sesuka hati walau 2 kali sehari atau bagaimana lah tuh. maaf saya kurang puas. selebihnya it's okay, masih bisa ditahan.",1,negatif
keren,5,positif
ini sangat membuat saya senang karena menghibur saya. saya semakin fokus tentang tujuan saya.,5,positif
sukaa,5,positif
"aplikasi pelit, dikit dikit harus premium, mana sekali iklan tuh 3 lagi, dikit dikit iklan mana sekali iklan tu 120 detik lagi, plis lah",1,negatif
Love so much,5,positif
"dengan Spotify kita dapat menikmati musik dengan lebih enjoi ,dengan suara lebih jernih.bahkan selera lagu kita benar terpenuhi.thank's spotify",5,positif
sangat bagus untuk memutar musik,5,positif
kikir,1,negatif
apk nya bagus coman pas mau milih musik tuh yang ke 2 kali harus bayar gimana si?!,2,negatif
good,5,positif
"aplikasinya bagus cuma kadang ada iklannya, tapi iklannya sudah tidak sesering dulu👍",5,positif
sangat bermanfaat 👍👍,5,positif
boikot,1,negatif
"sekarang semuanya berbayar, fitur gratis sudah mulai berbayar",1,negatif
aplikasi kikir,1,negatif
"sekarang kebanyakan iklan, gak kaya dulu",1,negatif
Sip kakak,5,positif
spotify memang terbaik,5,positif
ok,5,positif
bagus bgt suka,5,positif
"mantabb,tp banyk iklan ya maklum",4,positif
good,5,positif
"jlk, iklan, aneh",1,negatif
hmmm kurang enak klo ngak premium 😭🙏🏻🙏🏻,5,positif
Lagunya keren2 mantap,5,positif
mantap banget pokoknya nya,5,positif
"bnyk iklan, lama iklan nya",1,negatif
maap tak kasih 1 karena boikot,1,negatif
boikot,1,negatif
aku sangat menyukai nya,5,positif
"pokoknya Spotify ini enak banget buat apa apa buat ngegame, buat kerja, pokoknya enak bget",5,positif
"aplikasi nya kikir, kbnyakan iklan",1,negatif
bener bener ya ni aplikasi gw SUKAAAAAAA BANGETTTTTT JADI KETAGIHAN BANYAK LAGU 🎶🎧🎤 NYYYAA😭😭✨🙏!!!!!!,5,positif
gtau kesel ae,1,negatif
"apa-apaan sekarang udah gabisa sesuka hati dengerin musik offline. duluu pilih-pilih lagu yg di mau, acak-acak list lagu meskipun gak berlangganan bisa, tapi sekarang baru play beberapa lagu udah gabisa. disuruh besoknya lagi, begitupun seterusnya. atau gak opsi lainnya harus berlangganan wkwkwk. saking ngebetnya apa gimana sekarang apa-apa harus langganan?? gak semua orang mampu. udah bener kaya dulu cuma iklan aja yg jadi penghalang, lahh sekarang??!! gak bisa play lagu sesuka hati. apalaahh.",1,negatif
"boikot ges, iklannya ngaur. jadi 3 cok",1,negatif
bagus,5,positif
"Tolong perbaiki bug, pas pergantian musik",2,negatif
"kurang canggih dan kualitas suara nya rendah, aplikasi kikir.",2,negatif
bgus,5,positif
kami sangat menyukai spotify di karenakan dapat belajar menyanyi kami yang dulu tak bisa menyanyi sekarang dapat menyanyi dengan indah karena spotify. trimakasih spotify 🙏,5,positif
adalah pokoknya,5,positif
1 lagu 4 iklan mantap dah mantap,1,negatif
bagus,5,positif
terlalu bnyak iklan,1,negatif
bagus,5,positif
sebetulnya aplikasi nya bagus hanya saja terlalu banyak iklan dan kadang iklan nya terlalu lama dan kebanyakan fitur cuma ada di premium,3,netral
wow amazing,5,positif
"banyak bgt artis favorit dan playlist nya, but iklannya ga kalah nyimpeti",4,positif
"bagus,tapi sering berhenti lagu nya",4,positif
bagus,5,positif
"kurang bagus klo menurutku, karna pas lagi mutar lagu (a) yang keputar malah lagu (b) gk sesuai sama harapan, tolong di perbaiki lagi yaa🙏🙏🙏",1,negatif
Ga bisa login. Aneh banget padahal sinyal lancar + aplikasi lain ga ada masalah.,1,negatif
musiknya bisa nemenin diwaktu kerja dan dikala sendiri,5,positif
mantap,5,positif
tau lah ya 10/10,5,positif
bagus,5,positif
"gais Spotify boykot, udah secara official. mending ganti ke joytify aja, lengkap dan gaada iklan di sana. bagus banget sumpa ga boong, joytify juga ga boykot.",1,negatif
"mantap semua jenis lagu adaaa tapi ada mines nya juga,,karna aku player gratisan iklan nya di kurangi dungg",4,positif
lagu yang aku pilih ga sesuai malah lagu yang lain bisa becus GK sih,2,negatif
bagus enak,5,positif
ga ada kata lain selain ini kata...keren....,5,positif
boikot spotify😕,1,negatif
sangat bagus,5,positif
okkk,5,positif
karena ada lah pokoknya,5,positif
boikot,1,negatif
apk burik,1,negatif
feling godd,1,negatif
sangat enak geratis lagi,5,positif
saya sangat menyukai nya,5,positif
bnyk bgt iklannya.,2,negatif
lagu lumayan bagus,4,positif
bagus banget disini gratis,5,positif
"tolong untuk pembuat spotify, gw baru dengerin 5 lagu an belom sampe 10 udh enggak bisa lagi mencet lagu lain. Katanya harus bayar 39 ribu an buat 3 bulan, tolong jangan terlalu pelit, terkadang juga lagu yg sudah lama muncul lalu baru dicari malah tidak ada lagi",2,negatif
bagus,5,positif
lagu nya banyak,5,positif
aplikasi ini bagus. ketika saya menagisi kehidupan yang sangat berbeda saya saya berterimakasi atas lagu yang membuat saya merasa senang. saat teman terbaik yang menghianati saya. TERIMAKASI🥺,5,positif
bagus,5,positif
"iklannnya kebanyakan anj, kalo 1-2 iklan boleh lah, tapi kalo udah sampai 4 iklan kan anj banget",1,negatif
"makin kesini makin kikir, milih lagi doang dibatasin,ngeskip lagi juga dibatasin,iklan jadi 4,marai kesuh",1,negatif
BAGUS BANGETTT CINTA SPOTIFY😍😍😍 bisa offlaine banyak laguu adaa lirik nya jugggaaaaa SUKAKKK BGTTT😋😋,5,positif
bguss jie,5,positif
bagus,5,positif
gak suka lagu'nya gak asik.,1,negatif
𝒌𝒆𝒓𝒆𝒏,5,positif
kikir,1,negatif
boikot,1,negatif
semua ada tinggal pilih sesuai selera,5,positif
kalo bukan spotify siapa lagi yang bisa nenangin aku?,5,positif
enak pake aplikasi ini,5,positif
"Belum pernah pakai, jadi belum bisa menilai secara maksimal",4,positif
banyak iklan,1,negatif
"suka eror, lagunya sering gonta ganti tiap detik trs pas saya mau cari lagu yang keluar malah playtist semua😢",1,negatif
"aplikasinya saya suka ,soalnya mau musik apapun di spotify pasti ada makasih",5,positif
"suka bgttt sama apk ini soalnya bisa cari lagu"" yang aku suka",5,positif
mantap,5,positif
karena aplikasi bisa ditutup saat lagu sedang di putar,5,positif
IHHH MENTANG MENTANG GW GA PREMIUM SEKARANG IKLAN NY JD 3 😭,5,positif
👍,5,positif
gtw pkony sru aj skaa bgt Ama ni apk,4,positif
bagus,5,positif
"walaupun pengguna spotify tp sorry ksh bintang 1,iklan ny bnyk kali gk ngotak mmng,udh muncul 4 masa iya muncul lg 1 muncul lg 1,kek apaan coba,4 yaa 4 aja 3 yaa 3 aja laahhh😭😭",1,negatif
temen kerja ku setiap hari,5,positif
keren yg penting ngga berbayar,5,positif
"dulu gak masalah sama iklannya, tapi sekarang bahkan engga bisa milih lagu yang disuka, dan skip nya terbatas banget",1,negatif
bagus,5,positif
Aku suka ada kereta api Aku nggak suka,4,positif
kikir bjir,1,negatif
kikir,1,negatif
banyak yang ngga aku sukai,3,netral
bagus banyak musik yang aku ingin contoh golden faded lose my mind dan ferrari,5,positif
update lagu dan aplikasi gampang di gunakan,5,positif
Saya suka musik nya👍,4,positif
seru banget buat dengerin lagu di Spotify,5,positif
sering kali tidak bisa dibuka,1,negatif
seru tapi banyak iklan nya 😭😭😭 ..... .... . ....,5,positif
Karna lagunya lengkap semua,5,positif
boikot,1,negatif
good,5,positif
"bagus klo ad prem doang, klo g ad busuk bener2 busuk iklan panjang kualitas jelek. (#prem ak abis)",1,negatif
seruu bisa ngesad,5,positif
lagu nya banyak yang aku suka seperti lagu peria solo aplolut sinema 🤚😏🤚,5,positif
"apk dengerin iklan, dong0",1,negatif
KENAPA MILIH LAGI HARUS BANGET BAYAR SEBANYAK ITU??? UANG SEGITU UDAH BISA BELI ALAT RUMAH TANGGA LHO! tolong.... hapus... fitur itu... tolong.,1,negatif
lagunya tidak bisa,1,negatif
kikir amat lama lama,1,negatif
nice mate,5,positif
lagu nya enak di dengar buat main gameff,5,positif
mantap,5,positif
enakkkk ini buat saddd,5,positif
"banyakkk iklan!!!! satu lagu doang langsung 3 liklan, gua mau dengerin musik bukan iklan, mentang mentang pengguna geratis, di kasih iklan mulu",1,negatif
bahus bagus,5,positif
bagus bngt,5,positif
iklan mulu jangan di download mending yt aja,1,negatif
enk didengarkan tanpa iklan,5,positif
banyak iklanya sampe 4,1,negatif
bagus,5,positif
kok iklannya makin banyak sih? se pelit itu yaa?,2,negatif
bagus banget aku bisa sepuasnya mendengarkan lagu saat hp mati,5,positif
cuih iklan nya kagak ngotak.,1,negatif
bgs hebat,5,positif
"spotify sangat lah terbaik,hanya disini lah hati ku yg hancur jadi membaik",5,positif
sampah udah gak gratis,1,negatif
"eh iklan nya kurangin ngapa, kikir banget lu, maksa tau gak? masa gua baru dengerin 2 lagu dari playlist gua langsung dikasih iklan, mana sampe 4 lagi iklan nya, gak ngotak",1,negatif
bagus banget,5,positif
full iklan apk anjengg,1,negatif
baguss banget bikin ketagihan,5,positif
boikot ah males 😭🙏🏻,1,negatif
terlalu banyak iklan monyed🤬🤬,1,negatif
bagus sih kok banyak iklan nya jadi sebell 😞😞😭😭😊😊,5,positif
bagus banget untuk mendengarkan lagu setiap hari,5,positif
BOIKOT,1,negatif
best,5,positif
iklan ga ngotak males gue,1,negatif
lagu nya bgus,5,positif
aplikasinya bagus utk mendengarkan musikk,5,positif
👍👍👍,5,positif
"Lagunya campur "" jelek males ah kasih bintang semua dan banyak iklan 4 kali 3 kali putar kalau 1 iklan 50 lagu baru kasih 5 bintang",1,negatif
Mantappp,5,positif
bikin terhiburr,5,positif
Good,5,positif
woi admin kenapa ya misal nih kita punya playlist sendiri nyetel lagu kesukaan kita tpi pas selesai di akhir lagu malah pindah ke lagu lain yg kita ga tau dan gak suka tpi di tablet saya bikin akun spotify bikin playlist jga tpi lagunya ga pindah pindah kayak di handphone saya yg ini tolong ya admin perbaiki ini saya tidak suka sama hal ini,1,negatif
gilaaa bgt spotify skrgg iklan nya ga ngotakkk bgttt yg awalnya cuma 1 2 skrgg sampe 4 iklan nyetel musik baru 1 doang iklan nya ga kira²!!! sekalian aja musiknya ga ush di playy,1,negatif
apk ini saya tidak bisa dibuka,1,negatif
jelek,1,negatif
ya bagus langsung download aja😹,4,positif
sangat enak untuk dengar lagu nya,5,positif
bagus dan cepat memilih lagu,5,positif
bagus tapi jangan ada iklan,4,positif
"saya sudh lama tdk buka spotfy (udh ada 5 harian) pas saya ingin mendengar musik dan memilih musik 1 kali namun tdk bsa, malah ada tulisan ""pilih lagu untuk di putar lagi besok"" padahal saya baru milih lagu hari ini, tlg ya knp itu",2,negatif
boikot,1,negatif
tolong diperbaiki lagi jika ada masalah yng dari thn² kmrn,3,netral
"bagus, tapi boikot",3,netral
jelek,1,negatif
"tiap ganti lagu iklan mulu anj,kalo lagu yang kita play udah selesai malah lagu luar yang gajelas yg ke play otomatis ,mau ganti lagu iklan dulu",5,positif
apknya bagus buat dengerin lagu kesukaan,5,positif
plccc kuranginnn iklaannn muakkk tauu gakkk,3,netral
bagus,5,positif
seru bet banyak lagu nya dan lagu nya semua bagus banget,5,positif
aplikasi nya bagus,5,positif
👍,5,positif
"good job ,",5,positif
bahagia lagi 😓,5,positif
"buat player gratisan, kalian ga akan merdeka kalo pake apk ini wkwk saran ku mending download apk sebelah (udah gratis, bisa puter lagu sepuasnya tanpa iklan yg mengganggu, perbaikan buat masalah/bug nya cepet, kualitas audio lebih oke, grafik mantep). ketimbang ni apk red flag awokawok",1,negatif
ini aplikasi yang sangat hebat kita bisa mendengar musik sambil membuka aplikasi lain,5,positif
🙏,1,negatif
aplikasi ini bagus banget untuk mendengar lagu yang enak 😊,5,positif
"kikir banget nih Spotify lama"", yang semula iklan 2× nambah jadi 3× dan sekarang 4× dan untuk dengerin lagu aja udah gak bisa sesuai keinginan dan harus di random dari Spotify nya dan harus premium dulu baru bisa dengerin lagu sesuai keinginan. Ya kalau itu sebenarnya gak masalah tapi kalau beli premium cuma buat dengerin lagu pas mood paling gak kan 2-3 hari habis itu dah beda lagi",1,negatif
masak pas buat akun g bisa di apalah gj,1,negatif
"ini cuma buat puter lagu Kanapa di batasin ya padahal dulu engak,jadi bakalan sepi ni Spotify nya",1,negatif
"seru ada lagu banyak, padahal aku sudah download lagunya di Spotify,eh malah harus pake data buat nyetel",3,netral
bikin versi lite plis,5,positif
karena bisa gratis dan Mita tolong kurangin iklan nya biar GK kyk resso,5,positif
🫰🫰🫰🫰,5,positif
suka,5,positif
Lagu yg kucari semua ny ada,4,positif
okeee,5,positif
tolong jangan di download nanti 3bulan bayar baru bisa dengar musik Spotify anj jangan download nanti menyesal,1,negatif
kebanyakan iklan,1,negatif
iklannya lama banget,1,negatif
boikot Spotify kecewaaa²,1,negatif
BAGUSS BGTT AKU KASIH BINTANG 5 YAA🤍🕸️,5,positif
bagus,5,positif
Bagus 🙏,5,positif
kebanyakan iklan dulu ga begini ....,1,negatif
bagus,5,positif
aplikasi bagus tapi 1 musik 10 iklan🗿,4,positif
bagus,5,positif
bagus,5,positif
"kebanyakan iklan, males",1,negatif
wao bagus ini apk,1,negatif
apk nya bagus banget,4,positif
"Saya sangat puas dan apresiasi pokok nya,semoga tambah keren dan semakin lebih baik untuk kedepan nya",5,positif
"Iklan 3 smpai 4? Milih lagu dibatasi per hari? sgitunya bnget ya untuk user gratisan HAHA. pngen bnget dibeli? Udh terlihat bnget kesenjangan sosialnya antara berbayar dgn free ya bre. Knp ga skalian app lu full berbayar aja? Miris. Update, iklannya udh dipangkas jdi 1 smpe 2 doang jdi okelah",3,netral
mantap,5,positif
"bener bener mantap ngga ada iklanya,pokoknya joslah,,,mantul",5,positif
full iklan😹,1,negatif
bagus,5,positif
"iklan nya kurang banyak asli, maksa bgt pengen di premium",1,negatif
boikot,1,negatif
"kikir bet ajg baru 1 lagu udh iklan,mana ikalnnya 3 kali lgi",5,positif
"iklannya bnyk bgtt, gw seru bgt!!!",1,negatif
Good,5,positif
aku suka spotify,5,positif
iklan nya bisa di hapus gak udah sukur sukur di bukak apk nya Masi aja mau cari untung lewat iklan banyak kek gitu ..lagunya satu iklannya 3 mending hapus aja,1,negatif
karena aplikasi ini sangat bagus,4,positif
buruk,1,negatif
kayak Maksa banget Minta dibayar yang sebulan itu,2,negatif
"1 lagu 1000 iklan, kebelet haji",1,negatif
boikot spotify,1,negatif
good,5,positif
keren,4,positif
aplikasi kikir mendingan pakai aplikasi musik yang lain yang setiap musiknya bisa putar sepuasnya ini aplikasi sampah,1,negatif
"Spotify? menjadi penyelamat jalan?,maaf Saya lebih suka YouTube Music daripada Spotify Karena musik di Spotify banyak AI (musik jelek) & YouTube Music tidak.",1,negatif
bagus,5,positif
mantap nyo,5,positif
kikir,1,negatif
bagus banget!!!!!!!!!!!!!!!!!!!!!!!!!!!!!!!!!!!!!!,5,positif
mantapp,5,positif
good,5,positif
pokok yahhh bagusss bagusssss,5,positif
bagus banget,5,positif
bagus bgttt👍,5,positif
mendengar musik tanpa gangguan iklan,5,positif
"iklan makin hari makin banyak, kikir",2,negatif
"mendaftar susah, mending goyutu.",1,negatif
kikir,1,negatif
mntep ni apk,5,positif
kikir,1,negatif
membuat ku nyenyak satt tidur,5,positif
"lagu banyak jenis dari pop,rock,galau,breakbeat kekurangan nya masih ada iklan",4,positif
"Nggak suka! Spotify sekarang nggak kayak yg dulu. Aneh, nggak asik!",1,negatif
Ok,1,negatif
jelek kek isriwil,1,negatif
apk kikir,1,negatif
"sering error, tiba tiba keluar sendiri dari akun ku dan gabisa login lagi sering banget",1,negatif
bagusss,5,positif
sangat buruk,1,negatif
Bagus bngt si buat nemenin waktu luang Ama mau tidur,5,positif
iklan lu bnyk bgt ege,1,negatif
"BANYAK BETULL IKLANNYAAA, yh si kl gmau ad iklan beli prem tapi ini biasanya iklan ga sesering ini skrg jd SERING BGT MANAAA LAMA"" BGT LAGIIII. GASUKAKKKKKKKK",1,negatif
"masa pilih lagu aja dibatasi,perasaan dulu ga kek gitu?mau skip juga dibatas,maksa banget premium",1,negatif
aplikasi makin lama makin kikir awal 3 iklan jadi 4 iklan padahal cuma nuker lagu doang,3,netral
best,5,positif
pelit,1,negatif
"iklann Mulu , stress lama²",1,negatif
funk🔥🔥🔥🔥🔥,5,positif
great apps,5,positif
iklan nya lama,1,negatif
aplikasi ini makin lama makin pelit dikit² premium dikit² premium masa baru denger dua lagu udh gabisa denger lagu dan harus nunggu besok perasaan dulu gak SE kikir ini dah 😠,2,negatif
aplikasi kikir iklan samapai 4,1,negatif
bagus,5,positif
makin kesini ni apk makin kikir sumpah,1,negatif
goodjob,5,positif
Mantap,5,positif
"bagus cuma kok sekarang iklannya maruk, yang tadinya cuma 2 sekarang malah jadi 4",3,netral
"overall udah baguss bangettt, tapi ada beberapa lagu yang tidak ada liriknya saya harap dapat diperbaiki atau ditambah yaa",5,positif
"It's just good, I like this application",5,positif
BOIKOT THIS APK!!!!!!!!,1,negatif
Bagus tapi sekarang mulai kikir,5,positif
ini semua gratis thank Spotify,5,positif
masih jaman berbayar?? lawak wkwkwkwk,1,negatif
bagus banget ada sumua lagu yg aku cari,5,positif
sangat bagus,5,positif
sangat bagus andai saja ga feremiun juga bisa ga ada iklan,5,positif
ayoo boikot Spotify,1,negatif
bagus enak di denger,5,positif
akun gratis gak bisa dengerin lagu sepuas nya secara milih sendiri padahal dulu bisa milih lagu sendiri sepuasnya,1,negatif
cakep,5,positif
"bagus banget layar utamanya,lagunya pas GK kedikitan GK kebanyakan yang kyk album,pokoknya besty😻😍",5,positif
"cokk iklan sampe 3 bangke😵😵😵😵 sekali 2kali oke, ini setiap iklan 3 sisan bangke",3,netral
jelek banget 🤮🤮🤮🤮🤮🤮🤮,1,negatif
mantul bet tolong kasih saya premium gratis🤣,5,positif
kikir. itu Iklan udh 4 gwe dah bosen dengerin 1 domba 2 domba 3 an,4,positif
boikot,1,negatif
"sebenarnya udah bagus apk nya tapi kayak terlalu memaksakan untuk premium, iklan 4 , terlalu dibatasi dan asal admin tau GK semua orang denger musik Mulu ada yg denger KLO lagi melakukan aktivitas sehari-hari atau aktivitas tertentu dan musik itu justru menjadi hiburan dan KLO seperti ini sumpah bikin gk mood,kesel bad mood dan gejala kehilangan akal sehat lainnya dan juga itu keitung mahal tau buat sebagian orang 😌🙏🏻 Izin🙏🏻",3,netral
bagus sih tapi aku pengen kalo pas nyari lagunya tu ga pake wifi,5,positif
enak aja sih cocok buat santai 😘,5,positif
"banyak iklan nya kadang kadang ngelag, dukung isriwil lagi",1,negatif
boikot,1,negatif
kebanyakan iklan,1,negatif
"bagus bgt, coba cari lagu kita ""Prabowo bawa sawit nya""",5,positif
"masih bagus seperti dulu, tapi sekarang lagu update kurang lengkap dan banyak iklan. tapi lumayanlah.",3,netral
yeu iklan bejibun bener,1,negatif
kebanyakan iklan,1,negatif
"joss banget pokoke, download aja ngasi raa download, premium luwih enak noo iklan"" raa kaya sebelah premium kakean iklann🤭🤭",5,positif
ya ampun ini kikir bet anjir iklan nya makin lama makin banyak jirr ku kasih empat karna ku suka dengerin tapi woyyy iklan 4 tuh lama banget coy,4,positif
"sebenarnya dari keseluruhan udah bagus apk ini, minus nya cuma kena batasan aja. gpp iklan banyak mau 3-4 kek terserah, tp jangan dibatasi juga lah.",1,negatif
ini Spotify nya sangat bagus ku tengok tengok,5,positif
Bisa Dengar Lagu yang indah dan bagus nada nya rapih Ada yang galau Dan Ada yang menyenangkan Pokoknya Spotify Bagus dan Asik di pakai dan enak di dengar👍🏻🤩,5,positif
gacor,5,positif
iklannya ga enak didengar beda dengan iklan apk lain.,1,negatif
"tolong diperbaiki bug nya, masa lagi dengerin musik tiba' berhenti gajelas, mana ber kali'",3,netral
mantap cok,3,netral
mending bikin lagu sendiri dah lu iklan 1 menit lebih,1,negatif
the most platform that attract me soooo farrr.,5,positif
"I LOVE THIS APP SO MUCHHH 💕 mau ngapain pun harus sambil dengerin musik di spotify 😆😆 minus hrs premium aja si kalo mau offline ehhhe, tp gpp aku TETEP SUKAA MUSIK THROUGH SPOTIFY 💋",5,positif
bagus tapi banyak iklan,5,positif
bagus mudah mencari lagu tapi agak sedikit bug,4,positif
"fitur-fitur premium yang ditawarkan kurang lebih sama dengan aplikasi musik lain,dengan harga lebih murah daripada spotify. singkatnya harga premium terlalu OVERPRICE",3,netral
"tolong kpd pihak spotify saya sudah membeli paket premium standar hari ini dan sukses payment nya tpi akun saya belum jga menjadi akun premium, tolong bantuan nya. Terima kasih",5,positif
bagus bisa dengar lagu apa lagi sampai main game,5,positif
"Spotify makin kesini makin kesana! Dulunya seru poll sekarang yang paling bikin kesal iklannya (Bukan premium) bukan satu lagi tapi 4 woii, 4 iklan per satu lagunya. Tolongg 🙏🥲",1,negatif
tidak bisa mendownload musik karena harus premium dan kenapa harus premium agar boleh mendownload musik,4,positif
sangat kikir 😡😡,1,negatif
sering terjadi tidak ada koneksi padahal jaringan lancar aja,1,negatif
"bgus, bisa ndengerin smua lagu. i luv u ariana n the weeknd!",4,positif
"apk kikir monyet, iklan nya banyak bener",1,negatif
"apk ny terlalu ambil ke untungan, masa skrng milih lagu sendiri aja harus bayar/premium",2,negatif
seruhh bisah cari lagu Mandarin juga,5,positif
boikot,1,negatif
apaan kouta gua habis cuma buat loading iklan balikin kouta gua,1,negatif
asik,5,positif
bagus cuma iklannya lama bangat,5,positif
buruk sekali,1,negatif
dengerin lagu 2 doang iklan bisa 6 kali njir,1,negatif
gaada kata kata cuman iklan doang,5,positif
aku suka mendengarkan musik dan ada nya aplikasi ini aku lebih sering mendengar musik musik baru,5,positif
semoga improve,1,negatif
ini sangat penting untuk mendengarkan musik,5,positif
cocok untuk galau,5,positif
lagu nya lengkapp,5,positif
"ini aplikasi lama lama makin maruk, udahlah banyak iklan terus pas aku mau ganti lagu secara manual malah ga bisa, pas di cek malah harus premium dulu baru bisa ganti lagu secara manual, jangan maruk lah, nanti ni aplikasi di boikot malah panik, minimal jangan nyusahin lah, tau ni aplikasi punya lu, tapi jangan maruk cok, masa ganti lagu secara manual harus bayar, ga ngotak, mikir lah sekarang banyak di sosial media pada koar koar mau boikot lu,kamu seharusnya cari cara buat kelarin masalah",3,netral
🤢,1,negatif
kami bisa mendengar lagu enak dengan Spotify pokok nya enak banget🤩🤩,5,positif
bagus😁 ^⁠_⁠^(⁠✷⁠‿⁠✷⁠),4,positif
sya sangat suka,5,positif
banyak iklan sampai 4 kali mana lama lagi iklannya ngulang terus sampai lebih hapal lirik iklan dari pada lagu,1,negatif
iklannya ga ngotak,1,negatif
semua lagu ada di sini keluar aplikasi pun tetap ke stel mantap 5,5,positif
bikin candu,5,positif
i love this apps,5,positif
terlalu banyak iklan,1,negatif
bagusss,5,positif
banyak iklan,1,negatif
saya ingin mendengarkan lagu tapi saat ingin memencet lagu harus beli spotfy premiun,1,negatif
aplikasi ini sangat baik menurut saya pribadi. mudah mencari lagu favorit,5,positif
bagus,5,positif
"banyak bgt iklannya, udh gtu batas milih lagunya jadi makin dikit padahal dlu gak segininya. kenapa tmbh kikir sih",3,netral
"aplikasinya bagus cuman itu Knpaa iklannya jadi banyak anjirr sampe 4x😭, biasanya 3x ini sampe 4x, seriusan Spotify wkwkw mau marah tapi ngakak anjirlahh 😭🤣",5,positif
seru bgt sumpah,4,positif
"bagus sekali aku suka dengerin suaranya jernih, tapi saran aku jangan terlalu banyak iklan kalau terlalu banyak orang bisa muak kali😊😊",4,positif
iklan nya gabisa apa cuma 1? ini 4 bejir iklan nya,3,netral
mantap,5,positif
bagus lah lagu nya tapi saya blom beli premium,3,netral
"banyak iklan,masa iklan nya ada 4?!?!, kaya gimana gitu..Free 🍉🍉",1,negatif
bagusss bingitt lhoo minusnya kurang suka aja kalo berbayar gitu sama iklan nya lumayan lah bisa di terima gituu heheheh.,5,positif
seru buat dengerin lagu untuk bersih bersih,5,positif
jelek,1,negatif
kikirrrr banget,1,negatif
top abis aplikasi ini,4,positif
"OMAYGOT, YANG SUKA BANGET SM MUSIK WAJIB DOWNLOAD INI!!! BAGUSS BAMHETT WOUYYYY... walaupun ga prem nih yaa tetep sama anjrer GUT COBAIN GA!!/ jujur ya aku rada kesel sm orang yang bilang 'iklan malea banget"" sorry to say nih yaa yang nama nya GRATIS itu harus nya taudiri.. udah gratis banyak mau lagi.",5,positif
membuat kita lebih tenang...,5,positif
bgsss bgttt sihhh aku sukaa aplg ak yg sk galau lg bkn nenangin plcc,5,positif
download cepat tidak ribet,5,positif
boikot,1,negatif
boikot,1,negatif
good,5,positif
sangat bagus,5,positif
"makin kikir AHAAHAHAAHAHA, iklan 4/4, ngga boleh skip lagu ke bagian tertentu, batas harian pemutaran lagu, ngga sebanding sama viturnya",1,negatif
baik,4,positif
bagus.,5,positif
"spotify bikin mood ku naik lagi saat lg down ada banyak lagu nasyid,yang selalu ngingetin kalo apapun kembali pada Allah",5,positif
iklan nya kebanyakann,2,negatif
sangat bagus,5,positif
suaranya jernih bagus aplikasi ini,5,positif
"aplikasi tambah kikir, iklan banyak banget gak kayak dulu",1,negatif
bagus cuma mines harus berlangganan,5,positif
just no..,1,negatif
Iklan mulu!. kaya maksa bgt biar orang pake premium!,1,negatif
BAGUSSS LEBIHH BAGUS LAGI KALAU YG PREMIUM GRATISSSS,4,positif
mungkin karna masalah yang di luar sana ini aplikasi jadi makin banyak iklan dan batasan buat yang pake paket gratisan bukan bermaksud tapi ini beneran terjadi ke gw,3,netral
aplikasi nya sudah bagus cuma mohon tambahkan lagu lagu ponk nya🙏,5,positif
aplikasi ini lumayan bagus menurut saya,2,negatif
banyak iklan nya dan kalo kita pilih lagu itu lagu nya gak sesuai yg kita pencet,1,negatif
aplikasi yg cukup bagus bahkan sangat bagus untuk mendengarkan musik,5,positif
sangat bagus,5,positif
iklankan nya banyak banget,4,positif
Bagus Banget,5,positif
bagusss banget aplikasinya,5,positif
mantap,5,positif
boikot spotify,1,negatif
sangat sangat baik dan aku suka dengar lagunya,5,positif
aplikasi apa ini baru dengerin 1 musik langsung iklan 4 biji lu mau jualan ikan di sini kalau mau jual iklan doang mending lu APUS dah aplikasi nya lebih mending pakai go tube mana iklannya lama lama lagi,1,negatif
best,5,positif
munculin terus teks lirik nya bang mau ngehapal lagu nya biar enak haha,5,positif
"Tolong kurangi iklannya, kebanyakan",2,negatif
lagunya sering ilang-ilangan pdhl sinyal & wifi baik baik ajam,2,negatif
boikot,1,negatif
koleksi musik enak,5,positif
karna Spotify ituu enak d dnger apa lagi KLO lagi main game beuhhh seru di denger nyaaa,5,positif
👍,5,positif
bagus bngt,5,positif
sangat bagus,5,positif
penasihat yang aneh makan uang pemaksaan,1,negatif
"Wah lha kok banyak ulasan negatif,saya yg mau nyoba dowload ahkirnya gak jadi,terlalu banyak iklan sih katanya.",1,negatif
"bagus sih emang aplikasinya, cuma aku mls banget!!! sama iklannya, dah lama terkadang banyak lagi, dan yg paling gua benci!!!!! itu kalo kita keseringan ganti lagu,jadinya: yg diputar apa, yg keputar apa, kan ja....!!!!! banget banget, pluss langganannya mahal lagi, t..²",1,negatif
boikot,1,negatif
untuk pakai aplikasi ini sangat mudah ..tampa iklan dan enak dengar music ini,5,positif
ni apk laper bngt men masa iklan bisa 3-5iklan gila bngt men asli😡😡😡,2,negatif
"kurang banget,klo mau ganti lagu tersrh kita hrus bayar males dengerin disini jdinya padahal dulu ga kya gini",1,negatif
sangat gampang dan mudah pegoperasiannya,5,positif
"gilaaaa!! iklan sampe 3 kali, kenapa kalian bangkrut? butuh banget kaaah? ngalah ngalahin YouTube mending uninstall pake jox lebih worth it",1,negatif
"aplikasi bagus,cuma iklan yg bnyk 😭😭",5,positif
"terlalu banyak iklan yg mengganggu, apakah sedipaksa itu kita buat jdi premium? 1 musik iklannya bisa 3 x hadeuh. uninstall aja deh masih bnyak apk sejenis yang gak kebanyakan iklan",1,negatif
easily forwarded.,4,positif
suka banget.. apalagi slalu ada konten nct jnjm/dream wkt mreka cb,5,positif
"untuk pengguna gratisan lebih baik jangan instal ini, iklannya makin kesini makin panjang.",2,negatif
ternyata ga bisa dipake offline hrs tersambung dg internet terus,2,negatif
"Amazing easy, best apps I know, Thanks.",5,positif
saya suka denger lagu,5,positif
ok,5,positif
ini sangat bagus,5,positif
"Aplikasinya bagus, lengkap, tapi iklannya itu lohhh meskipun iklannya kreatif tapi durasinya terlalu lama🥲🥲",5,positif
pilihan music favorite,5,positif
hampir semua lagu bisa didengar di apk ini tetapi terbatas,5,positif
alamak kikir nyoo,1,negatif
sangat burukk!!!,1,negatif
"lagunya bagus bagus, tapi makin kesini iklan ga ngotak!!!!!!",2,negatif
musik apa pun ada tinggal klik aja mudah d akses dn SMG slalu menjaga kwalitas y,5,positif
bagus banget bagi lima,5,positif
"Ini apa-apa premium gimana orang mau nikmati app nya🙏 Saya ga keberatan yang namanya premium, tapi ini premiumnya ga ngotak. Masa mau ganti musik atau memilih dari playlist harus premium, tau kok sepele tapi agak berlebihan maksa harus premium.",2,negatif
milih lagu apa yg di putar apa. gajelas bgt apa apa hrs premium. kalo iklan ak masi bisa nerima tp ini ak milih lagu nya apa yg di putar apa aneh bgt g perna sekecewa ini,1,negatif
kikirr iklannya kok jadi banyak😭,1,negatif
kikir banget cuh,1,negatif
😍👍👍👍,5,positif
boikott spotifyy,1,negatif
suka apk nya tapi ga suka iklannya 🥲,4,positif
bagus,5,positif
bagus bre musicnya,5,positif
baguss lagu yang kita inginkan 😘😘🤟🤟,5,positif
1 LAGU 4 IKLAN ANJ,1,negatif
kikir,1,negatif
makin lama makin banyak iklan jelek.,1,negatif
aplikasi ini sangat cocok bagi saya yang suka mendengarkan musik,4,positif
woww!,5,positif
HUUU BOIKOTTTT HUUUU JELEK JELEEEKK,1,negatif
"baru 2 lagu udah iklan, pernah smpe 5 iklan akhirnya gue skip pake matiin data gue, ga ngotak lu laper yak??????",1,negatif
kikir,1,negatif
bagus banget,5,positif
HALO AKU RONY PARULIAN ASU,1,negatif
"Kok semakin ribet sih sekarang pindah² lagi sudah di batasi cuma bisa 6 per jam,semakin aneh saja",3,netral
burukk,1,negatif
"gua ud apus shopp* demi instal lu ya, awas aja kl iklan nya mkin banyak",5,positif
"aplikasinya udh ga asik, iklan nya gila bngt. harga spotify premium juga naik, mening pindah ke sebelah ajaaa",1,negatif
bagus dan menarik cocok buat yg suka musik atau cerita lainnya☺️🎀🖤,5,positif
masih dukung is REAL dengan sumbangan mu?,1,negatif
"Sumpah semenjak gw pake apk ini, uang gw di dana kagak ada tau kemana, tau di ambil, tau kek mana gw ngk tau, yg paling penting, intinya uang gw kagak ada di dana, dan semenjak gw pake apk ini..😮‍💨😮‍💨",2,negatif
kikir,1,negatif
"saran aku kurang kurngin iklannya, boleh kok pake iklan ""namanya juga cari penghasilan "" i know that tapi kalo berlebihan bikin yang dengerin lagu itu muak dan bosen apalagi durasi iklan nya yang lama,aku yang mau me time dengeri lagu jadi ga mood gegara iklan nya yang kebanyakan trus kata aku jangan di kasi pembatasan gitu kaya ga bebas aj dengerin lagu nya, sekian opini saya maaf apabila menyakiti hati prodeser/kalian semua.",2,negatif
enak,5,positif
boikot,1,negatif
good,5,positif
dukung isrontol mending APUS,1,negatif
oke bagus kok,3,netral
iklan banyakin kalo bisa 10 iklan setiap musik,1,negatif
WOOOW ... sungguh LUAR BIASA,5,positif
KAPITALIS nya Hypercapitalism bangett yaa,1,negatif
makin kikir,1,negatif
iklan nya keterlaluan mentang mentang ga prem,2,negatif
"yg versi gratis iklanya makin gak ngotak, dulu gak gini amat cuk",1,negatif
kikir,1,negatif
kurangin iklan nya jangan terlalu memaksa orang ngemis amat ini aplikasi,1,negatif
enak bgtt buat dengerin musik pas mau tidur btw kalo kalian mau yang ga iklan premium aja yaa,5,positif
ok mantapz,5,positif
"kenapa barusan bgt aku dengerin spotify tiba-tiba gak bisa pilih sendiri lagunya, harus premium, kemaren² ga harus premium, tolong perbaiki, dan untuk saat ini aku hapus dulu apk nya, karna yaa itu alasanya, apalagi sering bgt muncul iklan, mengganggu bgt🙁",1,negatif
mantap,5,positif
bagus,5,positif
aplikasi jelek banyak iklan,1,negatif
yang tadinya denger 1 lagu mau santai sambil ngopi di teras jadi males karena tiba-tiba kebanyak iklan,1,negatif
waktu aku bilang ke mamaku aplikasi ini keren lo ma. ehh beberapa saat kemudian mamaku marah ² samaku soalnya waktu lagu diputar lagunya kecil kali walau udah gede speaker nya tapi giliran iklan wahhhhhh anjir besar kali suara nya 🥲🥲🥲😡😡😡😡,1,negatif
app andalan buat nemonon kerja 🔥,5,positif
bagus banget deh pokok nya kalo bagi ku gk ada kurangnya,5,positif
apk NYA bagus banget tapi tolong iklannya itu lohh mengganggu banget😭 jadi tolong ya iklannya dihapus aja ❤ moga di notis,5,positif
sekarang fitur nya ribet jierrrn 🗿🗿🙏🏻,3,netral
koret pisan ihh 2 lagu 4 iklan maksa banget buat premium,2,negatif
asik tapi kerena iklan nya saja,4,positif
terlalu banyak prabayarnya,1,negatif
banyakan iklan,1,negatif
lu kikir bgt anjir,1,negatif
ga bisa berkata¹ lgi intinya spotify debes luvluv pokonyamahh,5,positif
kenapa jadi kaya gini lah padahal dulu gak deh,2,negatif
iklan nya kebanyakan lama nunggu,1,negatif
aplikasi yang bagus,5,positif
malam² minum kopi enak ya sambil dengerin lagu innocent,5,positif
good,5,positif
sangat buruk,1,negatif
iklan di banyakin makin kikir,1,negatif
godjob,5,positif
"ngebug sih bre, tapi gapapalah, enggak enak aku",5,positif
sampahhh iklan mulu heran tiap ganti iklan mana lama lagi iklan nya sampah,1,negatif
aplikasinya memang bagus tapi iklan nya kurangi dong pengalaman saya jadi berkurang kalau begini.asal mutar lagu harus premium katanya gimana sih gak semua orang mau premium cuman dengan 1 lagu doang iklannya sampai 4 tolong dong betulin lagi sudah itu lagunya gak sesuai sama yang kita pilih malah muncul yang lain katanya butuh premium tolong dong di perbaiki kalo gini mana ada orang yang mau.sudah itu saja ulasan saya nanti kalau sudah diperbaiki saya kasih bintang 5,2,negatif
kikir,1,negatif
widih banyak lagu viral tak viral seru,5,positif
iklan terus ah mls,2,negatif
terlalu banyak iklan,1,negatif
wah mantap lah nih buat dengerin musik sama podcasf,5,positif
"bagus si cma bnyak iklan kalo ga prem, Israel",2,negatif
"bagus, cuman kalo ngasih iklan ngotak dikit lah masa baru nyalain 1 lagu muncul iklan 1 lagu lagi muncul lagi terus jangan dibatesin lah kalo muter lagu ya bebas nyalain lagu berapa kali",3,netral
boikot spotify,1,negatif
bagus baengt,5,positif
saya suka lagu di sini jadi saya hafal semua nya,5,positif
"Ga asik, maksa bet buat premium",1,negatif
bagussssss banget,5,positif
kikirnya udah bisa nyaingin tuan krab,1,negatif
"APK kikir iklan nya itu loh sampe 4 kali dengerin musik baru satu musik dah Iklan 4 kali,gua tau kalau gada iklan harus bayar tapi ayok lah iklan nya sampe 4 kali loh kalau 2 kali masih oke lah",2,negatif
"ini knp ya apa efek keseringan pilih lagu buat di dengerin? , tiba² mau milih lagu suruh bayar premium.. Gara² ini saya gabisa leluasa milih lagu buat di dengerin🙏",1,negatif
"aplikasinya bagus aku suka,kalo mau dengerin lagu jadi lebih gampang dan ada banyak fiturnya, terus lagunya juga lengkap. itu aja sii dari aku",5,positif
bagusssssss,5,positif
"kebelet haji jirla, fitur download bebayar, cih",1,negatif
pokonya dari saya sumpah bagus banget,5,positif
good job,5,positif
aplikasi sampah kebanyakan iklan 👎👎👎,1,negatif
serius tidak bisa pilih lagu sendiri harus premium?,1,negatif
seru,5,positif
jelek bgt apk nya unins aj,1,negatif
bagus sekali,5,positif
"singkat saja, apk nya bagus, cuma iklan nya aja, terus masa harus premium cuma buat dengerin musik tanpa batas",4,positif
Iklan Makin Lama Makin Banyak Aja,1,negatif
"apl memang sudah bagus tapi yg bener lah,, masa' orang baru nyetel satu lagu yg durasinya gak nyampe 5 mnt aja udah ikan 3 lama pula,, pas mau nyetel satu lagi malah disuruh bayar,, apalah.",2,negatif
MAKIN KIKIR ANJG MASA PILIH LAGU AJA HARUS PREMIUM,1,negatif
"menurut aku kebanyakan iklan,walaupun disini promosinya premium,tp masa iya setiap satu lagu 4 iklan😙✌🏻",3,netral
iklan mulu 3 lagu 4 iklan mana lama lagi 30 dtk an per iklan,1,negatif
boiiikot!!!,1,negatif
"Maaf. Tapi Spotify emang MASIH KALAH JAUH kalo dibandingin dengan YouTube Music. Di Spotify banyak koleksi lagu-lagunya yang kurang lengkap. Ada beberapa lagu-lagu langka, dan ga populer, tapi padahal sebenernya lagu-lagu itu enak ( alias underrated ), dan aku nyari di YouTube Music masih bisa ketemu. SEMENTARA DI SPOTIFY TIDAK ADA SAMA SEKALI. KOLEKSI LAGU DI SPOTIFY TIDAK LENGKAP",1,negatif
keren,5,positif
mantab,5,positif
semua lagu ada lah sampai bingung pilih mana,5,positif
aplikasi kikir,1,negatif
"iklan malah ngelunjak jadi 4 tadinya 3 sialan gw player gratisan jadi kesel sama iklan 4, sekalian aja bulan depan 100 iklan gausah dengerin musik biar gaada download sportify lagi",1,negatif
mantap,3,netral
spam iklan,1,negatif
banyak loading,1,negatif
bagus,4,positif
udah bagus fiturnya tapi makin pelit masa iya ikan 2-3 baru juga 1 lagu di stel iklan lagi dan di batasi lagi pemutaran lagu favorit,3,netral
"aku suka sama Spotify, karena ada lagu2 favorite aku! seperti : sekecewa itu,stecu,orng baru lebih gacor, dll👉👈😝😜🤪🤞🙏🎊🎉❤️❤️❤️🤝🤝🤝🤝❤️❤️❤️❤️❤️❤️❤️❤️❤️❤️❤️❤️❤️❤️❤️❤️❤️❤️ I LOVE YOU SPOTIFY",5,positif
"saran gue, hilangin iklannya tnp hrs premium.",2,negatif
yakin sih lagunya pada bagus2,5,positif
"waktu awal2 spotify, masih bisa dengerin offline. Sekarang malah kudu premium. Kocak parah ini sih 🤣🤣",5,positif
bagus bangett,5,positif
baru pertama kali pakek aku jdi suka suka aja trus aku suka musik jga,5,positif
bagus.,5,positif
saya sangat suka dengan aplikasi ini. karena saya dapat menikmati berbagai jenis musik,5,positif
tolong iklan nya aga di kurangi,4,positif
bagus cuma iklan nya saja yang banyak kalau tidak pakai premium,5,positif
😢😢😢,1,negatif
lagu nya enak banget,5,positif
bangus untung dengar lagu,5,positif
jualan iklan,1,negatif
boikot spotiy,1,negatif
wallahu ternyata yg saya pakai selama ini membunuh saudara saya,1,negatif
"apknya sih udh bagus. lagunya lengkap, fiturnya juga oke. tapi kebanyakan iklan dan lama pula. Sekarang, aku gak bisa putar lagu di apk ini, setiap mencet lagu yang mau aku putar langsung keluar dari aplikasinya, aku pikir ini tuh bug jadi aku mencoba segala cara tapi tidak berhasil. mohon bantuannya.",3,netral
good,5,positif
"ya bisa dibilang bagus banget lah, cuma makin lama iklannya makin makin🥰",4,positif
I love this app❤️,5,positif
"sayaa sangat sukaa, saya bisaa mendengarkan semua lagu yang saya ingin dengar!!!",5,positif
aplikasi ini sangat berguna untuk memutar lagu lagu yg asik dan seru 👍,5,positif
"udah bagus apk nya, tapi tolong iklan nya jangan banyak"" dan lumayan lama",5,positif
apk kikir bgt jing,1,negatif
bu bnget ini apk mpruyyyy,1,negatif
"Aplikasi kikir. 2 lagu = 4 iklan, besok sekalian aja 1 lagu = 10 iklan biar gk usah dengerin lagu, tpi dengerin iklan.",1,negatif
Spotify kikir anj iklan lu noh kurang kurangin,2,negatif
❤️,5,positif
ga bisa bedain offline sama online jelas jelas wifi nyala malah di bilang kamu sedang offline begi,2,negatif
"iklannya banyak bet cok, bukan 1 atau 2 tapi sampe 3/4 iklan jir. ini Spotify lagi kebelet naik haji apa gimana dah",1,negatif
bagus kalau lagi galau main game pakai lagu di spotify behh serasa jadi proplayer,5,positif
.mantap,5,positif
mantappp,5,positif
Karena bisa berlatih nyanyi,5,positif
sᴇʀᴜ ᴡᴀʟᴀᴜ ᴀᴅᴀ ɪᴋʟᴀɴ ᴛᴀᴘɪ ʀᴇᴋᴏᴍᴇɴ sɪ ʏᴀɴɢ ᴍᴀᴜ ᴅᴇɴɢᴇʀ ʟᴀɢᴜ,5,positif
seruh sekali dan enak di dengar semua lagu ada di sini,5,positif
"Sya ingin scptny d apk spotify versi terbaru ada fitur tambahkan email nomor telepon, nama pengguna & ubah nomor hp, email, nama pengguna sama terintegrasi langsung semua fiturny dengan Super Agentic AI yang super lebih canggih banget fitur penelusaran lagu+Song ID dengan Fitur Unduh Langsung ​Pernah dengar lagu di kafe tapi tidak tahu judulny? Fitur dsmua seri samsung galaxy ​Kecanggihanny: Stelah brhasil mengidentifikasi lagu yang sedang diputar di sekitarmu, kamu bisa langsung mengunduhnya ke",5,positif
sangat bagus,5,positif
bagus,5,positif
"kikir, setiap pencet lagu iklan setiap pencet lagu iklan lagi pernah iklan nya ampe 4",3,netral
"apk kikir,iklan ga ada otak",5,positif
KAKEAN IKLAN DLOGOKKK,1,negatif
"apk kikir, mau redup sendiri atau gw redupin.",1,negatif
baguss bangett,5,positif
dlu bagus sebelum ada milih lagu di Batasin skip d Batasin iklan banyak banget skrng harus premium haduh agar gaada semua itu,1,negatif
apk kikir,1,negatif
"sngaja kasih bintang 5 biar di pling atas. apk kikir, skrang iklan 3 sama aja kaya gua dengerin lagu. iizinn ya min, soalnya jadi bosen min, mksi (masukan)",5,positif
bagus banyak lagu,5,positif
kebanyakan iklan,1,negatif
aplikasi bagus but iklannya banyak bgt plss..,2,negatif
enak disambil kerja suara ok,5,positif
kikir bet dibatasi semua mau beli premium harga nya mahal bgt,5,positif
aplikasi ini muantap kalo sambil main game😎👍,5,positif
"tambah kesini, tambah berbayar. males",1,negatif
bokiot aja apknya aelah,1,negatif
"nggak jelas. lagi fokus muterin lagu satu album, lagu selanjutnya malah yang muncul lagu artis lain mulu",2,negatif
berguna bgt,5,positif
Top Global....,5,positif
👍🏻,1,negatif
bgus bgt,5,positif
"sangat bagus, dn baik untuk direkomendasikan utk keluarga dan teman",5,positif
"iklan lu ga asik sumpah, kadang ga nyambung",3,netral
"lagunya udah bagus semua, tapi iklannya itu loh, nunggunya lama banget, ngga bisa di skip lagi, habis itu iklannya ada 4, kurang suka kalo pas lagi dengerin enak enak tiba tiba ada iklan begituann terus menerus",3,netral
boikot,1,negatif
"banyak banget iklannya, kenapa ngga jadi apk spoiklan aja tambahin 10 iklan durasi 1 jam satu iklan",1,negatif
aplikasi yang bagus dan menyenangkan untuk memutar lagu,5,positif
mantap,5,positif
mantap,5,positif
menghibur saat dlm perjalanan,5,positif
"BOIKOT BOIKOT BOIKOT BOYCOTT BOYCOTT BOYCOTT DEMI APA KECEWA BANGET SAMA SPOTIFY, PERGI JAUH². SEMOGA CEPET KE BANNED. I am really disappointed because of this boycott. I hope it will be banned quickly. SHOOH SHOOH.",1,negatif
soal nya dia tuh kyak berguna bngt buat aku karna kalau aku gbut aku bisa denger lagu disini,5,positif
bagus sekali tapi memak sa supaya premium,3,netral
bagus,5,positif
aplikasi yang sangat bagus,3,netral
"apaan bgt sih ni apl baru satu lagu tiba tiba iklan, pdhl di dlm playlist. kikir bgt ni apl sumpah.",1,negatif
banyak iklan,1,negatif
"dikit"" kelimit, males beanget, mending uninstall aja, ganti apk lain masi banyak yg lebih bagus.",1,negatif
bantu main game dan waktu kosong,5,positif
"aplikasi ini sangat seru...,karna saya suka lagu galau",5,positif
lagu 2 kali iklannya 4 kali hadeh,1,negatif
bagusss lahhh yng penting jngn bayar,5,positif
",aplikasi ini sangat lah berguna saya beri bintang 5",5,positif
kikir,1,negatif
"sekrg iklan nya banyat bet buset bisa ampe 3-6, kikir bet",1,negatif
kece,5,positif
bagus banget buat dengerin lagu lagu favorit tapi kenapa punya ku tiba tiba nggak bisa diputar yaa terpaksa ku uinstal deh,4,positif
asik,5,positif
"awal pake fine aja si tp kok sekarang lagunya gk bisa d ganti sama sekali bener"" harus premium baru bisa di ganti. terus iklannya makin banyak 1 menit sendiri gila😭",1,negatif
"Spotify lapar? 2 lagi lanjut iklan 4 biji iya tau gratis tapi gak gitu juga dong,udah gak bisa shuffle pilih lagu di batasi oke gpp tapi iklan sampe 4 dengan iklan yang gak relevan",1,negatif
bagus playlistnya terurut,5,positif
Bagus,5,positif
"kebanyakan iklan. Okelah ada iklan, tapi ga sebanyak itu juga, panjang panjang lagi durasi nya, gabisa di skip, dulu cuma 1, sekarang 3, setiap milih lagu baru, iklan, berganti otomatis ke lagu bru tanpa ku pilih, iklan, dan dulu ga sesering itu iklan nya muncul ""wajar lah ga premium"" bukan gitu, dulu aku enjoy aja make ini app walau iklan, sekarang lebih banyakk iklannn aduuh gitulah pokoknya, makasih🙏🏻",2,negatif
selalu temani kerja,5,positif
wow,5,positif
"apk nya bagus lah, cuma kenapa makin kesini makin ga wajar ya? masa mau dengerin lagu gabisa bebas. dan dari 6 hari lalu smpai saat ini masih terbatas, gabisa sama sekali. aku gatau ya ini bug atau emng dari sananya kayak gini, cuma tolongg ya dibenarkan dan jangan kikir. pas aku masuk ke apk spofitynya selalu ada tawaran premium. ga cuma sekali 2 kali, tapi beberapa kali. jadi kayak maksa gitu loh. sekali lagi tolong ya jangan kikir.",4,positif
aplikasi musik ❎ aplikasi iklan ✅,1,negatif
good,5,positif
pokoknya asyk lah...,5,positif
kikir iklan 4x te bisa milihan lagu sorangan bagi premium dong bang,1,negatif
lagunya bagus kualitas terbaik,5,positif
kualitas sound musik paling bagus dan baik,5,positif
"Apk nya best jujur. Best kalo premium. Sayangnya kalo gratisan kikirnya kerasa bgt, masa sekedar skip lagu aja dibatasin cuma 6 kali. Kalo buat user gratisan ga rekomen sih, tapi klo ada duit, mantep bgt.",3,netral
"apaan banget nyetel 1 LAGU IKLANNYA ADA 4, begitu aja terus, di batasi juga pemutarannya. JELEK nih apk KEBANYAKAN IKLAN, dulu dulu prasaan ga gitu",1,negatif
bagus,4,positif
good,5,positif
banyak iklan,1,negatif
iklan terlalu banyak,1,negatif
1. iklan makin banyak dan sering 2. boikot.,1,negatif
iklanya kurang banyak ya?wkwk👎🏻,2,negatif
"kebanyakan iklan, kikir, ribet, 11 12 sama Barcelona",1,negatif
makin kesini makin kebanyakan iklan,1,negatif
ni aplikasi bagus mines iklan banyak bener 😭😭,4,positif
Masi ada iklannya tp gapapaa,4,positif
nih apk makin makin njir. lama kelamaan dah kek capcut 🗿,1,negatif
teman terbaik ku,5,positif
"Lagi knp dhaaa, ko gbs login",1,negatif
iklan jangan keseringan mana pabjang lagi kikir banget jadi developer,2,negatif
sumpah ini apk musik terbagus seratus buat sportify,5,positif
"suka bgt sama Spotify, ga ribet aplikasinya",5,positif
mahal bgt 79 rebu buat satu bulan cik,1,negatif
aplikasi yang sangat bagus. 👍👍👍,5,positif
gaa suka banyak iklan nya 2 lagu 4 iklan,1,negatif
banyak iklan,1,negatif
"DEVELOPER KIKIR,NI APLIKASI ISINYA 90% IKLAN,GANTI/PILIH LAGU AJA HARUS DI LIMIT!!??LIKE BRUH,LU KEBELET HAJI ATO GIMANA!??",1,negatif
"makin lama makin kikir nih spotify 2 lagu iklan yg lewat 4, mana kalo prem makin mahal😭",1,negatif
bad,1,negatif
oke,5,positif
"Jelek, banyak iklannya",1,negatif
"Hama rakus, iklan terus menerus.. mau muter lagu yang pengen diputer aja cuman sekali dalam sehari gila gimana mau enjoy!!!!",1,negatif
sangattt baguss buattt naikin mooddddd,5,positif
mantapp,4,positif
DULU WAKTU DENGERIN MUSIK DI SINI TU JARANG BANGET LAH IKLAN. TAPI SEKARANG IKLAN NYA JADI BANYAK! BARU DENGERIN 3 LAGU LANGSUNG MUNCUL 3-4 IKLAN,2,negatif
"iklannya banyak, udh gtu iklannya sering bngt mau milih premium tpi mahal banget... gila gila",1,negatif
bagus,5,positif
"aplikasi babi iklan Mulu ,orang kasi iklan 1 ini sampe 4 iklan dalam satu putaran",1,negatif
boikot,1,negatif
nah udh bagus s3karang makasi minn,5,positif
kebanyakan iklan.......,2,negatif
ok sangat baik dan benar bagus,3,netral
top,5,positif
"bikin aplikasi nyusahin orang mau batalin langganan aja harus ke web,udah susah lagi buka webnya,gagal jaringan terus pdhal jaringan bagus lancar aplikasi ga jelas lu duit doang di pikirin kenyamanan pengguna ga di pikirin,kikir lu!!!",1,negatif
BOIKOTTTTT,1,negatif
banyak bug nya tolong dong 🤯,1,negatif
iklan nya banyak banget,1,negatif
jelekkkkkkk,1,negatif
kecewa,1,negatif
bagus banget,5,positif
"aplikasinya bagus tapi iklannya itu lo yang ganggu 😭😭 dulu iklannya 3 aja dah bosen dengerin mana iklannya itu² doang apalgi sekarang iklannya 4 rasanya mau😠😠, plis iklannya kurangi dikit 😊😊",3,netral
"yaaapsss sama seperti komen' yg di bawah,bagus bgt apk nya tapi minus nya iklannya sampe 2 menitan😭",5,positif
"iklan lu kurangin, laper bgt lu spotify",1,negatif
iklan banyak,1,negatif
"Iklan nya sampah banget, bisa 3/4 iklan sekaligus, baru selesai 1 lagu iklan, 2 lagu kemudian iklan lagi, ganggu banget padahal dulu cuma 1/2 iklan tapi sekarang banyak banget, payah",1,negatif
nice,5,positif
aplikasi banyak iklan,1,negatif
"bagus buat dengerin lagu""",5,positif
"nice lagunya , cuman banyak bgt iklannya",4,positif
"iklan banyak, terus mahal x premiumnya 😭",1,negatif
terlalu kikir,1,negatif
Bagus udh gitu aja,1,negatif
👍🏼👍🏼,5,positif
mantap dan bagus,5,positif
"gak tau ah, terlalu banyak iklannya. Yudha segitu aja makasih,",1,negatif
banyak iklan,1,negatif
terlalu banyak iklan,2,negatif
mantap,5,positif
apk kikir,1,negatif
kebanyakan iklan menganggu kenyamanan,1,negatif
👍👍,5,positif
"apk kikir, apa apaan 2 lagu 3 iklan",1,negatif
"terimakasih spotify untuk iklannya. Biasa 2, sekarang 4. HA.HA.HA",3,netral
saya tidak suka apk ini gara² aku gak bisa miling musik sendiri gara gara di suruh beli premium malas bintang 1 boikot aj,1,negatif
waw,5,positif
kebanyakan iklan,1,negatif
"mentang mentang gratisan iklannya kaga ngotak. maksa beli premium Mulu. kadang iklannya bisa sampe 5x. hadeh, ini mau dengerin lagu atau mau dengerin iklan? orang mau nyantai malah kesel jadinya. walaupun gratisan minimal iklannya tuh yang ngotak dikit gitu. jadi orang kaga enjoy dengerin lagu buat pengguna gratisan. tolong di perbaiki.",1,negatif
jelek.,1,negatif
lengkap,5,positif
aku suka! bisa mendengarkan lagu secara free tapi kadang juga iklan sihh tapi itu sangat menyebalkan tapi gapapa kok aku kasih bintang 5 ⭐⭐⭐⭐⭐,5,positif
bagus banget lagunya,5,positif
terlalu banyak iklan spotify aku agak risihh,4,positif
banyak iklan +,1,negatif
yang gamau Ada iklan pake Spotify mod,5,positif
lovee deeehh,5,positif
bagus,5,positif
bisa dengerin banyak lagu,5,positif
"udala iklan bejibun,masih disuruh langganan lagi???kalo gak di donasikan untuk isriwil ,gue pasang tuh premium,masa cuma 6kali melewati,habis itu gak bisa pilih lagu sendiri,makin lama makin jahat ya lu",1,negatif
makin parah aja nih iklannya .. aplikasinya menjadi kurang bersahabat sekarang..#!?,3,netral
music nya bagus bagus😁😁😁😁😁😁😁😁😁😁😁😁,5,positif
Good,4,positif
1 domba 2 domba 3 iklan mulu kambing,1,negatif
boikot,1,negatif
"kebanyakan iklann,mau play iklan habis 2 lagu iklan mau pilih pilih lagu ada limit premium maual",1,negatif
"enak buat dengerin musik iklannya juga sedikit, rekomended",4,positif
bagus,4,positif
makin kesini iklan makin banyak,3,netral
boikot,1,negatif
"aku suka banget sama pilihan lagunya di spotify kita bisa pilih sesuai apa yg kita mau tapi minus nya iklan nya itu loh durasinya panjang, ya tapi sebenarnya itu ga masalah tapi jadi mengganggu lagi enak enaknya dengerin malah ada iklan. sebel jadi aku kasih bintang 4 dulu ya☺",4,positif
IKLAN MULU MAU NAIK HAJI ? (BERTANYA DENGAN NADA DROP D),1,negatif
"sumpah aplikasi ap ini iklan mulu, terus denger musik di batasin",1,negatif
kebanyakan iklan,3,netral
"keren, ini aplikasi pemutar musik terbaik bagi saya",5,positif
"bole la ni apk, meski banyakan iklan ny wkwkwk enak",5,positif
suara enak tinggal tingkatin lagi lagu lagunya ada yg ga ada di pencarian selebihnya bagus,5,positif
apk kikir,2,negatif
"keren deh, ada lirik dan bisa dengerin saat buka aplikasi lain meskipun kadang diselingi iklan",5,positif
kikir,1,negatif
aku suka,5,positif
kebanyakan iklann,1,negatif
cocok buat lagi santai tapi tolong yg gk gw suka ada premium,5,positif
aplikasinya cocok buat saya yang kalo tidur mendengarkan musik.,5,positif
"Gak seru mau ganti lagu harus premium, terus iklannya banyak lagi kaya kita dipaksa untuk keluar uang.ini sebenarnya aplikasi untuk publik gak sih?☹️",1,negatif
banyak iklan nya ga asik,1,negatif
makin hari makin kikir masa 2 lagu sampe 6 iklan anjir udah gitu ga bisa di skip lagi 😫,1,negatif
"apa apa harus premium, perasaan dulu ga se kikir ini",2,negatif
dengerin musik ❌ dengerin iklan ✅,1,negatif
"iklannya jadi ngga ngotak alias banyak banget, padahal sebelumnya aja normal 👎 mana tiba² semua data di hp gw ilang gara² lagi hapus ""cache"" dari app Spotify nya.",1,negatif
bagus banget 😘🤭,5,positif
anak saya suka cari lagu di sini,5,positif
perfect,5,positif
bagusss,5,positif
"buset sekarang nyetel music ada batas hariannya, cutt off lah wak",1,negatif
Spotify bagus si,5,positif
bisa dengerin lagu sambil santai,5,positif
Good,5,positif
👍,5,positif
boikot🙏🏻,1,negatif
bagus.,2,negatif
"Overral oke sih spo ini, minus nya IKLAN NYA BANYAK BANGET ⁉️⁉️⁉️⁉️ masa 1 lagu iklannya 5 geloooo, mana prem nya makin mahal lagi payah",3,netral
ini tuh aplikasi yang paling ku sukai karena bisa mendengarkan musik sesuka hati saya suka tapi tolong tambahkan lagi podcast ya karena aku suka terimakasih,5,positif
"Woi masa mau milih lagu dari playlist aja harus premium, cuman mau milih lagu loh bukan milih lagu untuk diputar berikutnya.",1,negatif
baru muter 1 lagu udh iklan aja mana smpe 4 ikan lagi gjls,2,negatif
iklan terlalu banyak,1,negatif
aplikasi busuk,1,negatif
heh spotify lu mau iklan premium sebanyak apapun gue juga nggak bakal beli,3,netral
bagus untuk mendengar kan musik secara gratis minusnya di iklan saja,5,positif
suka ajalah,5,positif
baik,4,positif
"apk nya bagus fitur nya jg bagus,Tapi Iklan di dikitin pls😭,kayak waktu mau tidur sambil dengerin lagu tiba tiba iklan,3 iklan lagi.Jadi peliz di dikitin iklannya kalo bisa :)",5,positif
bagus banget,5,positif
bagus,5,positif
denger iklan gratis lagu 🤗,1,negatif
boikot,1,negatif
iklannya makin banyak gilaaa,1,negatif
ada iklannya plc ilangin🙃🙃,4,positif
nyari ini cuma buat sad sii,5,positif
apk sangat bagus,5,positif
"kikir finall boss, baru mutar 1 lagu doang udah di sambut 3 iklan , mana durasi yang gw putar cuma 2 menit tapi iklannya langsung 3",1,negatif
siiipppp,5,positif
"hdehhh padahal apk fav tapi malah dukung yang salah, iklan ga ngotak bisa 2 menit",1,negatif
aplikasi kikir,1,negatif
"apk rusak, jelek,",1,negatif
banyak iklan,1,negatif
bagusse,5,positif
"suka dengan apk ini karena berbagai musik yang sangat menemani saat kesepian, fav apk Spotify 🖤",5,positif
good,5,positif
"enak si buat dengerin lagu, tapi iklan 2-3 lagu iklan nya 3-4,🤗",4,positif
ok,5,positif
aku suka spotify :),5,positif
"oke ini iklannya kebanyakan si bisa sampe 5 buat sekarang, ini berarti terlalu ngemis min.",1,negatif
makin ga worth mending uninstal udh gt aja.,1,negatif
cukup baik,5,positif
seru dan banyak lagu lagu yang menarik,5,positif
mantap klo masih gratis,5,positif
"overall smua nya bagus cmn kebanyakan iklan trus gabisa mutar lagu yang ada di playlist, harus bayar premium, tolong setidaknya kalau begitu ikalnnya di dikitin jgn kikir2 bgt",3,netral
"rakus, pilih lagu yg diinginkan disuruh bayar!!! dasar tukang rakus dikit2 rakus ga cocok buat semua orang",1,negatif
sangat menarik,5,positif
sangat baik,5,positif
KIKIR BET IKLAN 4 LANGSUNG,1,negatif
"sudah waktunya pindah ke apk lain. Spotify makin kikir, mau milih lagu doang harus premium sekarang belum iklannya 4 biji",1,negatif
bagus,5,positif
"""hii iki riny piriliin"" mayak rakus iklan banyak 1 domba 2 domba 1m domba",1,negatif
"banyak iklan, puter 2 lagi iklan nya 4 hell nawh",2,negatif
"sungguh Spotify, kau benar-benar membuat penggunamu kewalahan dengan iklanmu. banyak sekali. apakah perusahaan mu mulai mengalami kebangkrutan atau semacamnya? namun dari sini aku mulai memahami satu hal. perlahan-lahan kau mulai menggerogoti kami. mohon lakukan sewajarnya saja, jangan terlalu terburu-buru. kami masih disini menunggu perbaikan yang saling menguntungkan, terimakasih.",4,positif
bagus,5,positif
lumayan,4,positif
mantap sekali,5,positif
bagus cuman bnyk iklan aja,2,negatif
mantap,5,positif
apk nya bagus,5,positif
boikot,1,negatif
☺️,5,positif
"kikir banget sumpah, baru 1x denger lagu udah ga bisa ganti ke lagu lainnya, itu eror apa gimana? lain kali ngotak deh kalo mau nyuruh orang beli premium, kan jadi susah kalo mau denger lagu, masa cuma bisa ganti lagu 1x/hari, dasar kikir😹",1,negatif
masyaallah baguss,5,positif
gajelas gak bisa update,1,negatif
"apk bangke 1 bulan 80k, balikin yg berlangganan perminggu",1,negatif
bgus,5,positif
"banyak bgt anjir iklannya, muak bgt gua. kurang kurangin.",2,negatif
bagus banget apk nya.. cuman kurangin aja iklan nya setiap 1 lagu ada 2-3 iklan,5,positif
good,5,positif
sang at Meng hibur,4,positif
semua ada.. hebat .,5,positif
udah jadi aplikasi kikir tingkat tinggi,1,negatif
banyak iklan,1,negatif
kalau mau denger lagu harus premium,1,negatif
semua lagu yang dicari ada semua,5,positif
jelek,1,negatif
aplikasi kikir,1,negatif
lagunya enak gratis lagi,5,positif
sangat bagus untuk apa saja,5,positif
bagus...,5,positif
Makin hari nihh aplikasi makin kikir 👎🏻,1,negatif
aplikasi music yg sangat menyenangkan dan,5,positif
ok,5,positif
nge bug tidak bisa di buka,5,positif
"tidak bisa memakai data seluler? kenapa ? Saya sudah meng uninstall beberapa kali tetapi masih sama , memutar lagu harus memakai jaringan wifi , jika wifi di matikan lagu akan menjadi mode offline.",2,negatif
iklan 4 kali di 1 music apaan tuh nying,1,negatif
iklan nya mulai menggangu,1,negatif
ok sajalah.,5,positif
jujur kcewa.,1,negatif
ini bagus tpi boycott uuuu padahal lebih enakan denger disini,1,negatif
Sangat bagus,5,positif
Boikot,1,negatif
woiii iklan noh benerin masa sampe dua menit terus kebanyakan iklannya,2,negatif
kikir,3,netral
Aplikasi ini sangat sangat sangat sangat baik,1,negatif
mantap,4,positif
mantapppp,5,positif
Spotify bikin hidup lebih berwarna dengan jutaan playlist yang pas untuk setiap suasana hati.,5,positif
nyedot saldo sendiri kurang ajar,1,negatif
jir iklan nya langsung 4 aplikasi yahudi,1,negatif
gapapa ga suka aja,1,negatif
"jangan kikir banget, iklannya udah jadi 4 sekarang... ditambah iklannya cringe banget kek seakan Kita dipaksa pake premium",1,negatif
"ehhh giluyy inii aplikasi yang gw cari tadi ga Nemu"" di aplikasi yang lain,mantap dah ga ada iklan, putar gratis ga berbayar,apa karena gw baru download tapi ga penting dah, pokok top markotop nih aplikasi bagus kaliii bintang limaa⭐⭐⭐⭐⭐",5,positif
oke,5,positif
"agak kecewa 1 lagu 3 iklan, macam mana ni apk!?????",1,negatif
"terlalu banyak iklan, mengganggu banget mana panjang,jelek deh apk ini",1,negatif
"kikir, aku gsk. iklannya durasi lama ngelebihin my song fav gueh",1,negatif
puas banget setiap denger music nyaaaa,5,positif
"iklan nya dikurangin lah bos, kita ini mau menikmati lagu nya bukan iklan nya!",1,negatif
Bagus,5,positif
SPOTIFY KEBELET HAJI😹🫵🫵,3,netral
banyak iklan dan gabisa milih lagu,1,negatif
omg,5,positif
nih apk rajanya tempat musik,5,positif
aplikasi nya bagus tapi ini kenapa ya kok aku gak bisa milih lagu lagi kata nya tunggu besok baru bisa milih tapi ini udah sebulan masih gak bisa ini kenapa,1,negatif
aku suka sama spotify,5,positif
iklannya terlalu banyak. apa? nyuruh premium? gaakan kalo Spotify nya sendiri ga ada perubahan,2,negatif
bagus bngt cuma iklan nya lama bngt 1 iklan tuh sampe 2menit,5,positif
menurut gue ini aplikasi kayak embe,2,negatif
Apk paan ga jelas iklan ga bermutu sampe 4x Teriak teriak bikin bising,1,negatif
"jelekkk bangettt dikit dikit iklan ,iklan nya makin banyak lagi",1,negatif
gods,5,positif
IKLAN NYA AHHHHH,3,netral
kurangi iklan,5,positif
Bagus.,5,positif
boikot,1,negatif
aku sangat suka,5,positif
kenapa hari ini apliakasi nya tidak bisa d buka,2,negatif
bagus Spotify itu tapi ngelek²,5,positif
bagus banget tapi peremiumnya masih mahal banget aku gak pake peremium aku pake yang bisa tapi bolehlah. apelkasi Bagus aku kasih bintang 5/5💯👍👍👍👍👍👍👍👍🙂,5,positif
apk main seenaknya,1,negatif
cocok di dengarkan saat sedang melakukan pekerjaan rumah,5,positif
Memenuhi semua keinginan mendengar musik. Aplikasi keren.,5,positif
"L Zionis, L iklan😹🥀",1,negatif
saya suka banget sama aplikasi nya karena saya suka musik,5,positif
mntap,5,positif
Ok,5,positif
saya sangat suka😍,5,positif
"aplikasi nya bagus, tapi sayang di boikot, jadi tak uninstall deh",5,positif
sangat membantu saya,5,positif
mantaaap,5,positif
kikir,1,negatif
"mendengarkan musik lewat spotify memang asyik dan mantap bisa diputar kapan saja, dimana saja tetap OK",5,positif
"jujur bagus,cinta bgt",5,positif
"kata gw mah kurang kurangin tuh iklan anj muak banget iklan Mulu yg muncul, saran satu iklan ajh yah ntar di boikot nih apk",1,negatif
KIKIR,1,negatif
ga asik....harus langganan,3,netral
mantap,5,positif
boikot,1,negatif
"boikot, sekarang ga bisa milih lagu sendiri kalo ga premium",1,negatif
"sangat bagus, suka membuat saya jadi ngantuk",5,positif
"dulu iklan nya masih masuk akal, sekarang udah diluar logika. harga premium naik, iklan makin banyak. ga logic",1,negatif
saya suka lagu!,5,positif
sing eling iklannya,2,negatif
sayang ada iklan,2,negatif
"sangat suka semua SDH tersedia murottal,sholawat lagu Melayu ada semua",5,positif
👍👍👍👍👍terbaik buat dengerin musik,5,positif
bagus,5,positif
aplikasi kikir harus langganan dulu kalo mau play lagu yang dipilih,1,negatif
bagus,5,positif
apk kikir,1,negatif
banyak iklan skippp,1,negatif
bagus tapi tolong hapus iklan,3,netral
boikot!,1,negatif
musik 1 iklannya 10,1,negatif
"saya ingin ganti lagu sblm lagunya habis sdh tidak bisa,harus tunggu lagunya habis dulu dan jika diganti hrs tunggu besoknya. stlh lagunya selesai sdh dipilihkan oleh Spotifynya jadi saya tdk bisa coba² lagu yg enak didengar lagi,apa apa sdh premium ga asik bgt skrg",2,negatif
aplikasi ini cocok buat gamon😂,5,positif
bagus bngt deh ☺️☺️,5,positif
kebanyakan iklan 1 domba 2 domba jadi males dengerin,1,negatif
bagus aja sih,5,positif
"tidak bisa di bukak selalu ""terjadi kesalahan"" terus menerus",1,negatif
"sekalian aja tuh iklan 5 jam min, kesel lama lama guej, udahmah di batesin milih lagunya hdehhhhhh, boycot.",1,negatif
iklan nya brutal,1,negatif
boikot,1,negatif
banyakin aja tuh iklan sampe 100,1,negatif
"iklan nya banyak banget, mana durasinya panjang-panjang lagi.. saya jadi gk nyaman klo mau dengerin musik harus nunggu iklan dulu.. tolong ini di perbaiki agar tidak terlalu banyak iklan saat mendengarkan lagu!! >:(",1,negatif
terlalu banyak iklan anak domba anak domba,1,negatif
bagus,5,positif
ok,5,positif
burik bisa boleh milih lagu sendiri kalo udah premium,1,negatif
sangat bagus saat mendengarkan musik,5,positif
sangat bagus,5,positif
bagus lengkap banget tapi cuman klo nda premium agak kurang kayk nda bisa pilih bebas lagu paling ya dikit perharinya buat milih lagu sendiri. smaq nda bisa di maju mundurkan oh sama 1 yaitu kadang nda ada subtitle nya eheh aku kan f2p jadi ya banyak mau wkwk oke tapi dari semuanya itu bagus😁,5,positif
menurut saya ini aplikasi kurang worth it,1,negatif
"gak sesuai,penipu",1,negatif
ga danta,1,negatif
"spotify saya ko volume nya turun sendiri ya, sebelum nya volume hp stabil sekarang malah turun sendiri dan ga bisa kenceng suara nya",2,negatif
boikot!!!!,1,negatif
baguuuus,5,positif
"awal2 bagus lama2 banyak iklan gentayangan.suara sember dan pencarian terbatas, masih mending youtube.",1,negatif
jelek,1,negatif
makin kesini iklannya makin ga ngotak,1,negatif
kikir banget jadi aplikasi,1,negatif
kikir bet kebelet haji iklannya banyak bener nambah mulu kemarin 3 sekarang 4 anj,1,negatif
gila kali iklan baru mulai lagu udh 3-4,3,netral
"terlalu bnyak iklan, kita yang non premium kesusahan, iklannya yang awal pemakaian cuma 1-2, Skrang bisa sampai 4, lalu iklannya juga gamenarik.",1,negatif
mantap,5,positif
"cocok untuk belajar, galau, bekerja, dan saya puas dengan aplikasi ini",5,positif
kureng,1,negatif
sukurin,1,negatif
boikot Spotify,1,negatif
is very good listen list music,5,positif
setiap 2 lagu lngsung iklan 5😭,1,negatif
bagus udh itu aj,5,positif
jangan lupa donlod Spotify yaa kk/bg,5,positif
kikir,1,negatif
banyak iklan terus biat milih lagu sendiri udah ga bisa,1,negatif
Pengalaman mendengarkan yang luar biasa (jika Berlangganan premium tentunya.).,5,positif
peak app🥹,5,positif
mau liat lirik aja harus premium,2,negatif
"bnyk bet iklannya tol, ngeselin lagi",1,negatif
iklannya woi kurang banyak😉,1,negatif
"dikasih bintang 1 pun tak pantas, ⅛ gas",1,negatif
kurang lengkap,2,negatif
sangat bagus untuk mendengar musik😘,5,positif
"jangan di download deh,makin hari makin banyak iklan nya,kikir banget,lagu nya 1 iklan nya sampe 3",1,negatif
kikir kocak iklan nya gak ngotak tau emang tauu harus premium tapi gak segitunya jugak sampe 6 iklan per lagu,1,negatif
"banyak iklan nya, iklan Nye lama bgt lgi",1,negatif
canduu banget laguu galauunyaa🫰🩷 dan aku tiba tiba bisa nyayii terus dilombain menang juara 2 omggg👉👈😘💋🥴,5,positif
"anjay lu lapar ye Spotify iklan 3 udah gumoh ini 4, mana tiap habis 2 lagu lagi, harga naik, laper lu?cimol mau cimol?",1,negatif
boikot,1,negatif
bagus karna bagus aja,5,positif
"Saya harap Spotify punya tool yang bisa screen lagu dengan ketentuan sesuai dengan pengguna. Misalkan, pengguna mencari beberapa lagu berdasarkan genre, putaran, maupun rating tertentu sesuai keinginan pengguna. Saya juga berharap spotify memberikan fitur rating untuk lagu-lagu yang tersedia.",4,positif
mikir aja bang iklan nya sekarang ada 4,1,negatif
"banyak bgt iklan nya, kebelet umroh kah?",1,negatif
update terbaru maksa banget untuk berlangganan .lebih baik pindah apk sebelah,1,negatif
not good🫩,1,negatif
"kikir bgt anjgggg, smphh ya allah 1 lagu 4 iklan allahuakbarrr ga worth it bgt jgn berharap premium dlu, dh yaa klo gni sytem nya",1,negatif
kikir,1,negatif
entah kenapa sekarang baru dengerin lagu ada 3 biji iklan trus abis slesai dengerin lagu selanjutnya ada lagi 4 iklan malah gitu trus setiap selesai dengerin lagu,1,negatif
"babi nya, dulu iklan cuman 2,dinaikin jadi 3.sekarang 4",2,negatif
maksudlu apa ajjg,1,negatif
anying iklannya sampai 6,1,negatif
هذا جميل حقاً، ماذا ستفعل أثناء نومك لاحقاً؟ enak banget mantap apa ada ada tempat ini bagus sekali,5,positif
kebelet kaya 1 lagu 2 iklan cuih,1,negatif
BOIKOT APK INI,1,negatif
Berkualitas Mantabbb,5,positif
boikot.,1,negatif
kebanyakan iklan!!!,1,negatif
"Knp setiap dngrin musik sering ada notif pilih lagu untuk diputar besok, gw ksh bintang 1 deh soalny notif ini ngeganggu gw dengerin musik",1,negatif
apk kakean iklan,1,negatif
mau dengarkan lagu malah di suruh bayar 😭,1,negatif
kikir bet lu. banyak kali iklannya. ini dengerin iklan apa lagu?,1,negatif
iklan mu sekarang dh ga ngotak,2,negatif
musik rock,5,positif
kikirrr bangett ajiggg,1,negatif
APLIKASI KIKIRR!!!,1,negatif
bintang satu asli banyak bgt iklann,1,negatif
apk kikir iklan gak ngotak,1,negatif
saat menggunakan apk nya sangat bagus dan di dalam apk ini berbeda sendiri dari apk lagu Lain nya di karena kan apk ini menjadi pusat tempat lagu lagu trend mau pun nostalgia jadi saya sangat setuju apa bila di tambah kan video yang pas dengan lagu yang berada di dalam apk ini😁🙏,5,positif
gwa uninstall karna boikot,1,negatif
bagus,5,positif
"Banyak iklan, sampe ada 4 iklan buat sekali jeda",1,negatif
mantap lagu enak semua,5,positif
boikot,1,negatif
semuanya premium gak ada yang gratis,1,negatif
apa gunanya bikin playlist kalo di acak².,2,negatif
aplkasi iya bagus cuman kurang di ikalan iya gila aja ikalan iya sampai 3-4,4,positif
saya sangat suka mendengarkan lagu dan semua lagu di aplikasi ini sangat lengkap!,5,positif
seru,5,positif
enakk bangett buat dengerin laguu,5,positif
👍🏽,1,negatif
"ya bagus sekali,bisa mendengar kan lagu untuk menemani bermain game atau pun tidur",5,positif
KIKIR APA APA IKLAN,1,negatif
lagu nya bagus dan asik,5,positif
mntp buat galau,5,positif
bgus sih tp iklanny bnyk+ky ngemis gitu,3,netral
kikir,1,negatif
maksa banget premium🗿,1,negatif
"banyak iklan,dibatesin ini itu, kikirrrrrrrr",1,negatif
kikir monet iklan mulu,1,negatif
"Sering keganti sendiri lagunya, kadang tiba-tiba lagunya keputer sendiri padahal gak buka nih aplikasi, aneh",1,negatif
"terlalu banyak iklan gasuka wkwk jd uninstall deh hahaha pindah apk sebelah. dzolim juga ya ni apk dah diboikot, iklan banyak, perbaiki ya tolong. Sebelum makin banyak pengguna yg rating buruk.",1,negatif
banyak iklan mpruy,1,negatif
Bagus,5,positif
mantap,5,positif
bagus banget.. semua lagu favorit gua ada di sini,4,positif
boikot,1,negatif
bagus,5,positif
"dulu iklan ga sebanyak ini, jangan kikir woi, iklan yang normal kek dulu cuman 1-3, sekarang sampe 6 ah gile",2,negatif
enak kalo mau dengerin lagu,5,positif
apk kikir ! anjj apaan baru dengerin lagu langsung ada iklan terus belum lama dengerin lagu ada ikan 5 biji kikirr Bett ini apk,4,positif
jangan download Spotify sekarang apk nya minta bayaran terus sama ada iklan setiap mau ganti lagu,1,negatif
"kadamg kadang ada lagu yang ga nampilin lirik, cih",1,negatif
iklan mlu,5,positif
"mau pindah lagu aja harus premium, padhal dulu fine fine ajaa gimana sihh makin sini makin ancur",1,negatif
saat saya sudah memutar musik lalu ke Roblox tiba tiba musik nya berhenti,2,negatif
bagus,4,positif
banyak banget iklannya gilak,1,negatif
"makin banyak iklan, kikir kikir",1,negatif
"Bagus aplikasinya, selebihnya tidak ada komentar.",5,positif
"overall bagus, CUMAN IKLANNYA PLS ADUH 😭😭😭 makin lama makin banyak iklan klo ga premium :(",4,positif
spotify keren,5,positif
BOIKOT!!,1,negatif
kikir iklan ada 4 sekarang trus suara lagunya di kecilin pas volume mentok iklan jadi kuat banget mau bantu keuangan barca ini mah,3,netral
kalo bisa iklan. nya di kurangi biar pengguna yg lain nyaman mendengarkan,5,positif
"Ekhem ""1 iklan dari 6"" :[",1,negatif
jelek,1,negatif
"iklanya makin ga ngotak, iyasi gratisan tapi mikir aka lah dengerin 1 musik iklanya 4 biji",1,negatif
BOIIKOOTTTTT BOIIKOOTTTTT WOYYYY💥💢,1,negatif
iklan nya udah ngk ngotak,1,negatif
"padahal aplikasi nya bagus tapi promosi buat beli akun premium nya keterlaluan sih bahkan ini sudah kaya pemaksaan, masa kalo aku mau putar lagu yg aku mau harus premium bukan hanya itu tapi jika aku sudah mendengarkan lagu 2 kali bakal muncul ikla 3 sampai 4 kali aku udah muak sama ini aplikasi mending aku ganti aplikasi",1,negatif
"mau berlangganan dipersulit, transaksi selalu gagal, tololnyaaa",1,negatif
"well, spoti makin hari makin baik performanya",5,positif
sumpah bagus banget dan gak ribet kalo iklan nya aku sih jarang,5,positif
jujur kikir banget jujur 🤣✌🏼,2,negatif
mantabb..musik merakyat,5,positif
"ADMINMM greget bgt ihh, KEBELET NAIK HAJI APA GIMANA SIEHHHH, iklan banyak bener, jan pelit"" 4 iklan loh setiap 2 lagu, mau aku kapak🪓?? aku titisan rayhan loh, jan banyak"" iklan ih, dengarkan suara rakyat kecil inihhhh",3,netral
bagus musik ya,5,positif
bagus banget aplikasi nya tapi bisa mengingat malalu yang tidak menyenangkan,5,positif
bagus,5,positif
"gasuka bgt sama updatean terbaru nya, soalnya gabisa milih lagu dari playlist sendiri tolong lah jangan seperti itu",3,netral
bagus gampang didengar,5,positif
bagus n keren sekali,5,positif
iklan bikin musik terputus,3,netral
good,5,positif
"sekarang iklannya lebih banyak dan lama, lumayan bikin kesel. iyasih nggak prem tapi dulu nggak sebanyak itu iklannya.",1,negatif
"bagus sih, tapi kebanyakan iklan dan premium nya n katanya isriwil ya?",3,netral
kikir,1,negatif
boikot,1,negatif
"aplikasi sampah masa apa apa harus premium, gasekalian aja search lagu harus premium biar pengguna nya kabur semua",5,positif
"jelekk banyak iklan, kebelet kaya",1,negatif
"Aplikasi musik kikir,dengerin lagu malah ada iklan,maksa orang buat beli yg premium,terus setiap ganti lagu ada aja iklannya,terus pemakaian dibatasi harus pake yg premium,kalo bikin aplikasi niat gak sih pelit amat,dikit2 maksa orang beli paket premium,giliran iklan malah nawarin paket premium sama aja ganggu orang dan maksa buat bayar,mana udah dukung isriwil lagi",2,negatif
menurut saya aplikasi ini udah bagus banyak pilihan lagunya juga jadi cocok buat yang lagi sedih atau galau putar lagu di sini,5,positif
hmm bgusss🙋🏻‍♀️,5,positif
Sangat bagus,5,positif
apk nya bagus tapi ada iklan aja sih. tapi bagus kok👐😍🤩🥰🤗,5,positif
"keren sih, suka pokoknya",5,positif
enk bgt di spotify dengerin lagu twnpa internet pun bisa di tambah lagu nya enk bgt trus kalo lupa judul tapi inget lirik nya bisa ketemu langsung rekomendasi bgt ke tmn,5,positif
saya suka sekali dengan spotify karna sya suka musik,5,positif
terlalu banyak iklan,1,negatif
"WEEEI APLIIKASI NYA BAGUS BGTT, intinya itu bagus, lagunya bermacam-macam, enak di dengar, tapi agak ada sedikit iklan, dan banyak lagu yang kusukai, sampe ketiduran🤭",5,positif
"mohon iklan nya dikurangi, setiap 2-3 lagu malah iklan dan iklannya banyak banget, 3-4 iklan premium💀 saya kasih bintang 5 supaya dibaca oleh dev",5,positif
sangat bagus,5,positif
"iklannya banyak banget gila, muter cuma 1 lagu tapi iklannya 4, over iklan anjay, perbaiki deh jangan mentang mentang ga pro dikasih iklannya bejibun🙇🏻‍♀️",1,negatif
fitur hifi nya skrg ok bgt bagi yg prioritaskan kualitas suara. gak kalah sama apk tetangga sebelah,5,positif
aplikasi kikir dengerin lagu aja ada batas nya,1,negatif
boikot ah,1,negatif
ini aplikasi kerja sama sama isriwil👎,1,negatif
"kere, iklan e akeh",2,negatif
bagus banget aku suka,5,positif
bisa menemani di segala kegiatan di mana pun berada... 👍👍👍👍👍👍,5,positif
ga cocok buat aku,1,negatif
banyakin lagi iklan nya plissssssssss,1,negatif
biasa aja,2,negatif
terlalu kikir,1,negatif
i don't like,1,negatif
sangat menghibur,5,positif
tok much advertisement,1,negatif
ok banvet,5,positif
spotify kikir,5,positif
eeeeeee bagus,5,positif
"bagus banget buat dengerin lagu, apalagi pas beres beres rumah sambil dengerin lagu di sportify cocok banget deh pokoknya",5,positif
saya suka saya suka,5,positif
excellent,5,positif
BOIKOT KECEWA AKU SAMA SPOTIFY 💔💔,1,negatif
bagus,1,negatif
"kebanyakan iklan ah kebelet haji ye lu , mana di batesin lagi makin kesini makin kesono",1,negatif
pls uninstall,1,negatif
cocok buanget buat setel lagu ml jadi bikin lebih semangat,5,positif
"iklan terlalu banyak bisa 3-4 udah gt milih lagu aja pake limit segala, dikit² premium,masalah utama menurutku si iklannya yang terlalu banyak",1,negatif
"kikir bngt sekarang ni apk, dikit' iklann mulu, mending pake gotube lebih enak",1,negatif
Mantap,5,positif
"aplikasi tolol masak baru 2 lagu udh iklan aja iklan nya juga gak sedikit,lagu yang di putar 2 iklan nya malah 4",1,negatif
bagus tapi maksa harus beli premium,4,positif
bagus tapi sering lagg dan tdk bisa msk lgi,3,netral
"tb² lagu fav ilang semua, padahal ada kuota ada wifi juga, pas dicoba satu² anyara wifi sama data ttp ga bisa, berarti bukan salah jaringannya dongg soalnya bagus semua sinyalnya",4,positif
"ter lalu banyak iklan, menguras kuota banget SKIP AJA!!",1,negatif
"ini app lumayan lah tpi yg malesin itu, pas mau klik lagu tiba² ad tulisan putar lagu untuk besok malesin bgt byk iklan pula tolong perbaiki lgi y🥀",3,netral
sangat cocok untuk saya,5,positif
boikot,1,negatif
terlalu banyak iklan 2 musik 4 iklan anj,1,negatif
karena bisa dengerin muratal,5,positif
cukup 4 bintang aj,4,positif
kikir,1,negatif
bayyy spotify🤭🤭 gw lebih milih joytify,1,negatif
"apk gaje, iklannya serenteng njirr watdehell noo",1,negatif
i dont like,1,negatif
gua lagi pasang lagi galau malah iklan anj!!,1,negatif
denger lagu nya bagus dan ada Sholawatan juga bagus lah pokok nya,5,positif
kikir,2,negatif
"app kikir, ganti lagu dikit iklan ganti lagu dikit iklan, mana dibatesin lagi mau pilih lagu apa, harus premium kh? kebelet haji keknya, apalagi iklannya ada 4, masing masing iklan 30-40 detik, keburu ga mood dengerin lagu gr2 iklan app kikir ini",1,negatif
gitulah.,1,negatif
banyak bgt iklan kikir,1,negatif
iklan sekarang ada 4 buset dah saya pengen nyetel dangdut jadi males,1,negatif
"enak banget buat dengerin lagu kalo lagi santai,mau tidur,atau lagi ngerjain tugas",5,positif
kebanyakan iklan,1,negatif
Aplikasi jelek,1,negatif
"makin lama makin kikir ni apk ngedewa dewain org make premium, ikhlan horror lah, skrg jadi 4 iklan 2 lagu wkwkwk",1,negatif
bagus,5,positif
iklan mulu,1,negatif
iklan nya tolong dong di dikitkan banyak sekali saya sampai 6 kalo gak 5 iklan tolong yah,3,netral
seru,5,positif
intii nyaa sukaa bngettt trs bgss,5,positif
terlalu banyak iklannnn,1,negatif
good,5,positif
aplikasi kikir anj baru puter 2 lagu iklannya 4x,1,negatif
anjay,4,positif
boikot,1,negatif
lu ngasih streaming musik apa streaming iklan sih? ga sekalian aja di tengah tengah lagu dikasih iklan juga.,1,negatif
iklan Mulu aplikasi kikirrr,1,negatif
JELEK,1,negatif
"aplikasinya bagus. tapi isinya iklan mulu, harus pake yang premium.",4,positif
2 lagu 5 iklan,1,negatif
bagus apk nya cuman banyak iklan sama iklan nya juga lama,3,netral
terlalu banyak iklan,2,negatif
"gw kasih bintang 2 aja karna makin kesini makin kikir ni orng, iklannya ditambah jadi 4 gelo kikir bener,gw tau gw player gratisan tapi sengganya respect dikit dong bang.",2,negatif
terlalu banyak iklan dan sangat terbatas untuk mendengar semua lagu,1,negatif
bangus,5,positif
sangat bagus,5,positif
sudah banyak iklan,2,negatif
mantab,4,positif
musik yang sangat mudah didengar,5,positif
"aplikasi kikir, percuma gw bikin playlist lagu kalau ujung-ujungnya bakal ke acak sama lagu-lagu lain mana sekarang iklannya bisa sampai 4-5 kali, maksa banget buat premium mending",1,negatif
sangat bagus dengan mudah kita bisa pilih lagu yg kita suka tanpa ribet top lah 👍👍,5,positif
kebanyakkan iklan..tapi saya suka dengan lagu lagunya,5,positif
Baru setelah 1 lagi langsung iklan 3 kali😂 jadi ga mod dengerin lagu lagi,1,negatif
trimakasih,5,positif
sangat cocok untuk dengar lagu,5,positif
mendukung pembantayan,1,negatif
BOIKOT,1,negatif
ga enak banyak iklan nya,3,netral
"asik sambil tidur jadi,kalau dengar musik kan handphone nya mau mati sendiri tuh kan tapi lagunya tetep main.apalagi kalau konser sendiri dikamar asik cuy",5,positif
luar biasa,4,positif
kikir,1,negatif
bagus,5,positif
"makin kesini makin rakus. iklan >1 menit, lama banget udah gitu kalo mau milih lagu yang diinginkan ada batasannya (terlalu dikit batasannya).",1,negatif
"banyak iklan tiba2, mau dibuat apa sih? donasi buat penjajahan?",1,negatif
kerennn,5,positif
enak cuman ada iklannya,5,positif
kikir bgt sampai 4 iklan,1,negatif
aplikasi nyaa sangat membantu dlm merileks kan pikiran yg lagi capek,5,positif
bnyk iklan,1,negatif
ya saya sukaaaa,5,positif
iklan banyak banget,1,negatif
karna kalo gue tidur smbl dnrn lg dr spotifay jd nyenyak,5,positif
👍,5,positif
"terlalu banyak iklan, masa baru mencet mulai aja langsung 3 - 5 iklan?? mikir dikit lah. atau baru 1 / 2 lagu langsung iklan. mending kalo iklan nya 1, 2 lah ini mah bisa sampe 5 iklan? masa iya setiap 2 - 3 lagu iklan nya 5?!",1,negatif
"Ini sih udah bagus dan enak tapi kalo aku setel lagu di koleksi ku pasti munculnya lagu random kayak lagu mexico, brazil, padahal aku gak selera setel lagu itu, tolong kalo nyetel lagu di koleksi setel dari awal sampai akhir ulangi",3,netral
iklan nya lama bangett jadi aku jarang denger lagu di spotify,4,positif
NGASI IKLAN NGOTAK DIKIT CO,1,negatif
mkn tuh iklan,1,negatif
aplikasi jelek,1,negatif
APLIKASI INI TERAFILIASI. masih banyak aplikasi musik player yg lain,1,negatif
👍👍👍👍👍,5,positif
"saya bisa mendengar kan musik, dan sedikit kikir, banyak iklan bjir",3,netral
bagussssssss bangetttttttttttttt😁🐣,5,positif
bagus dan lengkap semua lahu yang di ingin kan ada,5,positif
boikot,1,negatif
bnyk iklan males,1,negatif
iklannya aneh,1,negatif
apk kikir,1,negatif
bagus tapi kebanyakan iklan,4,positif
"iklannya banyak, iklannya itu-itu aj, masa durasi 1 iklan 30 detik, iklannya ada banyak jenis, baru aplikasi memasak untuk berlangganan",2,negatif
mantul,5,positif
kebanyakan iklan bijii,1,negatif
bisa mendengar semua lagu,5,positif
bagus kalo bs jgn ada iklan terimakasih,5,positif
lagu nya bagus bagus,5,positif
"iklannya makin banyak anjaii, keburu badmood;(",1,negatif
memuaskan mendengarkan musik tanpa iklan,5,positif
aplikasi ini sangat bagus👍,5,positif
"gak bener nih aplikasi, gua mau lagunya apa malah dikasih lagunya yang beda. mikir dikit lah",2,negatif
aplikasi kikir,1,negatif
banyak iklan 👎,1,negatif
Terimakasih sudah memberikan servis terbaik God Bless,5,positif
boikot,1,negatif
mungkin hilangkan sja iklan,5,positif
gak usah donload banyak iklan dan yg udah donload hapus aja owner sportify mau naik haji banyak iklan di suruh premium,1,negatif
sangat enak dan bagus saya sering denganr,5,positif
"tidak bisa putar lagu yang mau kita dengar,pas mau kita pencet lagu yang mau kita dengar malah keluar lagu yang lain",1,negatif
"ini kenapa ga bisa login ini, selalu kesalahan jaringan padahal kuota gua baru beli dah",1,negatif
"lagu nya enak"" good pokoknya",5,positif
"iklan kebanyakan, lama, ada 4,makan waktu sial",1,negatif
bagus sekali,5,positif
Boikot,1,negatif
Bagus secara menyeluruh,1,negatif
Makin kesini makin banyak Iklannya 😒,1,negatif
bagusss,5,positif
Saya suka dengar lagu,5,positif
"kikir ajg, 1 lagu 3 iklan",1,negatif
iklan terus,1,negatif
Sangat bagus tapi iklannya mengganggu,4,positif
sejauh ini bagus sii tapi makin sini makin banyak iklannya dan itu ga sekali dua kali. setiap muterin musik 1 sampe 2 kali pasti bakalan iklan dan itu lama banget.,3,netral
menarik,5,positif
"aplikasi banyak iklan, jelek, mending dengerin musik lewat apk lain, sangat tidak memuaskan.",1,negatif
apk kikir banyak iklan,1,negatif
"kapitalis, mending youtube premium",1,negatif
KAMU LAMA² JADI KIKIR,1,negatif
"terlalu banyak iklan sekarang, ada 4, jika mau menambah 4 iklan tolong durasi nya yang pendek 🙏 kenapa dipaksa premium?",1,negatif
widih ad berryallcat tuh😂😂☀️,5,positif
ssngat baik spotify saranya premium jangan mahal 🙏🙏🙏,5,positif
terlalu banyak iklan,2,negatif
enakan dulu nyesel update makin lama makin nambah kikir,2,negatif
"bnr kta orng di tiktok spotify kikir iklan sampe 5/6 gila aj mana ga bisa di skip, buang buang time jir 😒😹 baru juga nyetel 1 lagu udh iklan aj 😹",2,negatif
🤙🤙👍👍👍baguss bangett,5,positif
iklan lo bnyk amat vvk,1,negatif
"app kikir iklan bejibun fitur se uprit mana ada limitnya lagi buat pilih lagu, kebelet haji ?",1,negatif
bagus banget,5,positif
lagu nya enak dan bagus tapi iklan nya pas musik habis,5,positif
lama² 10 iklan denger lagi cuma 2,1,negatif
KEBANYAKAN IKLAH GA REKOMEN BANGETTTT.,1,negatif
boikot,1,negatif
bagus,5,positif
ntar lama lama 10 iklan 1 iklan nya 2menit wkwk,2,negatif
sangat membatu ketika lg mood lg g sportif,5,positif
"uda update malah g bisa dibuka,, koneksi jaringan gagal,, gt terus, uda uninstall, install ulang, hapus cache masih samaaa trus ini hub nya kemana cobaaa",1,negatif
aplikasinya ga bisa terus 'terjadi kesalahan' di suruh priksa koneksi padahal koneksinya ga bermasalah.,3,netral
boikot,1,negatif
"kebanyakan iklan, ga bnget",1,negatif
"iklannya setiap dateng langsung dua atau tiga, ini hitungannya juga sering bgt aelah",2,negatif
BOYKOOTTTTT,1,negatif
Selalu tulida *ada yang salah coba lagi*,1,negatif
"burik,",1,negatif
BOIKOT,1,negatif
kurang bsgus,1,negatif
"udah banyak iklan, diboykot lagi. hadehh",1,negatif
bagus bet min tapi jangan ada iklan gw jadi nya gaenak nge denger nya,5,positif
Bagus seklai,5,positif
ngak ngotak iklan dan harga premiumnya jirr,1,negatif
kebanyakan iklan,1,negatif
Punya banyak daftar lagu.,5,positif
👍,5,positif
goodbye spotify karena lu kerja sama dengan Hybe payola mulai sekarang gue bakal uninstall...,3,netral
nice,5,positif
"saya ambil paket premium 2bulan, tau2 bulan ke 2 sudah dipotong lagi pembayaran nya. Jangan suka berbohong ya spotify.",1,negatif
IKLAN NYA KEBANYAKAN WOI,3,netral
kebanyakan iklan njir,1,negatif
sukaa pokooo,5,positif
Mengapa saya tidak bisa mendownload aplikasi sepotify ini saya mohon izinkan saya untuk mendownload aplikasi ini,5,positif
sangat''' bagusss,5,positif
to much ads,1,negatif
keren,5,positif
coba buat premium yg 1 minggu aja klo bisa ga semua orang 30 hri buat muter lagu terus,3,netral
iklannya makin banyak,1,negatif
"cuih, boikot ges bintang 1",1,negatif
buruk,1,negatif
"enak banget pake spotify, walaupun sering kena iklan. kenapa saya kasih 2 bintang saja? karna sekarang untuk memilih lagu saja harus premium, mau skip lagu pun harus premium, saya mendapatkan musik yang sampai durasi 1 jam dan saya tidak bisa skip karna jika ingin skip harus premium, sungguh menyiksa :')",2,negatif
"Setiap memutar 1 lagu pasti selalu ada iklan buat memutarkan ke lagu berikut nya, waktu dari iklan nya juga lama -/+ 90 detik. mau member juga udah males lebih baik pindah haluan aja.",1,negatif
banyak iklan anj,1,negatif
PELITTT BANGETT,1,negatif
iklan jadi 4 skrg,4,positif
boikot,1,negatif
tolong iklan nya kok jadi banyak banget udh gitu 1 iklan panjang bgt lagi.,4,positif
boikot,1,negatif
akun gua kok tiba tiba di ban min,1,negatif
"butut, makin hari makin banyak iklan",1,negatif
kikir,1,negatif
iklan lebih banyak dari lagu,1,negatif
bagus,5,positif
"APAAN, KEBANYAKAN IKLAN, BOYKOT",1,negatif
lama lama iklan nya ngelunjak sumpah,1,negatif
asik,5,positif
boikot,1,negatif
huuu,1,negatif
"kalo ga prem iklan nya banyak banget mana jarak nya beberapa lagu doang, ini mah dengerin iklan bukan lagu",1,negatif
sangat seru,5,positif
bintang 1 karena boikot🗿,1,negatif
jangan banyak iklan,5,positif
"beberapa lagu fav ku udh bisa ku hafal, terimakasih spotify aku sangat suka aplikasi ini🤭",5,positif
IKALN NYA SAMPE 4,1,negatif
gokil,5,positif
bikin tenang,5,positif
kikir batt njirr,3,netral
"A very calm app!, aku suka banget dengerin lagu dari 2023 pake spotify, walau iklannya superrr nyebelin! kadang muncul pas ganti laguT-T... harus beli premium.... but whatever, I like this app! Love You spotify! ^_^",5,positif
sumpah 2 taun dari awalnya iklan cuma 1 tiba tiba aja sekarang udah 4-6 aja ni iklan,1,negatif
terlalu banyak iklan,3,netral
request : sehari cuma bisa putar 5 lagi tanpa premium,2,negatif
aplikasi sampah.,1,negatif
bagus,5,positif
"uda okee bangett,tapi mau ngasi saran tambahin riwayat putar lagunyaa.soalnya waktu aku denger musik awalnya dr playlist dan diputarnya acak, pas ke lagu selanjutnya kirain dari playlist ternyata lagu random dan semua lagunya enakk. pas aku mau dengerin lagunya ternyata bukan dari playlistt sumpah sakit hati karena cuma bisa satu kali dengerr lagunya. andai klo ada rincian riwayat terakhir putar lagunya pasti uda aku tambah-tambahin ke playlist.",5,positif
iklan nya 4 oy mles,1,negatif
BOIKOOTTT,1,negatif
lumayan 😁😁,4,positif
"Kenapa ya padahal saya dulu udah sering dengerin music disini memang si karna GK premium jadi ada iklan nya tapi itu gk jadi masalah saya,yg saya masalahkan kenapa sekarang saya dengerin music harus premium jadi GK bisa saya dengerin music lagi mending kalo harga nya di bawah 30rb an ini mahal lagi jadi kecewa sama Spotify.",2,negatif
"- min kenapa sekarang banyak iklan si, udahlah ganggu bgt iklanya baru stell 1/2 lagu langsung iklan kyk gitu trs iklanya juga banyak bgt bisa 4 jadi kalah sama lagunya tolongg ini ganggu bgtt - terus kalo lagunya udah kita hapus malah masih mutar harusnya ga usah lagi - nyalain yg lagi favorit Mlah nyasar lagu lain... gimana ini minn",3,netral
"makin hari makin kikir!ganti lagu aja harus premium,nanti suruh nafas harus premium juga?!hadehhh,emang ni aplikasi apa kurang banyak tu duit!!!.",1,negatif
"Aplikasi gaje, dah itu aja",1,negatif
aplikasih bagus 👍👍,5,positif
boikot💔,1,negatif
memak sa saya untuk berlangganan,1,negatif
"𝗶𝗸𝗹𝗮𝗻 𝗻𝘆𝗮 𝘁𝗲𝗿𝗹𝗮𝗹𝘂 𝗯𝗮𝗻𝘆𝗮𝗸, 𝗱𝗮𝗻 𝗵𝗮𝗿𝘂𝘀 𝗯𝗮𝘆𝗮𝗿",3,netral
Waktu login ff musik sportify nya mati tidak bisa mohon di perbaiki,2,negatif
terbaik,5,positif
kek bab*,1,negatif
iklan nya banyak banget kont,1,negatif
"kikir, serba premium, buruk, jdinya saya uninstall",1,negatif
"bagus,dgn biaya terjangkau,orang ngeliat biaya juga,dan Spotify juga berisi murottal",5,positif
enakeun,1,negatif
bagus,5,positif
kenapa kalau kita mendengarkan lagu harus bayar,1,negatif
Odah ok sih tapi mohon dikurangi iklannya ya🙏,3,netral
"jelek, ga rekomen",1,negatif
iklan tai,1,negatif
PREMIUM = KALAH,1,negatif
LUMAYAN BAGUS,5,positif
masih ada iklan,4,positif
lagu Duvet by boa Bagus 👍👍👍👍👍❤️,5,positif
"bagus cuma banyak iklannya ajaa, tolong kurangi ya . soalnya pas denger lagu jadi keganggu gegara iklan nya",3,netral
sedang boikot aplikasi.. nanti kalo nih app udh masuk list boikot ku ganti ratingnya,1,negatif
Sudah bagus tapi bikin kaya aplikasi sebelah ada liriknya,5,positif
dev kikir maksa bet premium jangan di download guys pindah ke joytify aja,1,negatif
mantap,5,positif
kecewa,1,negatif
"jangan download, Spotify support isriwil🤮",1,negatif
mantap,5,positif
"kelewat kikir, masa sehari cuma bisa pilih satu lagu yang mau kita putar, biasanya bisa lebih dari satu kali. Jadi terpaksa dengerin lagu random",1,negatif
boikott,1,negatif
sekarang saya lagi mendengarkan lagu tapi entah kenapa ketika saya ingin coba ganti lagu tidak bisa dan harus berlangganan Spotify premium standar tolong developer ini bug atau memang dari aplikasi nya langsung,1,negatif
gk suka banyak iklan + berbayar,1,negatif
aplikasi buat curhat,5,positif
Sampun becik pisan niki Bosqu...,5,positif
mantapp,5,positif
Memeng bagus tapi bagus di awal akhir nya di batesin ga bisa harus bayar kecewa,2,negatif
enak di dengar dan apa lagi denger lagu ultraman saga😮‍💨,5,positif
"kecewa, kok mlh support itu si.",1,negatif
baggus,5,positif
bagus sekali,5,positif
"kebelet umroh, dikit' premium kebanyakan iklan",1,negatif
Boikot,1,negatif
boikot,1,negatif
BOIKOT!!,1,negatif
awal yg baik,5,positif
aplikasi untuk sad sangat bagus dan berkualitas,5,positif
"tidak bebas saat ingin mendengarkan lagu,lagu yang ingin di dengar harus premium",1,negatif
gratis kok ada batasnya?,1,negatif
bagus sihh lengkap musik nya tapi itu lohh IKLAN NYAAA BANYAK BANGETT PLISSS LAHHH,1,negatif
"kebanyakan iklan, sama risih suka nyala sendiri",2,negatif
kebanyakan iklan,1,negatif
good,5,positif
sangat bagus,5,positif
"boikot, padahal kmu bagus lo, malah sama isriwil..",1,negatif
iklannya kurang banyak min,3,netral
iy ini mudah 😁✊🗿,5,positif
AKU SUKAA SPOTIFYY,5,positif
aplikasi nya bagus dan lagu² nya bikin tenang,5,positif
Bravo,5,positif
GASUKA😊,1,negatif
boikot Spotify,1,negatif
BOIKOTTT SPOTIFY,1,negatif
"app pro isriwil, pakyu",1,negatif
boikot kecewa,1,negatif
ini menurut ku bagusss,1,negatif
kikir of the year,5,positif
developernya kikir yah,1,negatif
enak sekali banyak pilihannya,5,positif
"bnyk iklan, kikir. kebelet naik haji ya?",2,negatif
boikot jir😂,1,negatif
bentar lagi 10 iklan,2,negatif
good,5,positif
kikir,2,negatif
baik tapi sering iklan pas dengerin 2 lagu malah iklan,5,positif
banyak iklan kalah sama yt musik,1,negatif
awesome,5,positif
karena asik² lagu nya,5,positif
boikot,1,negatif
spotify nemenin aku kalo aku kesepian,4,positif
"boikot lah jir, aplgi",1,negatif
👍👍👍👍👍👍,5,positif
aplikasi kikir,1,negatif
MANTAP BANGET UNTUK ORANG JAWA,5,positif
Akhir² ni banyak bgtt iklannya. Lagi cari dana buat war kah wkwk Sebagai pengguna lamaa sangat disayangkan. bye bye,1,negatif
banyak bet iklan,1,negatif
iklan mulu,1,negatif
"jewstify,tiap selasai denger satu lagu langsung iklan 2 biji",1,negatif
"sekarang lebih banyak iklannya, mana makin mahal. dulu better lah ikan 1 atau 2, lah sekarang ni aplikasi makin kikir! emg pantes buat di boikot si",1,negatif
aku suka aplikasi karena aku suka dengerin musik,5,positif
terlalu banyak iklan aplikasi kikir,1,negatif
coba lagi mulu,1,negatif
"makin lama iklan nya makin bnyk ya... tadinya satu nambah jadi dua, trus nambah jadi tiga... nah ini nambah lagi jadi empat. Ga sekalian iklannya sepuluh min? gini amat jadi user gratisan.",2,negatif
iklan kebanyakan laper yaa?,1,negatif
jelek ampas,1,negatif
terjadi kesalahan terus saat daftar paket student,2,negatif
sangat bagus sangat recomendet,5,positif
"terimakasih Spotify sudah memberikan saya musik banyak dan gratis, saya kasih bintang 5 ya🤗",5,positif
"apa apaan banget masak milih lagu sama ngelewatin dikasi jatah, dikit-dikit iklan itu pun sampe 2-3",1,negatif
maksa banget disuruh beli,1,negatif
jelek.,1,negatif
Sangat Cocok Untuk Dimana Saja Dan Kapan Saja,5,positif
iklan lo noh kikiirr,1,negatif
iklan nya kutangin,5,positif
good,5,positif
iklan trosss,1,negatif
BOIKOT,1,negatif
Aplikasi yang harus wajib banget beli premium nya karna kalo nggak banyak banget iklan terus dengerin musik juga terbatas,1,negatif
enak banget makasih udah bikin Spotify,5,positif
bagus,5,positif
boikot,1,negatif
bagus banget,5,positif
bagus,5,positif
👍🏼👍🏼👍🏼👍🏼👍🏼,5,positif
banyak iklan nya,1,negatif
"aplikasi kikir, kalo ada fitur tanpa bintang psti gua pilih, gua ga rela ngasih bintang walau cuma 1 cuh",1,negatif
"aplikasi nya bagus dan suaranya jernih , cuma kurang soalnya ada batas pilih lagu sendiri",4,positif
"terimakasih Spotify,aku bisa mencari lagi yang aku dulu suka dengarkan tapi tidak tahu judulnya, dengan rekomendasi Spotify,aku bisa mendengarkan lagi lagu yang dicari-cari, terimakasih Spotify 👍",5,positif
boikot,1,negatif
kualitas buruk banyk iklan nya,1,negatif
bnyak iklan,1,negatif
apk kikir,1,negatif
"kikir bgt jir skrg iklan nya 4, kebelet haji lu😹",1,negatif
jelek,1,negatif
"sebenernya aplikasi nya udh bagus bgt,semua lagu gratis dan bisa putar lagu di latar belakang gratis ,tapi kok makin lama makin kikir ya apk nya,mulai dari iklan nya makin banyak,ditambah lagi milih lagu gak bisa bebas sekarang,maksimal cuma 5 lagu lagi kalo mau pilih setiap hari nya,kebelet naik haji kah?😹,padahal dulu milih lagu bisa bebas kapan pun sebanyak apa pun,ya kalo cuma iklan nya yang dibanyakin boleh lah,ini milih lagunya juga dibatasin woi lah,jadi gak ada enak nya dah,kecewa berat",4,positif
boikot guys pindah ke joytify,5,positif
thank sportify saya jadi bisa dgr khotbah Ps Berry gembala saya diplatform ini..,5,positif
boikot.,1,negatif
kikir,1,negatif
baguss,5,positif
Terlalu Busuk Sampai Sulit tuk dijelaskan,1,negatif
aplikasi baik saya nya saja yang jahat,1,negatif
- IQ,1,negatif
banyak iklan juga semua serba premium.,1,negatif
bagus banget suka banget lagunya bagus semua and the best,5,positif
KONT#L PADAHAL SANDI BENNER,1,negatif
BOIKOT SPOTIFY,1,negatif
"kebanyakan iklan, ga cocok buat saya.",1,negatif
boikot anyinggg uninstall guys mana apa apa prem lagi 😹😹😹😹😹,1,negatif
seru,5,positif
itu iklan apa drama cina? panjang bener,1,negatif
bagus,5,positif
"mengecewakan, kita harus suruh bayar terus juga setiap mau dengarin lagu malah dibatasin ga guna banget ni Spotify—!!",1,negatif
cocok buat orang yg hobi dengar lagu,5,positif
boikot spotify,3,netral
bagus aplikasinya,5,positif
"aplikasi pelit,banyak iklan tapi gw suka",3,netral
semakin lama semakin kikir ni apk iklan nya sampai 4 maksa banget,1,negatif
aplikasi nya bagus sekali 😁😁😍😍,5,positif
"terimakasih, aplikasi yang sangat baik",5,positif
THE BEST MUSIC PLAYER EVER !!!,5,positif
Aku sangat suka,5,positif
jelek,1,negatif
makin sini makin banyak iklan woilah😹kembalikan kaya kemaren,3,netral
sangat jelek,1,negatif
"kebanyakan iklan busettt, iklannya sampe 4 lagi",1,negatif
"sampe kapanpun ga bakal premium, apalagi dengan cara mengiklankan kaya gitu, dasar aplikasi kikir",3,netral
awalnya aku gak ngerti musik pas ada ini langsung suka musik/lagu,5,positif
seharusnya iklan nya bikin 20 lebih biar enak di dengar ya jeng,1,negatif
kikir bet lu iklan banyak bet,1,negatif
"aplikasinya udah bagus, lagunya jernih, dan iklannya ga terlalu banyak. tapi saat saya mau log in ke akun saya yang lama mengapa tidak bisa ya? pas mau masuk saya malah disuru buat akun baru. mungkin bagian itu perlu diperbaiki agar saya dapat masuk ke akun Spotify saya yang lama. terima kasih",4,positif
ini kenapa ya playlist saya lagunya berkurang banyak padahal susah ngumpulinnya loh,1,negatif
masa milih lagi sesuai dengan apa yg kita mau aja hari pake Spotify premium,3,netral
gokil,1,negatif
gasuka,1,negatif
👎,1,negatif
mantapppp,5,positif
penyepong isriwil aplikasi pay to win banyak iklan,1,negatif
suka apk ny,4,positif
very good,5,positif
"KIKIRRRRR, masa 1 lagu dpt 3 iklan Jing? serius kebelet haji Tah? mana klo milih lagu di batasin jir ealahhh males bgtt",1,negatif
"bagus si, tpi termasuk boykot",3,netral
Bagus baet,1,negatif
bagus banget,5,positif
JELEK BAGETTT,1,negatif
baguss pokoknya tapi kebanyakan iklan,5,positif
apk ter laper iklan ny sampe 3 nying,1,negatif
Good deh,5,positif
bnyak iklan domba,1,negatif
bagus,5,positif
kalo ngasih iklan kira kira aj lah,1,negatif
bagus,5,positif
terlalu banyak iklan. developer pelit,1,negatif
banyak iklan,1,negatif
kurang banyak iklannya 🙏,1,negatif
"suaranya jernih,mantul👍",5,positif
"aplikasi musik tanpa iklan, the best pokoknya 🤗🤗",5,positif
kikirrrr banget lu,1,negatif
Musik & Audio Terbaik 😇,5,positif
Itu iklan apa nomer paslon ganjar mahfud,1,negatif
heh spotify kamu aplikasi buat dengerin lagu apa iklan sih? baru putar 1 lagu iklannya 4x. mau bikin aplikasi dengerin musik apa dengetin iklan? 👎,1,negatif
"apk paling kikir sebelum capcut, mendingan soundcloud (iya ya wong, gw bokek banget 🥺😂🤭)",1,negatif
kebanyakan iklan,1,negatif
"bagus ya baguss coy tapii iklan ny itu lo coy kebanyakan? udh gitu dikit dikit iklan Lg, kalo cuma satu iklan nya ya gpp lh yh coy lah ini sampe 3 coy udah gitu coy pas mau nyetel lagu yang ini coy eh malah kesetel lagu itu coy terus coy lagu nya mlh diputer acak padahal gaada di playlist coy. ini gimana yh coy cape banget, niatnya pengen dengerin lagu ke Spotify eh malah dengerin iklan coy. tolong yh coy iklan ny kurangin dikit gitu atw gimna kek coy😭💔💔😢😢🥺🥺🥀🥀💔💔🫂💔💔💔🤬🤬🤬💔💔😢💔",3,netral
"kikir, iklaan nambah jadi 4 bos",1,negatif
Ini knp ya kok Spotify sy suka ga muncul lirik nya?,2,negatif
banyak iklan,1,negatif
"makin kesini iklan makin bejibun, kikir btw",1,negatif
"najis, tiap denger 2 lagu langsung iklan. mending klw iklan nya sebentar, lah ini lama bgt jing.",1,negatif
"bagus sih, lagu2 nya terupdate.. TAPI udah pakai premium, kok masih muncul iklan ya ... padahal pakai premium untuk menghindari iklan.. bahkan sudah offline pun iklan masih muncul 🙂‍↕️",4,positif
buruk + banyak iklan,1,negatif
mantap,5,positif
bagus lagu yan enak sekali,5,positif
sekali nya iklan banyak,1,negatif
mantap pokok nya,5,positif
untuk apk nya sudah bagus tapi tolong jangan di batasi dong kaya batas pemutar atau apa lah itu soalnya kalau udh batas susah harus milih lagu lagi buat tidur,4,positif
sangat bagus,5,positif
"izin ya min, soalnya iklannya banyak bnget,denger 2 lagu iklan nya 3,kek gitu trus, orang mau sad keganggu iklan jadi mohon di perbaik in min TOLONG DENGERIN MIN KAMI CAPEK BANYAK IKLAN! 🙏",1,negatif
kebelet naik haji,1,negatif
easy to use,5,positif
saya pendengar setia Spotify dari 2015-16. tapi makin kesini makin banyak iklan buat non premium bahkan sampe 4 kali setiap ganti lagu. saya harap bisa diperkurang iklannya,3,netral
"APK KIKIR, KEBELET HAJI LU?",1,negatif
bagus poko na mh,5,positif
iklan iklannya makin parah satu lagu satu iklan 🥲,3,netral
mantap buat maen game,5,positif
bagus,4,positif
tdk bisa putar klo offline jd kembangkan lg spya bisa dipakai meskipun offline,3,netral
APK KIKIRNYA KEBANGETAN,1,negatif
seruuu,3,netral
ngebet kaya bat dah,1,negatif
gasuka,1,negatif
ke banyakan iklan lolll,1,negatif
"Bagus , saya suka karena lagunya lengkap . Namun, mungkin bisa dikurangi iklan dan batas memilih lagu",5,positif
"tolonglah yg punya ini aplikasi kalo yg gratisan kasih milih lagu lebih banyaklah, saya baru 2-3 kali ganti lagu, eh malah yg berikutnya harus bayar premium",1,negatif
makin sini makin banyak iklan. smpe 4 syalan,1,negatif
bagus bangetttt,5,positif
"Sebenernya ini apknya udh bagus dn fiturnya lengkap,cuma ky iklannya bnyk bgt gila, baru denger 2-3 lagu langsung di spam iklan bnyk, dn kaya bwt milih dn dengerin lagu bebas aj ada batasnya, tolong perbaiki ya kurangin iklannya",4,positif
"padahal sinya bagus, tapi muat ulang terus, tolong diperbaiki lagi ya",1,negatif
kebanyakan iklan buset kikir bngt ma lagu mau naik haji lah,1,negatif
"KEBANYAKAN IKLAN SAMPE 4 KALI, BARU AJA DENGERIN 2 MUSIK UDAA IKLAN LAGI MANA LAMA,KIKIR BANGET NI APK",1,negatif
iklan lu 4 anj,1,negatif
iklan nya banyak + tambah menganggu aktifitas + klo mau beli premium mahal banget saya tidak rekomendasi sama spotify premium karna mahal kegunaan nya kurang penting juga,1,negatif
gw lagi diem mau nyetel lagu malah yang kesetel Rex orange county lalu muncul lagu namanya happiness sama best friend Ama television gw setel dong gw kirain lagu happi amam kagak sad malah jadi lagu sadness ini lagu apa pisau mas Rex dasar penipuan lagu katanya happy malah berujung jadi sadness...,5,positif
"singkat saja, iklannya makin banyak",1,negatif
kurang bagus karna nasuruh ki bayar,3,netral
lumayan,5,positif
"Kikir aja terus, dari milih lagu pake premium segala. Lama-lama kalo kaya gini terus buka spotify juga harus bayar, kikir kikir.",1,negatif
"banyak iklan, pilih lagu di batesin ketauan banget butuh uang nya apk udah besar",1,negatif
jelek,1,negatif
"gak sekalian iklan 5 biji masing"" 1 jam apk sampahhh.",1,negatif
banyak iklan ga suka,1,negatif
kalo bisa iklan 1 atau 2 jam sekali kalo kebanyakan agak kurang bisa menikmati apalagi gak semua orang bisa beli akun premium walaupun murah cari duit tu juga susah,3,netral
lagu yg menarik,5,positif
"yang bener ajalah baru nyetel 1 lagu langsung 4 iklan mana durasinya lama bgt, sering begitu pula",1,negatif
"apk nya bagus, cuman terlalu kikir. denger lagu 3-5 abistu langsung iklan 90 detik. Youtube aja video 15-20 menit paling iklan cuman 10-20 detik (2-4x). Nih aplikasi the real KIKIR. sekarang makin kikir, 2 lagu 4 iklan. Iklannya pun sampah semua",2,negatif
bagood,5,positif
"katanya tanpa iklan, masih juga ada iklan, sama aja kayak youtube",1,negatif
lebih banyak iklan daripada yg dulu,1,negatif
makinn banyakk iklan,1,negatif
kebanyakan iklan lolll,1,negatif
sangat baguss,5,positif
terlalu banyak iklan,1,negatif
"apk nya bagus, dan semua lagi ada di sini, tapi iklannya terlalu banyak, plis banget ini mah di kurangin iklan nya",3,netral
aplikasi pemutar musik paling 👎👎👎,1,negatif
IKLAN TERLALU LAMA!!,1,negatif
sangat suka dengan lagu yang tersedia walaupun sering bermunculan iklan setelah memutar lagu,2,negatif
woy iklan nya dikit aja masa baru dua lagu tiba' iklan ada 4 lagi mentang' gw gratis,1,negatif
belum tersaingi,5,positif
"aku kasih bintang⭐ 5⃣ karena lagu lagu di sini kren, dan bagus bagus cocok buat orang yang lagi bersih bersih ingin dengar lagu, tapii iklan nya di kurangi yaaa😊",5,positif
"kurang banyak iklan nya,mendengarkan iklan sampe muak.kecam itu",1,negatif
aku gamau pake ini dulu,1,negatif
pengalaman buruk,1,negatif
Everything is very complete with songs that I like.,5,positif
bagus banget😘😘,5,positif
kebanyakan iklan,1,negatif
kikir bngt ngtd,1,negatif
banyak iklan,1,negatif
TOLONG KALO NGASI IKLAN YG NGOTAK DIKIT BANYAK IKLAN UDH GITU PREMIUM NYA MAHAL MAHAL LAGI KALO MAU NAIK HAJI BARENG BARENG AJA,1,negatif
banyak iklan,1,negatif
"Sekarang Aplikasinya sangat tidak menarik, ketika awal memakai Aplikasi ini, saya sempat merasa senang tetapi setelah beberapa tahun memakai aplikasi ini, ternyata semakin lama semakin banyak minusnya, dulu masih bisa download lagu walau belum premium, sekarang sudah tidak bisa, coba beli yang premium, sempat bisa download lagu tapi setelah habis premium lagu nya otomatis hilang, setalah itu, saat dengar lagu, Lebih banyak iklan di banding lagu,1 lagu setalah itu 3 iklan,makin lama makin buruk!!",1,negatif
bagus tapi tolong durasi iklan dikurangi,5,positif
"woi monyet kenapa sekarang jadi gini sih, kebelet haji lu",1,negatif
keren,5,positif
apk kikir goblog mana iklannya 4 sekarang dasar apk kikir,1,negatif
aplikasi kikir gw nonton 2 lagu tapi iklan nya 4 biji dasar aplikasi kikir,1,negatif
Banyak bet iklan,1,negatif
sangat bagus,5,positif
burik iklan Mulu,1,negatif
"IKLAN KEBANYAKAN MAS, KALO 1-2 MASIH TOLERAN LAH INI 4-5, OTAK DI PAKE",1,negatif
"kebanyakan iklan, kadang smpe 4 kali iklannya.",1,negatif
kikir bet,1,negatif
ad lu kebanyakan,1,negatif
lagu ini asik,5,positif
sangat bagus.,5,positif
banyak iklannya maksa bgt buat premium,1,negatif
"banyakin iklan nya, lamain lagi iklannya gua hapus kan, apk pea, iklan lama, iklan mulu maksa banget orang"" premium",1,negatif
makin lama makin kikir udh kebanyakan iklan berasa dengerin iklan bukan lagu,1,negatif
Iklan banyak sekali,1,negatif
spotufy kikir kalo sekarang,1,negatif
tolol,1,negatif
"kikir bet cok, iklan makin banyak kayak pajak, minimal 3-2 aja lah",2,negatif
"segitunya banget sama pengguna free. baru satu lagu diputar iklannya minimal ada 2, lagi dan lagi . begitu aja terus . yang gilanya lagi sekarang pilih lagu yang mau di denger aj dibatasi 🤣🤣🤣",1,negatif
up to date,5,positif
"Terlalu banyak iklan sekalinya habis premium iklan bisa sampai 6 menit 4 buah iklan, pilihan premium gak terlalu banyak, malahan sebenarnya sama aja, udah make dari zaman sekolah, susah move on karena list musik nya terlalu lengkap, tapi berharap aja kurangin iklan, dan kurangin jeda buat skip lagu, harus lewatin banyak lagu buat skip lagi gak sesuai kayak kita lewatin lagunya",1,negatif
mlz ah bnyk iklan ngeleg lagi pas iklan,1,negatif
mantap,5,positif
aplikasi kikir,1,negatif
bagus sangat senang,5,positif
APLIKASI KIKIR DISPAM IKLAN 4 KALI GAK ADA OTAK KALIAN KIKIR,1,negatif
"aplikasi ini sangat buruk dan tidak baik untuk anak anak,bukan nya denger musik malah dengerin iklan dan iklan nya itu iklan kondom",2,negatif
Najissss Ngemis iklan cuhhh!!!!,1,negatif
ikan nya banyak bgtt😭 mana lagu yg keputer juga bbrp lagu doang abis itu iklan 4x.. not bad but not good,3,netral
kecewa berat🥀,1,negatif
"sangat bagus, tapi tolong kembali kan spotify yang dlu gak ada iklannya dan bisaa di download lagii",5,positif
kalo mau nyetel musik yang popular harus premium,3,netral
mantap,1,negatif
banyak iklan,1,negatif
"maksa premium mulu anjir,jadi males gue",2,negatif
kikir masa serba harus premium,1,negatif
"iklan lu bener bener banyak ga ngotak, apa? mau bilang ""makanya premium"" basi mas ga semua orang mampu beli premium lu, beberapa milih beli nasi padang",1,negatif
kebanyakan iklan,1,negatif
sangat bagus,4,positif
"udah gua hapus,iklan bejibun",1,negatif
kikir,1,negatif
ini bagus banget aku suka sekali 👍😎 💯,5,positif
makin banyak iklannya. sekali muncul iklan 1 of 3,1,negatif
terlalu banyak iklan,1,negatif
"jelek banyak iklan nya, dukung isriwil lagi",1,negatif
bagus,5,positif
aplikasi kikir,1,negatif
Aplikasi kikir!!!,1,negatif
jelek,1,negatif
Suka banget sama aplikasi ini pokoknya love banget ❤❤,5,positif
Aplikasi kikir,1,negatif
tidak mau make lagi ngebela isriwil,1,negatif
"mau milih lagu pun harus berbayar, gilaa sihh.",2,negatif
mantapp,5,positif
iklan Mulu g wort in,1,negatif
sangat Bagus 😽😽,5,positif
ya bagus aja,5,positif
iklan nya makin ga ngotak,1,negatif
dengerin musik pas lagi tidur enak bener,5,positif
likeee itt,5,positif
"maksa banget buat premium,udh denger iklan pun ttep ga bisa pilih lagu hadeuh,ga cukup kah 3 kali iklan?malah di tambah 4",1,negatif
kalau main permainan musiknya suka ilang,3,netral
terlalu panjang durasi iklan nya,1,negatif
kikir banyak iklan,1,negatif
kikir,1,negatif
aplikasi ini sangat bermanfaat di waktu senggang apalagi lagu kpop yg plg aku sukaaaaaaaa bgtttt,5,positif
"Apa coba skrg tiap milih lagu dibatesin sampe nunggu besok mentang² ga berlangganan, yaa kalo denger iklan masih maklum dah, ini udah iklannya bejibun, mau milih lagu aja dibatesin. fix kebanyakan orang pasti bakal uninstall. makan tuh maruk untung. kikir.",1,negatif
aplikasi ini bagusssss,5,positif
"jujur aja bagus sih fitur²nya dll tapi buat yg blm kerja atau pelajar yg blm punya uang ini apk kikir banget anjir, sorry to say",3,netral
bnyk iklan.,1,negatif
kemahalan 👎,1,negatif
nanti iklannya tambah aja 100/lagu ya,1,negatif
BANYAK BANGET IKLAAAANNNNN,1,negatif
aplikasi kikir iklan mulu kebelet haji lu?,1,negatif
bagusss,4,positif
"Music offline nya tdk bisa , bisa nya ke premium, jadi sdh saya delete , payah.",1,negatif
"kebanyakan iklan, dikit dikit disuruh premium apalah mau sebanyak apapun iklannya kalo gak mau mending uninstal",1,negatif
ini kenapa dikit dikit premium si,1,negatif
malas,1,negatif
"dikit dikit iklan, najis mana iklan nya kadang bisa sampe 3 atau 4, jijik",1,negatif
"gue gak masalah dengan iklan, tapi volume nya gausah tiba-tiba tinggi sendiri bisa ga sih? denger lagu pekan tiba-tiba suara iklan menggelegar banget",2,negatif
bagus dan bisa di matikan layar nya,5,positif
apk kikir,1,negatif
mantap,5,positif
bagus sperti ketemu sama musisnya hehe,5,positif
"cukup satu bintang aja, empatnya iklan 😂",1,negatif
iklan banyak poll,1,negatif
terimakasih,1,negatif
Gila makin sini makin banyak iklannya njirlah mending pake apk sebelah,1,negatif
lagu nya bagus bagus dan enak enak,5,positif
"iklan lu banyak, mau dengar music bukan rony parulian",1,negatif
hrs dkung iran.,1,negatif
kikir banyak iklan,1,negatif
Keren....,5,positif
"aplikasi nya gaje anjr , kan gw pencet musik eh terus GK bisa malah di suruh premium eh pas gw pencet musik lain sama aj malah di suruh premium , padahal kemarin gw dengerin lagu nya GK disuruh premium tuh",1,negatif
"jelek, iklan Mulu.",1,negatif
apaan bngt skrng iklannya Uda 4-5,1,negatif
knp mesti ad fitur dibatasi??,1,negatif
enak aplikasinya. bisa di andelin banget,5,positif
minus di iklannya aja sih kurangin aj iklannya,4,positif
banyak iklannya,3,netral
kikir,1,negatif
"apk kikir, dulu ga kaya gini",1,negatif
iklan 4🥰,1,negatif
banyak iklan,1,negatif
terlalu banyak iklan,1,negatif
"KEBANYAKAN IKLAN, 2 LAGU 4 IKLAN KIKIR",1,negatif
"sering lag, iklan banyak",1,negatif
"Iklannya gila-gilaan, yang bener aja 4 iklan berturut-turut",1,negatif
iklan kebanyakan,1,negatif
apaan ini akhir akhir ini agak kecewa karna setiap dengerin satu lagu pasti iklan dan iklan nya sekaligus 3,3,netral
"apk apaan ini, sudah banyak iklan, habis itu maksa banget di suruh pake spotify premium, jdi lagunya ga bisa di puter, apalah spotify, kalo minta pindah ke premium gausah maksa lah",1,negatif
"Saat memutar suara saat bermain game kadang ada gangguan suara seperti suara ""mesin cukur"" dan juga lambat loadingnya. lalu juga untuk suaranya kurang stabil dan tidak terlalu detail untuk menggunakan kuota terpakai yang sangat tinggi!",3,netral
tidak menyenangkan,1,negatif
"haloo spotifyy thank you bngt udah nyiptain aplikasi yang bisa buat nemenin aku pas lagii belajaar, sebelumnyaa aku minta maaf buat sebanyak banyaknya tapi dengan keputusan yang berat aku harus hapus spotify akuu, jujur sedih bngt tapi aku sayang sama dan kasihan sama saudara muslim aku yang di negara iran, makasihh bngt udah nemenin 4 tahun dan banyak update update yang seru... tapi semuanya berubah pas aku tau ternyata spotify di boikot intinya maksih bngt buat Spotify see you next time🙁👋🏼",5,positif
"banyak iklan, premium mahal",1,negatif
"pembatasan memilih lagu per harinya , BIG NO BGT SIH",1,negatif
"udah kikir, pro isriwil lgi",1,negatif
aplikasi kikir,1,negatif
bagus banget,5,positif
kikir,1,negatif
saya suka aplikasi ini karena lagu nya sangat pas apa yang di putar sama lagu kesukaan saya,5,positif
ini kok gak bisa di ganti pw nya ya?,1,negatif
sebenarnya aplikasi nya sudah bagus tapi terlalu banyak iklan dan premium tolong didikitin iklan nya ya,4,positif
sponsor mulu,1,negatif
kikir amat bangke,1,negatif
kikir,1,negatif
bisa dengerin juga pas main game gila bagus banget tapi masih beberapa lagu yang kagak Masuk di ap inibkenapa ya,5,positif
iklan tok celek,1,negatif
kebanyakan iklan nya,1,negatif
sangat bagus karena bisa mendengarkan musik dengan nyaman,5,positif
"fitur nya bagus, lucu juga.. yg paling gua benci iklan nya udh mulai banyak, dulu gua pasang lagu ampe 5 kali gapapa, lah ini setiap 2 atau 3 lagu udh iklan, iklan nya mana 3 kali, sekali iklan 30 detik ajg. udh beda banget jaya dulu, gua ganti bintang ke 2, i mean pls lahya jan banyakin iklan nya, dikit2 iklan, dikit2 iklan.. fuh you mean? jadi gatenang gua denger lagu, bukan nya gua marah karena gamampu beli prem, ya pikir aja lah, iklan sebanyak itu anjr padahal dlu iklan nya skali doang cok?",2,negatif
kurang banyak iklan nya sialan,1,negatif
seru bgt sambil main game denger musik dan bisa di pakai untuk kegiatan lain,5,positif
sorry tapi selama ini gua emg g pernah tertarik sama lu,1,negatif
Aku Suka Mendengar Kan Lagu Lagu Di Spotify,5,positif
aplikasi ini banyak iklan membuat pengglama mendengar jadi jelek🤬😡,1,negatif
Kadang suka eror musiknya jadi 2 suara,1,negatif
gak bisa milih lagu sendiri harus bayar,1,negatif
"pelit, kebanyakan iklan, dibatasi",1,negatif
dasar apk kikir iklan nya makin lama makin banyak aja mau naik haji lo,1,negatif
enak bet lagunya di spotify,5,positif
iklan nya terlalu banyak,1,negatif
kebanyakan iklan,1,negatif
keren,5,positif
banyak iklan masa baru 2 lagu udh kena 4 iklan astaga aplikasi kikir jir,1,negatif
bnyk na iklan,1,negatif
"iklan nya monyet bet anying 4 lu bayangin lu dengerin iklan 2 menit lol , kikir bet kalo mau gak ada iklan harus bayar premium mahal bet, nih ya mending kalian download di mod apk hp beuhh jir no iklan enak, daripada yang disini kikir watepwakemen",1,negatif
"Terlalu banyak iklan, jangan kikir. Udah itu aja.",1,negatif
kok di gw kalau mau pilih lagu yg sesuai dengan yg diinginkan harus premium dulu sih?,1,negatif
iklannya kurangin dong oon jangan malah ditambahin,1,negatif
kebanyakan iklan kebelet haji yah?,1,negatif
"udah kikir, sufflenya tolol juga, mainin dari playlist malah kasi rekomendasi artist lain bego",1,negatif
maksa kudu premium wae🤬,1,negatif
kikir,1,negatif
"asyiek, seruu, enjoy it semua jenis lagu ada....",5,positif
"bnyak iklan nga jlas, nga sesuai",1,negatif
lagu enak,5,positif
"bagus banget cuma kebanyakan iklan, dikit dikit iklan dikit dikit iklan, muak aku",2,negatif
sangat bagus,5,positif
"aplikasinya sih udah bagus ya..tapi tolong dikasih lirik latinnya,kayak misalnya sy lagi liat lirik lagu di Spotify terus ada lirik bahasa Korea,kan kebanyakan susah dibaca..jadi tolong ditambah lirik latinnya ya..(hanya saran)🙏🙏😅",5,positif
"iklan kikir, 4 of 4 bro that's crazy, no I will never lose to your ads.",1,negatif
iklan nya 4 biji. gila,1,negatif
"kenapa sekarang makin banyak iklannya walaupun tidak premium, padahal sebelumnya jarang muncul.sekarang malah banyak",1,negatif
apa-apaan 3 iklan untuk 2 music?,1,negatif
music ny enak enak bisa tinggal pilih,5,positif
"makin lama iklas makin banyak dan saya baru putar 1-2 lagu udah iklan berkali kali, maksa banget orang buat premium, sekalian aja 10x iklan tiap lagu",1,negatif
jelek,1,negatif
kikirrrr😡,1,negatif
mantap!!!,5,positif
iklan ga masuk akal,1,negatif
sejauh ini saya puas...,5,positif
iklannya byk bgt jir,3,netral
"kikir amat, kebelit haji apa gimana, heran bet",1,negatif
KIKIR BENED JIR RU DGR 2 LAGU DH 5 IKLAN AJE,1,negatif
ytta,1,negatif
saya sangat suka apk ini,5,positif
kikir,1,negatif
"makin lama makin nggk jelas ni apk, mending pake apk lain aja ges, ap lain aja masih bisa di skip iklan nya,😒",1,negatif
kikir monyettt,1,negatif
"kikir final boss🥀 masa iya setiap dengerin 2 lagu diselipin iklan,mana 4 lagi iklannya",1,negatif
Aplikasi kikir.,2,negatif
"banyak iklan nya, kalo dengerin music suka ke ganggu pelit bgt",1,negatif
kikir bngtt monyett,1,negatif
kikir banget jier iklan sampai 4 🗿 sama semua lagi kalau iklannya dan suda hapal slogan nya lagi 🗿,1,negatif
maksa bet premium,1,negatif
"disaat premium ny habis, ngerasain iklan yg bnyk bgt durasinya hampir sama ama 1 lagu, kurang²in iklan ny klo bisa",3,netral
Klewatan mau mutar musik semau kita slalu muncul notif premiun langganan.,1,negatif
GOOD,5,positif
Aplikasi kikir woy iklan nya ya Allah banyak ny kebangetan,1,negatif
kikir banget ni apk lu bayangin 1 lagu 4 iklan anj,1,negatif
bagus lengkap,5,positif
kikir,1,negatif
"selalu suka sih, kalo punya gawai baru pasti donlownd Spotify",5,positif
baguss,5,positif
"tolong ya, jngan normalisasi nyuruh orang buat premium,mau milih lagu aja harus premium dulu, kalo lo mau smua org premium lu ksi ke orkay aj ni app",1,negatif
kikir,1,negatif
"kasi bintang 1 gess, ini gua kasi bintang 5 biar ada di urutan atas, kasi bintang 1 aja soalnya kebanyakan iklan",5,positif
apk kikir,1,negatif
"keren banget, thx spotify",5,positif
enggak bisa didonwlod saat sudah ada lagunya,3,netral
aplikasi kikir,1,negatif
terlalu banyak iklan,1,negatif
iklan lu bnyk bet ajg,1,negatif
"kikir ngtd, dikit dikit iklan njing💔💔",1,negatif
banyakin lagi iklan nya biar cepet naik haji lu klo cmn sgitu doang mah kurang,1,negatif
selalu ada iklan,3,netral
"kebelet banget naik haji? set dah dah muak gua 1 domba 2 domba elah, biar bintang yg nilai",1,negatif
2 musik 4 iklan,1,negatif
baru dua lagu langsung iklan. mana skrng iklannya bisa 3-4 mau kebelet haji lu?,1,negatif
kikir,1,negatif
kalo sambil gambar di ibispaint sering mati sendiri,3,netral
why you pro huh why you pro baby 🤌,1,negatif
kikir,1,negatif
kikir bnget iklan nya tmbah bnyak,1,negatif
terlalu kikir,1,negatif
IKLAN MULU,1,negatif
kikir,1,negatif
kikir,1,negatif
setiap saya ingin mencari lagi tapi saya tidak tau nama lagunya saya coba cari pakai lirik langsung ketemu deh terbaik memang sportify,5,positif
"sangat bgus bisa mengisi waktu luang, gabut, galau, dll.",5,positif
buat lagu dah itu aje,4,positif
"kcewa gua, knpsi skrg kl ga prem mlh dspam 4 iklan😹 jdiny ini dngrin iklan bonus lagu anjr",1,negatif
besttt banget,5,positif
"benci bgt sumpah sama apk ini kikir bgt dah pdhl baru buka beberapa lagu udh iklan mana sampe 4 lagi, trs iklannya lama bgt bgtt mana baru buka beberapa lagu udh limit dan harus premium kikir bgt.",1,negatif
"aplikasi yang sangat saya sukai sebagai pecinta musik, walau terus menerus mendengar Alan walker, jarang yang lain",5,positif
enak Spotify cocok untuk ngegame,5,positif
saya tidak bisa mendengarkan musik dari playlist saya sendiri kalau mau mendengarkan musik harus premium tolong saya tidak ingin premium jangan dipaksa,1,negatif
iklan bejibun,1,negatif
aplikasi kikir ngtod,1,negatif
iklan terlalu banyak,1,negatif
aplikasi kikir banyak iklan,1,negatif
baru mendengarkan 1 lagu saja sudah muncul 4 iklan,1,negatif
njs iklannya,1,negatif
sangat bagus,5,positif
banyak iklan di musiknya❤,1,negatif
banyak iklan,1,negatif
makin rame premium makin mahal,1,negatif
keren,4,positif
not recomended,1,negatif
"sangat buruk , banyak iklan dan ketika memilih lagu malah muncul tanda bayar dan yang di putar lagu lain , kadang musik gak sesuai mood",2,negatif
kikir abiss,1,negatif
"banyak iklan nya, kikir bujang",1,negatif
"MASTERPIECE, minusnya durasi iklan terlalu panjang",5,positif
kikir,1,negatif
gabut aja,1,negatif
dasar kikir banyakan iklan ketimbang lagu,1,negatif
"app nya bagus, iklannya sama lagu nya sama banyak 😍😍",1,negatif
cocok buat yang gak mau ribet,5,positif
